timestamp,writer,seq,session_id,elapsed_seconds,event_type,launch_address,oracle_price_usd,oracle_shock_pct,shock_path_id,launch_spot_eth,launch_spot_eth_wei,listing_spot_eth,listing_spot_eth_wei,price_after_creator_buy_eth,price_after_creator_buy_eth_wei,creator_buy_eth,creator_buy_impact_pct,route_side,route_eth,route_usdg,route_price_usd,route_pnl_usd,leverage_before,leverage_after,netted_from,netted_to,netted_usd,redeem_kind,redeem_shares,redeem_usdg_out,redeem_weth_out,redeem_peeled_pools,error_action,error_message,error_code,error_tx_hash
2026-09-02T17:16:50.392Z,ui,1,1788369410392-1kqp1f,0,SESSION_START,,,,,,,,,,,,,,,,,,,,,,,,,,,,,,,
2026-09-02T17:17:23.668Z,ui,3,1788369410392-1kqp1f,33,LAUNCH,0xbE2c683b28a76aF4b719271f7c14024d3830cD0D,,,,0.000000002156249999,2156249999,0.000000034500000000,34500000000,0.000000002285900225,2285900225,0.0690,6.0100,,,,,,,,,,,,,,,,,,,
2026-09-02T17:17:37.662Z,ui,4,1788369410392-1kqp1f,47,ERROR,,,,,,,,,,,,,,,,,,,,,,,,,,,,launch bot create,"transaction execution reverted | transaction execution reverted (action=""sendTransaction"", data=null, reason=null, invocation=null, revert=null, transaction={ ""data"": """", ""from"": ""0x616E873C8Ff0D0ed0bbc74B68161AE3988A7B109"", ""to"": ""0x94fFA1C7330845646CE9128450F8e6c3B5e44F86"" }, receipt={ ""_type"": ""TransactionReceipt"", ""blobGasPrice"": ""1"", ""blobGasUsed"": null, ""blockHash"": ""0xde3cfa819803c67f462b29",CALL_EXCEPTION,0xa801cdf44d6d7cd3f42a117cb0140c6fff27d1e10b6b2914a1a4a893e9aae63d
2026-09-02T17:17:53.662Z,ui,8,1788369410392-1kqp1f,63,ERROR,,,,,,,,,,,,,,,,,,,,,,,,,,,,launch bot create,"transaction execution reverted | transaction execution reverted (action=""sendTransaction"", data=null, reason=null, invocation=null, revert=null, transaction={ ""data"": """", ""from"": ""0x5F4daefc7bE163a4080a81F29Ad3C3f0927D9265"", ""to"": ""0x94fFA1C7330845646CE9128450F8e6c3B5e44F86"" }, receipt={ ""_type"": ""TransactionReceipt"", ""blobGasPrice"": ""1"", ""blobGasUsed"": null, ""blockHash"": ""0xd3d6c50721cb9489f142ca",CALL_EXCEPTION,0x44ab4bca8caa3ee54ec8f981fba71063b606a28b8fbd3e366fa57de60c5d5f6a
2026-09-02T17:19:42.666Z,ui,9,1788369410392-1kqp1f,172,ERROR,,,,,,,,,,,,,,,,,,,,,,,,,,,,launch bot create,"transaction execution reverted | transaction execution reverted (action=""sendTransaction"", data=null, reason=null, invocation=null, revert=null, transaction={ ""data"": """", ""from"": ""0xB463309dE21a028750943cF479C9cc000DFA8AC0"", ""to"": ""0x94fFA1C7330845646CE9128450F8e6c3B5e44F86"" }, receipt={ ""_type"": ""TransactionReceipt"", ""blobGasPrice"": ""1"", ""blobGasUsed"": null, ""blockHash"": ""0x715a43ded7584931a0e197",CALL_EXCEPTION,0xdb425c85bb78a71427821e1456713bde067deab6f5cb711d7ae3a35be83408d1
2026-09-02T17:22:58.675Z,ui,11,1788369410392-1kqp1f,368,ERROR,,,,,,,,,,,,,,,,,,,,,,,,,,,,launch bot create,"transaction execution reverted | transaction execution reverted (action=""sendTransaction"", data=null, reason=null, invocation=null, revert=null, transaction={ ""data"": """", ""from"": ""0xf965494E7eA9e235FEC634C347f82ec62A937FF2"", ""to"": ""0x94fFA1C7330845646CE9128450F8e6c3B5e44F86"" }, receipt={ ""_type"": ""TransactionReceipt"", ""blobGasPrice"": ""1"", ""blobGasUsed"": null, ""blockHash"": ""0x84fc94d666d0b53805982c",CALL_EXCEPTION,0x090e4c8009818c96bde3712d566179e9288d076a4e1b0a3a9c656d808f50ea66
2026-09-02T17:23:12.672Z,ui,12,1788369410392-1kqp1f,382,REDEEM,,,,,,,,,,,,,,,,,,,,,,,in-kind,"1,419.150280","2,995.53",0.000000,,,,,
2026-09-02T17:23:12.673Z,ui,13,1788369410392-1kqp1f,382,REDEEM,,,,,,,,,,,,,,,,,,,,,,,in-kind,569.710967,"1,202.54",0.000000,,,,,
2026-09-02T17:34:38.060Z,ui,15,1788369410392-1kqp1f,1068,REDEEM,,,,,,,,,,,,,,,,,,,,,,,in-kind,186.896155,394.50,0.000000,,,,,
2026-09-02T17:34:38.060Z,ui,14,1788369410392-1kqp1f,1068,REDEEM,,,,,,,,,,,,,,,,,,,,,,,in-kind,801.689901,"1,692.24",0.000000,,,,,
2026-09-02T17:34:38.392Z,ui,19,1788369410392-1kqp1f,1068,REDEEM,,,,,,,,,,,,,,,,,,,,,,,in-kind,"1,275.899177","2,693.25",0.000000,,,,,
2026-09-02T17:34:38.393Z,ui,20,1788369410392-1kqp1f,1068,REDEEM,,,,,,,,,,,,,,,,,,,,,,,in-kind,"2,130.523003","4,497.25",0.000000,,,,,
2026-09-02T17:34:38.860Z,ui,23,1788369410392-1kqp1f,1068,ERROR,0xbE2c683b28a76aF4b719271f7c14024d3830cD0D,,,,,,,,,,,,,,,,,,,,,,,,,,,autopilot curve trade,"transaction execution reverted | transaction execution reverted (action=""sendTransaction"", data=null, reason=null, invocation=null, revert=null, transaction={ ""data"": """", ""from"": ""0x629F623a7BC875A20a0BA0498046b4fEbc252657"", ""to"": ""0xbE2c683b28a76aF4b719271f7c14024d3830cD0D"" }, receipt={ ""_type"": ""TransactionReceipt"", ""blobGasPrice"": ""1"", ""blobGasUsed"": null, ""blockHash"": ""0x9b4d201017761322bece35",CALL_EXCEPTION,0x097568eb1bd18e6e9bdee5d4c346d3a11557785e43167d0011e1903fe1bbc32d
2026-09-02T17:34:38.861Z,ui,24,1788369410392-1kqp1f,1068,ERROR,0xbE2c683b28a76aF4b719271f7c14024d3830cD0D,,,,,,,,,,,,,,,,,,,,,,,,,,,autopilot curve trade,"transaction execution reverted | transaction execution reverted (action=""sendTransaction"", data=null, reason=null, invocation=null, revert=null, transaction={ ""data"": """", ""from"": ""0xEb1692858e26CF226DC12c0F27819806e545a8c2"", ""to"": ""0xbE2c683b28a76aF4b719271f7c14024d3830cD0D"" }, receipt={ ""_type"": ""TransactionReceipt"", ""blobGasPrice"": ""1"", ""blobGasUsed"": null, ""blockHash"": ""0x9b4d201017761322bece35",CALL_EXCEPTION,0xf3083bb713bf846eb0aff4d72ee1c81b956469f028111b0fa4a859dda5d63947
2026-09-02T17:34:38.861Z,ui,25,1788369410392-1kqp1f,1068,ERROR,0xbE2c683b28a76aF4b719271f7c14024d3830cD0D,,,,,,,,,,,,,,,,,,,,,,,,,,,autopilot curve trade,"transaction execution reverted | transaction execution reverted (action=""sendTransaction"", data=null, reason=null, invocation=null, revert=null, transaction={ ""data"": """", ""from"": ""0x17E5bAB878dB930Ff33c62117572ddC4258ade1c"", ""to"": ""0xbE2c683b28a76aF4b719271f7c14024d3830cD0D"" }, receipt={ ""_type"": ""TransactionReceipt"", ""blobGasPrice"": ""1"", ""blobGasUsed"": null, ""blockHash"": ""0x9b4d201017761322bece35",CALL_EXCEPTION,0x4107982716cf1fa18acaef34a6046bb5d6d8a672e811daa2ef241e4b83bb738a
2026-09-02T17:34:38.860Z,ui,22,1788369410392-1kqp1f,1068,ERROR,0xbE2c683b28a76aF4b719271f7c14024d3830cD0D,,,,,,,,,,,,,,,,,,,,,,,,,,,autopilot curve trade,"transaction execution reverted | transaction execution reverted (action=""sendTransaction"", data=null, reason=null, invocation=null, revert=null, transaction={ ""data"": """", ""from"": ""0x2D3e39abE154822Cbf9d89Bc65853dFfFbF3ddCD"", ""to"": ""0xbE2c683b28a76aF4b719271f7c14024d3830cD0D"" }, receipt={ ""_type"": ""TransactionReceipt"", ""blobGasPrice"": ""1"", ""blobGasUsed"": null, ""blockHash"": ""0x9b4d201017761322bece35",CALL_EXCEPTION,0x91bcf2afe90bbb8925a8b6ca7616ad2c35f0adc957ef2e8ac01b48aee036837a
2026-09-02T17:34:38.861Z,ui,26,1788369410392-1kqp1f,1068,ERROR,0xbE2c683b28a76aF4b719271f7c14024d3830cD0D,,,,,,,,,,,,,,,,,,,,,,,,,,,autopilot curve trade,"transaction execution reverted | transaction execution reverted (action=""sendTransaction"", data=null, reason=null, invocation=null, revert=null, transaction={ ""data"": """", ""from"": ""0x9AE9ed9CDc30Af8AD3f883d6AB9b8D10e077F38f"", ""to"": ""0xbE2c683b28a76aF4b719271f7c14024d3830cD0D"" }, receipt={ ""_type"": ""TransactionReceipt"", ""blobGasPrice"": ""1"", ""blobGasUsed"": null, ""blockHash"": ""0x9b4d201017761322bece35",CALL_EXCEPTION,0xc1f5ec36a721b815cf3209dffe364f9080d9e3a78544c18db6b426d7445f720d
2026-09-02T17:34:39.406Z,ui,27,1788369410392-1kqp1f,1069,ERROR,0xbE2c683b28a76aF4b719271f7c14024d3830cD0D,,,,,,,,,,,,,,,,,,,,,,,,,,,autopilot curve trade,"transaction execution reverted | transaction execution reverted (action=""sendTransaction"", data=null, reason=null, invocation=null, revert=null, transaction={ ""data"": """", ""from"": ""0x0c8bF3dA506dE12e71986FFf5Ce6a1D523D45BF2"", ""to"": ""0xbE2c683b28a76aF4b719271f7c14024d3830cD0D"" }, receipt={ ""_type"": ""TransactionReceipt"", ""blobGasPrice"": ""1"", ""blobGasUsed"": null, ""blockHash"": ""0xbf38807ea3420e6ab43530",CALL_EXCEPTION,0x684c208a275ea0c4f36d403f019a88bd96908da8b681aaa6f22d37530842c503
2026-09-02T17:34:39.623Z,ui,28,1788369410392-1kqp1f,1069,REDEEM,,,,,,,,,,,,,,,,,,,,,,,in-kind,"2,781.070880","5,870.60",0.000000,,,,,
2026-09-02T17:34:39.648Z,ui,29,1788369410392-1kqp1f,1069,REDEEM,,,,,,,,,,,,,,,,,,,,,,,in-kind,551.144240,"1,163.44",0.000000,,,,,
2026-09-02T17:34:39.837Z,ui,30,1788369410392-1kqp1f,1069,LAUNCH,0xde7aE84b805FC3e98361d3BFF2b1acDFa2Cd53fB,,,,0.000000002156249999,2156249999,0.000000034500000000,34500000000,0.000000011581231553,11581231553,0.0690,437.1000,,,,,,,,,,,,,,,,,,,
2026-09-02T17:34:39.851Z,ui,31,1788369410392-1kqp1f,1069,ERROR,0xbE2c683b28a76aF4b719271f7c14024d3830cD0D,,,,,,,,,,,,,,,,,,,,,,,,,,,autopilot curve trade,"transaction execution reverted | transaction execution reverted (action=""sendTransaction"", data=null, reason=null, invocation=null, revert=null, transaction={ ""data"": """", ""from"": ""0x1eA1653BfE0065E2814eddd39890C0a08B60808F"", ""to"": ""0xbE2c683b28a76aF4b719271f7c14024d3830cD0D"" }, receipt={ ""_type"": ""TransactionReceipt"", ""blobGasPrice"": ""1"", ""blobGasUsed"": null, ""blockHash"": ""0xadfe0fe25de3f8e60f1d9f",CALL_EXCEPTION,0x1e511b5ae1c28a239ff89bd9a5b1478879b09b1a79c0f6e337a1ee6c19306bce
2026-09-02T17:34:39.851Z,ui,32,1788369410392-1kqp1f,1069,ERROR,0xbE2c683b28a76aF4b719271f7c14024d3830cD0D,,,,,,,,,,,,,,,,,,,,,,,,,,,autopilot curve trade,"transaction execution reverted | transaction execution reverted (action=""sendTransaction"", data=null, reason=null, invocation=null, revert=null, transaction={ ""data"": """", ""from"": ""0x53E2E1a14f29382d23cE2DC278519D5799851de7"", ""to"": ""0xbE2c683b28a76aF4b719271f7c14024d3830cD0D"" }, receipt={ ""_type"": ""TransactionReceipt"", ""blobGasPrice"": ""1"", ""blobGasUsed"": null, ""blockHash"": ""0x5a6b4a4a0e679d8cf2a895",CALL_EXCEPTION,0x1509bcde015f0bf1bfae2d764f7070d3db788548c54c799fb63a46ec5431445f
2026-09-02T17:34:39.851Z,ui,33,1788369410392-1kqp1f,1069,ERROR,0xbE2c683b28a76aF4b719271f7c14024d3830cD0D,,,,,,,,,,,,,,,,,,,,,,,,,,,autopilot curve trade,"transaction execution reverted | transaction execution reverted (action=""sendTransaction"", data=null, reason=null, invocation=null, revert=null, transaction={ ""data"": """", ""from"": ""0x375ED9F1f5A0B34e64ff9468b699131E6bc8e774"", ""to"": ""0xbE2c683b28a76aF4b719271f7c14024d3830cD0D"" }, receipt={ ""_type"": ""TransactionReceipt"", ""blobGasPrice"": ""1"", ""blobGasUsed"": null, ""blockHash"": ""0x5a6b4a4a0e679d8cf2a895",CALL_EXCEPTION,0x489662e3b9fcd51dcddfcb770f54fce631e7bdeaa9b13d97b12454eaf626b91f
2026-09-02T17:34:39.851Z,ui,34,1788369410392-1kqp1f,1069,ERROR,0xbE2c683b28a76aF4b719271f7c14024d3830cD0D,,,,,,,,,,,,,,,,,,,,,,,,,,,autopilot curve trade,"transaction execution reverted | transaction execution reverted (action=""sendTransaction"", data=null, reason=null, invocation=null, revert=null, transaction={ ""data"": """", ""from"": ""0x8Be9646f30a81FEA4CBe65aEa7334031D64A5760"", ""to"": ""0xbE2c683b28a76aF4b719271f7c14024d3830cD0D"" }, receipt={ ""_type"": ""TransactionReceipt"", ""blobGasPrice"": ""1"", ""blobGasUsed"": null, ""blockHash"": ""0x5a6b4a4a0e679d8cf2a895",CALL_EXCEPTION,0xc93f6c2918841e8340655de5a7a8fc9f284283700c55780f66b7e10a125167f3
2026-09-02T17:34:39.851Z,ui,35,1788369410392-1kqp1f,1069,ERROR,0xbE2c683b28a76aF4b719271f7c14024d3830cD0D,,,,,,,,,,,,,,,,,,,,,,,,,,,autopilot curve trade,"transaction execution reverted | transaction execution reverted (action=""sendTransaction"", data=null, reason=null, invocation=null, revert=null, transaction={ ""data"": """", ""from"": ""0x519BC92423A5dE667744D463AaAf6a7fd3d8FC0d"", ""to"": ""0xbE2c683b28a76aF4b719271f7c14024d3830cD0D"" }, receipt={ ""_type"": ""TransactionReceipt"", ""blobGasPrice"": ""1"", ""blobGasUsed"": null, ""blockHash"": ""0x5a6b4a4a0e679d8cf2a895",CALL_EXCEPTION,0x13e95d166c5a3b563a7c800bd116e0892c90c9e37dde3fb91d0e34e63a565ed6
2026-09-02T17:34:39.889Z,ui,37,1788369410392-1kqp1f,1069,ERROR,0xbE2c683b28a76aF4b719271f7c14024d3830cD0D,,,,,,,,,,,,,,,,,,,,,,,,,,,autopilot curve trade,"transaction execution reverted | transaction execution reverted (action=""sendTransaction"", data=null, reason=null, invocation=null, revert=null, transaction={ ""data"": """", ""from"": ""0x2D3e39abE154822Cbf9d89Bc65853dFfFbF3ddCD"", ""to"": ""0xbE2c683b28a76aF4b719271f7c14024d3830cD0D"" }, receipt={ ""_type"": ""TransactionReceipt"", ""blobGasPrice"": ""1"", ""blobGasUsed"": null, ""blockHash"": ""0xf51d14a6f81f994cf51545",CALL_EXCEPTION,0xe610b0545e9042ec71730b586940f9f7a4a31a56bb6f8138f3bc5c19cad6b780
2026-09-02T17:34:39.851Z,ui,36,1788369410392-1kqp1f,1069,ERROR,0xbE2c683b28a76aF4b719271f7c14024d3830cD0D,,,,,,,,,,,,,,,,,,,,,,,,,,,autopilot curve trade,"transaction execution reverted | transaction execution reverted (action=""sendTransaction"", data=null, reason=null, invocation=null, revert=null, transaction={ ""data"": """", ""from"": ""0x6556d7697cb7803BfD4333b6a31689F6f63448eE"", ""to"": ""0xbE2c683b28a76aF4b719271f7c14024d3830cD0D"" }, receipt={ ""_type"": ""TransactionReceipt"", ""blobGasPrice"": ""1"", ""blobGasUsed"": null, ""blockHash"": ""0x5a6b4a4a0e679d8cf2a895",CALL_EXCEPTION,0x7e5c31eff541ae61a3150b8b41ebc9fa71ae1f81af2b3f2cea6b29fb89730bb8
2026-09-02T17:34:39.926Z,ui,38,1788369410392-1kqp1f,1070,ERROR,0xbE2c683b28a76aF4b719271f7c14024d3830cD0D,,,,,,,,,,,,,,,,,,,,,,,,,,,autopilot curve trade,"transaction execution reverted | transaction execution reverted (action=""sendTransaction"", data=null, reason=null, invocation=null, revert=null, transaction={ ""data"": """", ""from"": ""0x383ee9F73D313Dfc66806a949B361F287E009A2A"", ""to"": ""0xbE2c683b28a76aF4b719271f7c14024d3830cD0D"" }, receipt={ ""_type"": ""TransactionReceipt"", ""blobGasPrice"": ""1"", ""blobGasUsed"": null, ""blockHash"": ""0x43c93c691331439916559d",CALL_EXCEPTION,0xe197f4ddb12d437a3237d54ae916d6f7c72b662faf85daa967623efd5215d423
2026-09-02T17:35:05.735Z,ui,39,1788369410392-1kqp1f,1095,ERROR,0xde7aE84b805FC3e98361d3BFF2b1acDFa2Cd53fB,,,,,,,,,,,,,,,,,,,,,,,,,,,autopilot curve trade,"transaction execution reverted | transaction execution reverted (action=""sendTransaction"", data=null, reason=null, invocation=null, revert=null, transaction={ ""data"": """", ""from"": ""0x629F623a7BC875A20a0BA0498046b4fEbc252657"", ""to"": ""0xde7aE84b805FC3e98361d3BFF2b1acDFa2Cd53fB"" }, receipt={ ""_type"": ""TransactionReceipt"", ""blobGasPrice"": ""1"", ""blobGasUsed"": null, ""blockHash"": ""0x67ec0d12adc9ea3358b3ae",CALL_EXCEPTION,0x8f04159aa9fddb5c3bc9d0798b2051454606da1ed37eb236f3664935617cc2e9
2026-09-02T17:35:33.867Z,ui,40,1788369410392-1kqp1f,1123,ERROR,0xbE2c683b28a76aF4b719271f7c14024d3830cD0D,,,,,,,,,,,,,,,,,,,,,,,,,,,autopilot curve trade,"transaction execution reverted | transaction execution reverted (action=""sendTransaction"", data=null, reason=null, invocation=null, revert=null, transaction={ ""data"": """", ""from"": ""0xd96b4E6f8D573b81287eBD7b3c7e8FD70EDe2106"", ""to"": ""0xbE2c683b28a76aF4b719271f7c14024d3830cD0D"" }, receipt={ ""_type"": ""TransactionReceipt"", ""blobGasPrice"": ""1"", ""blobGasUsed"": null, ""blockHash"": ""0x8768a1c72ab51bc1ea334b",CALL_EXCEPTION,0x66664556cb16749b7849a30129802860858425ef62e3b55d0b23c63bc3ecbb4b
2026-09-02T17:35:33.870Z,ui,41,1788369410392-1kqp1f,1123,ERROR,0xbE2c683b28a76aF4b719271f7c14024d3830cD0D,,,,,,,,,,,,,,,,,,,,,,,,,,,autopilot curve trade,"transaction execution reverted | transaction execution reverted (action=""sendTransaction"", data=null, reason=null, invocation=null, revert=null, transaction={ ""data"": """", ""from"": ""0x8AB7672CA878DA0Aa49F45a92dE67b6f10286115"", ""to"": ""0xbE2c683b28a76aF4b719271f7c14024d3830cD0D"" }, receipt={ ""_type"": ""TransactionReceipt"", ""blobGasPrice"": ""1"", ""blobGasUsed"": null, ""blockHash"": ""0x8768a1c72ab51bc1ea334b",CALL_EXCEPTION,0x2adfa19abf3417a3d2b5fd098f9f3398ec02a493dcd577b91aaf320cd8c4931f
2026-09-02T17:35:33.870Z,ui,42,1788369410392-1kqp1f,1123,ERROR,0xbE2c683b28a76aF4b719271f7c14024d3830cD0D,,,,,,,,,,,,,,,,,,,,,,,,,,,autopilot curve trade,"transaction execution reverted | transaction execution reverted (action=""sendTransaction"", data=null, reason=null, invocation=null, revert=null, transaction={ ""data"": """", ""from"": ""0x107e6aEfad22f9a368D4fbACE819D2ed53ee3971"", ""to"": ""0xbE2c683b28a76aF4b719271f7c14024d3830cD0D"" }, receipt={ ""_type"": ""TransactionReceipt"", ""blobGasPrice"": ""1"", ""blobGasUsed"": null, ""blockHash"": ""0x8768a1c72ab51bc1ea334b",CALL_EXCEPTION,0x7b7f60b625c396c39b22ddb52cfc405165c009051afad87c608d9e4f3f5909ca
2026-09-02T17:35:33.870Z,ui,43,1788369410392-1kqp1f,1123,ERROR,0xbE2c683b28a76aF4b719271f7c14024d3830cD0D,,,,,,,,,,,,,,,,,,,,,,,,,,,autopilot curve trade,"transaction execution reverted | transaction execution reverted (action=""sendTransaction"", data=null, reason=null, invocation=null, revert=null, transaction={ ""data"": """", ""from"": ""0x1d74de1cdB20C81A7793c5Cd57385Ba2Db9deCDD"", ""to"": ""0xbE2c683b28a76aF4b719271f7c14024d3830cD0D"" }, receipt={ ""_type"": ""TransactionReceipt"", ""blobGasPrice"": ""1"", ""blobGasUsed"": null, ""blockHash"": ""0x8768a1c72ab51bc1ea334b",CALL_EXCEPTION,0x31e2e80afd8beab63ef46971ead0203023a60ee52cf49835c0f463c9694831f7
2026-09-02T17:35:33.870Z,ui,44,1788369410392-1kqp1f,1123,ERROR,0xbE2c683b28a76aF4b719271f7c14024d3830cD0D,,,,,,,,,,,,,,,,,,,,,,,,,,,autopilot curve trade,"transaction execution reverted | transaction execution reverted (action=""sendTransaction"", data=null, reason=null, invocation=null, revert=null, transaction={ ""data"": """", ""from"": ""0x90Ff0593958CdD27DC71deDEa54E6362517c5BED"", ""to"": ""0xbE2c683b28a76aF4b719271f7c14024d3830cD0D"" }, receipt={ ""_type"": ""TransactionReceipt"", ""blobGasPrice"": ""1"", ""blobGasUsed"": null, ""blockHash"": ""0x8768a1c72ab51bc1ea334b",CALL_EXCEPTION,0x73e0288b414915bb9a4bbe363b59b19b8a9fdde4592e1bf7b6bd66aa7a7ea0b7
2026-09-02T17:35:33.870Z,ui,45,1788369410392-1kqp1f,1123,ERROR,0xbE2c683b28a76aF4b719271f7c14024d3830cD0D,,,,,,,,,,,,,,,,,,,,,,,,,,,autopilot curve trade,"transaction execution reverted | transaction execution reverted (action=""sendTransaction"", data=null, reason=null, invocation=null, revert=null, transaction={ ""data"": """", ""from"": ""0x3D77D2411E6F5070279447F817d8e243e5081081"", ""to"": ""0xbE2c683b28a76aF4b719271f7c14024d3830cD0D"" }, receipt={ ""_type"": ""TransactionReceipt"", ""blobGasPrice"": ""1"", ""blobGasUsed"": null, ""blockHash"": ""0x8768a1c72ab51bc1ea334b",CALL_EXCEPTION,0x17351753efba0aa660467145c60e249a763292c1e02f78e0884bc88db5a39ca7
2026-09-02T17:35:33.870Z,ui,46,1788369410392-1kqp1f,1123,ERROR,0xbE2c683b28a76aF4b719271f7c14024d3830cD0D,,,,,,,,,,,,,,,,,,,,,,,,,,,autopilot curve trade,"transaction execution reverted | transaction execution reverted (action=""sendTransaction"", data=null, reason=null, invocation=null, revert=null, transaction={ ""data"": """", ""from"": ""0x99eb06103d61aeE9389A0f203e1b6594461400A3"", ""to"": ""0xbE2c683b28a76aF4b719271f7c14024d3830cD0D"" }, receipt={ ""_type"": ""TransactionReceipt"", ""blobGasPrice"": ""1"", ""blobGasUsed"": null, ""blockHash"": ""0x8768a1c72ab51bc1ea334b",CALL_EXCEPTION,0xb95d5ec643c6b532afe88f9cc145a72ea6b15915dda51ec0a70522665952cdb9
2026-09-02T17:35:33.871Z,ui,47,1788369410392-1kqp1f,1123,ERROR,0xbE2c683b28a76aF4b719271f7c14024d3830cD0D,,,,,,,,,,,,,,,,,,,,,,,,,,,autopilot curve trade,"transaction execution reverted | transaction execution reverted (action=""sendTransaction"", data=null, reason=null, invocation=null, revert=null, transaction={ ""data"": """", ""from"": ""0x0F803D42D2D50b1324A72422FA51ca7a7052923e"", ""to"": ""0xbE2c683b28a76aF4b719271f7c14024d3830cD0D"" }, receipt={ ""_type"": ""TransactionReceipt"", ""blobGasPrice"": ""1"", ""blobGasUsed"": null, ""blockHash"": ""0x8768a1c72ab51bc1ea334b",CALL_EXCEPTION,0x37d0487af77e128bb83540c15670d0311210040d96baccee8f3beeb2f2aa150c
2026-09-02T17:35:33.871Z,ui,48,1788369410392-1kqp1f,1123,ERROR,0xbE2c683b28a76aF4b719271f7c14024d3830cD0D,,,,,,,,,,,,,,,,,,,,,,,,,,,autopilot curve trade,"transaction execution reverted | transaction execution reverted (action=""sendTransaction"", data=null, reason=null, invocation=null, revert=null, transaction={ ""data"": """", ""from"": ""0x93bf75d3370E94628790d0E50A2e77832507A475"", ""to"": ""0xbE2c683b28a76aF4b719271f7c14024d3830cD0D"" }, receipt={ ""_type"": ""TransactionReceipt"", ""blobGasPrice"": ""1"", ""blobGasUsed"": null, ""blockHash"": ""0x8768a1c72ab51bc1ea334b",CALL_EXCEPTION,0x14fe77b7f2856177f81c4783f566dc57d96ca659a81817baa3ec185a60a7c31e
2026-09-02T17:35:33.871Z,ui,49,1788369410392-1kqp1f,1123,ERROR,0xbE2c683b28a76aF4b719271f7c14024d3830cD0D,,,,,,,,,,,,,,,,,,,,,,,,,,,autopilot curve trade,"transaction execution reverted | transaction execution reverted (action=""sendTransaction"", data=null, reason=null, invocation=null, revert=null, transaction={ ""data"": """", ""from"": ""0x15068bF59FD3B8E4611f9456181b1bddEEC1Da61"", ""to"": ""0xbE2c683b28a76aF4b719271f7c14024d3830cD0D"" }, receipt={ ""_type"": ""TransactionReceipt"", ""blobGasPrice"": ""1"", ""blobGasUsed"": null, ""blockHash"": ""0x8768a1c72ab51bc1ea334b",CALL_EXCEPTION,0x2b1414b4b06d871981b40748e244e29a72450c12b0467ba36c3456df13c8faa4
2026-09-02T17:35:33.871Z,ui,50,1788369410392-1kqp1f,1123,ERROR,0xbE2c683b28a76aF4b719271f7c14024d3830cD0D,,,,,,,,,,,,,,,,,,,,,,,,,,,autopilot curve trade,"transaction execution reverted | transaction execution reverted (action=""sendTransaction"", data=null, reason=null, invocation=null, revert=null, transaction={ ""data"": """", ""from"": ""0xd0090dC2105299Aa1B1E8CFC0aa7F0d19553A555"", ""to"": ""0xbE2c683b28a76aF4b719271f7c14024d3830cD0D"" }, receipt={ ""_type"": ""TransactionReceipt"", ""blobGasPrice"": ""1"", ""blobGasUsed"": null, ""blockHash"": ""0x8768a1c72ab51bc1ea334b",CALL_EXCEPTION,0x0cca6656a4eb9e3883801f6d157a0e03720f909580980288c07db32b563acd44
2026-09-02T17:35:33.871Z,ui,51,1788369410392-1kqp1f,1123,ERROR,0xbE2c683b28a76aF4b719271f7c14024d3830cD0D,,,,,,,,,,,,,,,,,,,,,,,,,,,autopilot curve trade,"transaction execution reverted | transaction execution reverted (action=""sendTransaction"", data=null, reason=null, invocation=null, revert=null, transaction={ ""data"": """", ""from"": ""0xA659e65bc7de16F8A1B9cE48dc3B0eE499870899"", ""to"": ""0xbE2c683b28a76aF4b719271f7c14024d3830cD0D"" }, receipt={ ""_type"": ""TransactionReceipt"", ""blobGasPrice"": ""1"", ""blobGasUsed"": null, ""blockHash"": ""0x8768a1c72ab51bc1ea334b",CALL_EXCEPTION,0x706b4b78b319882ee350c20cd6fcf6bb1c33cbb04197476c286bf4971435c7a3
2026-09-02T17:35:33.871Z,ui,52,1788369410392-1kqp1f,1123,ERROR,0xbE2c683b28a76aF4b719271f7c14024d3830cD0D,,,,,,,,,,,,,,,,,,,,,,,,,,,autopilot curve trade,"transaction execution reverted | transaction execution reverted (action=""sendTransaction"", data=null, reason=null, invocation=null, revert=null, transaction={ ""data"": """", ""from"": ""0xc3513087EAa0215B8063E2887C463Bb4F2F97CBC"", ""to"": ""0xbE2c683b28a76aF4b719271f7c14024d3830cD0D"" }, receipt={ ""_type"": ""TransactionReceipt"", ""blobGasPrice"": ""1"", ""blobGasUsed"": null, ""blockHash"": ""0x8768a1c72ab51bc1ea334b",CALL_EXCEPTION,0x1890e2d3c08a6c099a892c74ac3ddda12f862150a1e6df6ec5471985f0f4b8f9
2026-09-02T17:35:33.871Z,ui,53,1788369410392-1kqp1f,1123,ERROR,0xbE2c683b28a76aF4b719271f7c14024d3830cD0D,,,,,,,,,,,,,,,,,,,,,,,,,,,autopilot curve trade,"transaction execution reverted | transaction execution reverted (action=""sendTransaction"", data=null, reason=null, invocation=null, revert=null, transaction={ ""data"": """", ""from"": ""0xa809fa0821c8715a2115a85F267072395777aa19"", ""to"": ""0xbE2c683b28a76aF4b719271f7c14024d3830cD0D"" }, receipt={ ""_type"": ""TransactionReceipt"", ""blobGasPrice"": ""1"", ""blobGasUsed"": null, ""blockHash"": ""0x8768a1c72ab51bc1ea334b",CALL_EXCEPTION,0x6a2f02fd4fa355980ec3c7b0fc907d57a36c4301d160d37950f90af1fc136c36
2026-09-02T17:35:33.871Z,ui,54,1788369410392-1kqp1f,1123,ERROR,0xbE2c683b28a76aF4b719271f7c14024d3830cD0D,,,,,,,,,,,,,,,,,,,,,,,,,,,autopilot curve trade,"transaction execution reverted | transaction execution reverted (action=""sendTransaction"", data=null, reason=null, invocation=null, revert=null, transaction={ ""data"": """", ""from"": ""0x6FC52AAbA9E1515B7dcA3a76086cF7e1A3CC82bC"", ""to"": ""0xbE2c683b28a76aF4b719271f7c14024d3830cD0D"" }, receipt={ ""_type"": ""TransactionReceipt"", ""blobGasPrice"": ""1"", ""blobGasUsed"": null, ""blockHash"": ""0x8768a1c72ab51bc1ea334b",CALL_EXCEPTION,0x07cee18bb8f35a90c8c9008deeefb5f0ce20a186d3ceffd3775f4467a1e73f91
2026-09-02T17:35:33.871Z,ui,55,1788369410392-1kqp1f,1123,ERROR,0xbE2c683b28a76aF4b719271f7c14024d3830cD0D,,,,,,,,,,,,,,,,,,,,,,,,,,,autopilot curve trade,"transaction execution reverted | transaction execution reverted (action=""sendTransaction"", data=null, reason=null, invocation=null, revert=null, transaction={ ""data"": """", ""from"": ""0x6aa486BE0b15b3446862ee749ffE56cb469b395d"", ""to"": ""0xbE2c683b28a76aF4b719271f7c14024d3830cD0D"" }, receipt={ ""_type"": ""TransactionReceipt"", ""blobGasPrice"": ""1"", ""blobGasUsed"": null, ""blockHash"": ""0x8768a1c72ab51bc1ea334b",CALL_EXCEPTION,0x5129efb8b1f0ec5c08197704539f6f8533c73ee9ba3b232fd699617058138d6f
2026-09-02T17:35:33.871Z,ui,56,1788369410392-1kqp1f,1123,ERROR,0xbE2c683b28a76aF4b719271f7c14024d3830cD0D,,,,,,,,,,,,,,,,,,,,,,,,,,,autopilot curve trade,"transaction execution reverted | transaction execution reverted (action=""sendTransaction"", data=null, reason=null, invocation=null, revert=null, transaction={ ""data"": """", ""from"": ""0xB4e33cB68B776b6B780FDc53cfEf767d2e3E221A"", ""to"": ""0xbE2c683b28a76aF4b719271f7c14024d3830cD0D"" }, receipt={ ""_type"": ""TransactionReceipt"", ""blobGasPrice"": ""1"", ""blobGasUsed"": null, ""blockHash"": ""0x8768a1c72ab51bc1ea334b",CALL_EXCEPTION,0x6451badd80f1e39c3215ae2d4f921c732d34b28edf920793f97d0bde1de70bf4
2026-09-02T17:35:33.871Z,ui,57,1788369410392-1kqp1f,1123,ERROR,0xbE2c683b28a76aF4b719271f7c14024d3830cD0D,,,,,,,,,,,,,,,,,,,,,,,,,,,autopilot curve trade,"transaction execution reverted | transaction execution reverted (action=""sendTransaction"", data=null, reason=null, invocation=null, revert=null, transaction={ ""data"": """", ""from"": ""0x87b745d43E9ce59f312B10DCb692BB792E4A045F"", ""to"": ""0xbE2c683b28a76aF4b719271f7c14024d3830cD0D"" }, receipt={ ""_type"": ""TransactionReceipt"", ""blobGasPrice"": ""1"", ""blobGasUsed"": null, ""blockHash"": ""0x8768a1c72ab51bc1ea334b",CALL_EXCEPTION,0x701ed4efca68de446b2487a29cb60d66986f6b4912cf8681622461710862fd58
2026-09-02T17:35:33.871Z,ui,58,1788369410392-1kqp1f,1123,ERROR,0xbE2c683b28a76aF4b719271f7c14024d3830cD0D,,,,,,,,,,,,,,,,,,,,,,,,,,,autopilot curve trade,"transaction execution reverted | transaction execution reverted (action=""sendTransaction"", data=null, reason=null, invocation=null, revert=null, transaction={ ""data"": """", ""from"": ""0xF2b14c775E2747cE4fbB46e9063EEf3022a14bC4"", ""to"": ""0xbE2c683b28a76aF4b719271f7c14024d3830cD0D"" }, receipt={ ""_type"": ""TransactionReceipt"", ""blobGasPrice"": ""1"", ""blobGasUsed"": null, ""blockHash"": ""0x8768a1c72ab51bc1ea334b",CALL_EXCEPTION,0x20223e9cc6b2052a2967e18d9040e250ff18a5bad38e82435e39451a5b9f0ede
2026-09-02T17:35:33.871Z,ui,59,1788369410392-1kqp1f,1123,ERROR,0xbE2c683b28a76aF4b719271f7c14024d3830cD0D,,,,,,,,,,,,,,,,,,,,,,,,,,,autopilot curve trade,"transaction execution reverted | transaction execution reverted (action=""sendTransaction"", data=null, reason=null, invocation=null, revert=null, transaction={ ""data"": """", ""from"": ""0x01c17631F1898559AC4eba312c5936BaE540F75d"", ""to"": ""0xbE2c683b28a76aF4b719271f7c14024d3830cD0D"" }, receipt={ ""_type"": ""TransactionReceipt"", ""blobGasPrice"": ""1"", ""blobGasUsed"": null, ""blockHash"": ""0x8768a1c72ab51bc1ea334b",CALL_EXCEPTION,0x0acd763e311946e12deb02dfc35b875f5c4e809f557289cb48cf9152ad6a38cb
2026-09-02T17:35:34.734Z,ui,61,1788369410392-1kqp1f,1124,ERROR,0xbE2c683b28a76aF4b719271f7c14024d3830cD0D,,,,,,,,,,,,,,,,,,,,,,,,,,,autopilot curve trade,"transaction execution reverted | transaction execution reverted (action=""sendTransaction"", data=null, reason=null, invocation=null, revert=null, transaction={ ""data"": """", ""from"": ""0xb8268f44cEB086c4c91cf47e18518640d5b01560"", ""to"": ""0xbE2c683b28a76aF4b719271f7c14024d3830cD0D"" }, receipt={ ""_type"": ""TransactionReceipt"", ""blobGasPrice"": ""1"", ""blobGasUsed"": null, ""blockHash"": ""0x969c73c386558ebd0294fc",CALL_EXCEPTION,0xda73bc1ab542039fea9410d5dbdc45535612ab005d44ac60add4a899fe14dc7b
2026-09-02T17:35:34.733Z,ui,60,1788369410392-1kqp1f,1124,ERROR,0xbE2c683b28a76aF4b719271f7c14024d3830cD0D,,,,,,,,,,,,,,,,,,,,,,,,,,,autopilot curve trade,"transaction execution reverted | transaction execution reverted (action=""sendTransaction"", data=null, reason=null, invocation=null, revert=null, transaction={ ""data"": """", ""from"": ""0x5069C672dc38475Cc26F53ABC5F4086DBB0F7a03"", ""to"": ""0xbE2c683b28a76aF4b719271f7c14024d3830cD0D"" }, receipt={ ""_type"": ""TransactionReceipt"", ""blobGasPrice"": ""1"", ""blobGasUsed"": null, ""blockHash"": ""0x969c73c386558ebd0294fc",CALL_EXCEPTION,0x789d7643048088c86e062498b744369bf2ee85c16e3c116e075c3eba96f3c1aa
2026-09-02T17:35:34.734Z,ui,62,1788369410392-1kqp1f,1124,ERROR,0xbE2c683b28a76aF4b719271f7c14024d3830cD0D,,,,,,,,,,,,,,,,,,,,,,,,,,,autopilot curve trade,"transaction execution reverted | transaction execution reverted (action=""sendTransaction"", data=null, reason=null, invocation=null, revert=null, transaction={ ""data"": """", ""from"": ""0x6D9E0170EC0f758Ea0c2fe2Fa1705aaA1882DB94"", ""to"": ""0xbE2c683b28a76aF4b719271f7c14024d3830cD0D"" }, receipt={ ""_type"": ""TransactionReceipt"", ""blobGasPrice"": ""1"", ""blobGasUsed"": null, ""blockHash"": ""0x969c73c386558ebd0294fc",CALL_EXCEPTION,0x05117a2de0d06250a7e4354c5824b7e5e2b5544ed6b835a7c7fb77e045dbb5a7
2026-09-02T17:35:34.734Z,ui,63,1788369410392-1kqp1f,1124,ERROR,0xde7aE84b805FC3e98361d3BFF2b1acDFa2Cd53fB,,,,,,,,,,,,,,,,,,,,,,,,,,,autopilot curve trade,"transaction execution reverted | transaction execution reverted (action=""sendTransaction"", data=null, reason=null, invocation=null, revert=null, transaction={ ""data"": """", ""from"": ""0xEB78391530a39D5BbDF73Dd1415A8e2c6971822D"", ""to"": ""0xde7aE84b805FC3e98361d3BFF2b1acDFa2Cd53fB"" }, receipt={ ""_type"": ""TransactionReceipt"", ""blobGasPrice"": ""1"", ""blobGasUsed"": null, ""blockHash"": ""0x969c73c386558ebd0294fc",CALL_EXCEPTION,0xadc838aff0f3ad9eb4319cfe93c857f86043c7bb7d7e677e93c125722f5fded7
2026-09-02T17:35:37.735Z,ui,64,1788369410392-1kqp1f,1127,REDEEM,,,,,,,,,,,,,,,,,,,,,,,in-kind,"3,792.697169","8,031.31",0.000000,,,,,
2026-09-02T17:35:38.736Z,ui,65,1788369410392-1kqp1f,1128,REDEEM,,,,,,,,,,,,,,,,,,,,,,,in-kind,240.731841,509.76,0.000000,,,,,
2026-09-02T17:35:38.736Z,ui,66,1788369410392-1kqp1f,1128,REDEEM,,,,,,,,,,,,,,,,,,,,,,,in-kind,"1,665.228532","3,526.24",0.000000,,,,,
2026-09-02T17:35:39.744Z,ui,68,1788369410392-1kqp1f,1129,ERROR,0xbE2c683b28a76aF4b719271f7c14024d3830cD0D,,,,,,,,,,,,,,,,,,,,,,,,,,,autopilot curve trade,"transaction execution reverted | transaction execution reverted (action=""sendTransaction"", data=null, reason=null, invocation=null, revert=null, transaction={ ""data"": """", ""from"": ""0xa11f9803B99D976ECE1dF91bDEc1aDc3a2D8f4D1"", ""to"": ""0xbE2c683b28a76aF4b719271f7c14024d3830cD0D"" }, receipt={ ""_type"": ""TransactionReceipt"", ""blobGasPrice"": ""1"", ""blobGasUsed"": null, ""blockHash"": ""0xeeb91fe2f28399b821fa4d",CALL_EXCEPTION,0x7b240bf75721e0a5e88eb100cacf770954692dec7935b015f3be3cd4aebfe961
2026-09-02T17:35:39.745Z,ui,70,1788369410392-1kqp1f,1129,ERROR,0xbE2c683b28a76aF4b719271f7c14024d3830cD0D,,,,,,,,,,,,,,,,,,,,,,,,,,,autopilot curve trade,"transaction execution reverted | transaction execution reverted (action=""sendTransaction"", data=null, reason=null, invocation=null, revert=null, transaction={ ""data"": """", ""from"": ""0x17E5bAB878dB930Ff33c62117572ddC4258ade1c"", ""to"": ""0xbE2c683b28a76aF4b719271f7c14024d3830cD0D"" }, receipt={ ""_type"": ""TransactionReceipt"", ""blobGasPrice"": ""1"", ""blobGasUsed"": null, ""blockHash"": ""0x4d4bd2ec9dc73623fcd8bd",CALL_EXCEPTION,0x1a27099eef0f5df5e4888d38a8aeca5fcc73548f9a4a76fe2e5c4bac09029f7c
2026-09-02T17:35:39.744Z,ui,69,1788369410392-1kqp1f,1129,ERROR,0xbE2c683b28a76aF4b719271f7c14024d3830cD0D,,,,,,,,,,,,,,,,,,,,,,,,,,,autopilot curve trade,"transaction execution reverted | transaction execution reverted (action=""sendTransaction"", data=null, reason=null, invocation=null, revert=null, transaction={ ""data"": """", ""from"": ""0x4ef1Aa352FDEEB148eF5b87466651b0f0c3a7D9E"", ""to"": ""0xbE2c683b28a76aF4b719271f7c14024d3830cD0D"" }, receipt={ ""_type"": ""TransactionReceipt"", ""blobGasPrice"": ""1"", ""blobGasUsed"": null, ""blockHash"": ""0xeeb91fe2f28399b821fa4d",CALL_EXCEPTION,0x7094879f0c642d053f5d5e4d42f28bd707f4fe03eeaaa0d6d90227bda105f909
2026-09-02T17:35:40.994Z,ui,71,1788369410392-1kqp1f,1131,REDEEM,,,,,,,,,,,,,,,,,,,,,,,in-kind,877.780013,"1,858.76",0.000000,,,,,
2026-09-02T17:35:40.994Z,ui,72,1788369410392-1kqp1f,1131,REDEEM,,,,,,,,,,,,,,,,,,,,,,,in-kind,185.044021,391.84,0.000000,,,,,
2026-09-02T17:38:18.046Z,ui,73,1788369410392-1kqp1f,1288,ERROR,0xbE2c683b28a76aF4b719271f7c14024d3830cD0D,,,,,,,,,,,,,,,,,,,,,,,,,,,autopilot curve trade,"transaction execution reverted | transaction execution reverted (action=""sendTransaction"", data=null, reason=null, invocation=null, revert=null, transaction={ ""data"": """", ""from"": ""0x8de0a75fC192BBEdc3BE3d0AdFd0BDFD068007aD"", ""to"": ""0xbE2c683b28a76aF4b719271f7c14024d3830cD0D"" }, receipt={ ""_type"": ""TransactionReceipt"", ""blobGasPrice"": ""1"", ""blobGasUsed"": null, ""blockHash"": ""0x837c8c0a00ac0941d3cbbb",CALL_EXCEPTION,0xcfb735819a478791bb6114443634e409b7487601c1bcb2899d15eb06b1a6b95f
2026-09-02T17:38:18.047Z,ui,74,1788369410392-1kqp1f,1288,ERROR,0xbE2c683b28a76aF4b719271f7c14024d3830cD0D,,,,,,,,,,,,,,,,,,,,,,,,,,,autopilot curve trade,"transaction execution reverted | transaction execution reverted (action=""sendTransaction"", data=null, reason=null, invocation=null, revert=null, transaction={ ""data"": """", ""from"": ""0x73d5f95A901fA57327a02D2d5e11Ae18B6a9498b"", ""to"": ""0xbE2c683b28a76aF4b719271f7c14024d3830cD0D"" }, receipt={ ""_type"": ""TransactionReceipt"", ""blobGasPrice"": ""1"", ""blobGasUsed"": null, ""blockHash"": ""0x837c8c0a00ac0941d3cbbb",CALL_EXCEPTION,0xa91c48b60980d26165a4cf8c9a5abfb8c26744be38eb3d7a7c8b19b15926326d
2026-09-02T17:38:18.047Z,ui,75,1788369410392-1kqp1f,1288,ERROR,0xde7aE84b805FC3e98361d3BFF2b1acDFa2Cd53fB,,,,,,,,,,,,,,,,,,,,,,,,,,,autopilot curve trade,"transaction execution reverted | transaction execution reverted (action=""sendTransaction"", data=null, reason=null, invocation=null, revert=null, transaction={ ""data"": """", ""from"": ""0xBCAeE86828730ec3a450AC82e9e01391a7E31C73"", ""to"": ""0xde7aE84b805FC3e98361d3BFF2b1acDFa2Cd53fB"" }, receipt={ ""_type"": ""TransactionReceipt"", ""blobGasPrice"": ""1"", ""blobGasUsed"": null, ""blockHash"": ""0x837c8c0a00ac0941d3cbbb",CALL_EXCEPTION,0x941ea3f365c661d9c2a682db47f75984ea73bdb40c285f5f2984514f2f49a7fd
2026-09-02T17:38:18.047Z,ui,76,1788369410392-1kqp1f,1288,ERROR,0xbE2c683b28a76aF4b719271f7c14024d3830cD0D,,,,,,,,,,,,,,,,,,,,,,,,,,,autopilot curve trade,"transaction execution reverted | transaction execution reverted (action=""sendTransaction"", data=null, reason=null, invocation=null, revert=null, transaction={ ""data"": """", ""from"": ""0x620433123D9fC1cD6A2F57f5c1d3EF9Bc195B4D4"", ""to"": ""0xbE2c683b28a76aF4b719271f7c14024d3830cD0D"" }, receipt={ ""_type"": ""TransactionReceipt"", ""blobGasPrice"": ""1"", ""blobGasUsed"": null, ""blockHash"": ""0x837c8c0a00ac0941d3cbbb",CALL_EXCEPTION,0x8ae66a81956691460b78f88b3826b89b8db80e579b79b7b380b1a6293f7dadff
2026-09-02T17:38:18.047Z,ui,77,1788369410392-1kqp1f,1288,ERROR,0xbE2c683b28a76aF4b719271f7c14024d3830cD0D,,,,,,,,,,,,,,,,,,,,,,,,,,,autopilot curve trade,"transaction execution reverted | transaction execution reverted (action=""sendTransaction"", data=null, reason=null, invocation=null, revert=null, transaction={ ""data"": """", ""from"": ""0x5DdfB7D7F2e321917e7b27DfC31A7a79A333082C"", ""to"": ""0xbE2c683b28a76aF4b719271f7c14024d3830cD0D"" }, receipt={ ""_type"": ""TransactionReceipt"", ""blobGasPrice"": ""1"", ""blobGasUsed"": null, ""blockHash"": ""0x837c8c0a00ac0941d3cbbb",CALL_EXCEPTION,0xd79674806bca4483d6dd0a9fc40e833cdca181119c25129cd6bb490ac06de711
2026-09-02T17:38:18.047Z,ui,78,1788369410392-1kqp1f,1288,ERROR,0xbE2c683b28a76aF4b719271f7c14024d3830cD0D,,,,,,,,,,,,,,,,,,,,,,,,,,,autopilot curve trade,"transaction execution reverted | transaction execution reverted (action=""sendTransaction"", data=null, reason=null, invocation=null, revert=null, transaction={ ""data"": """", ""from"": ""0x5BF33A4B2162Ea821982695826AA34F3BF51a97B"", ""to"": ""0xbE2c683b28a76aF4b719271f7c14024d3830cD0D"" }, receipt={ ""_type"": ""TransactionReceipt"", ""blobGasPrice"": ""1"", ""blobGasUsed"": null, ""blockHash"": ""0x837c8c0a00ac0941d3cbbb",CALL_EXCEPTION,0xc395c94be6cda4ce4576e74160fd9e2870cbf308aa52bc8b490b39a3ed49d9af
2026-09-02T17:38:18.047Z,ui,79,1788369410392-1kqp1f,1288,ERROR,0xbE2c683b28a76aF4b719271f7c14024d3830cD0D,,,,,,,,,,,,,,,,,,,,,,,,,,,autopilot curve trade,"transaction execution reverted | transaction execution reverted (action=""sendTransaction"", data=null, reason=null, invocation=null, revert=null, transaction={ ""data"": """", ""from"": ""0x41619308b9f3B2007EEB2cFec7275d786a7Bc5e3"", ""to"": ""0xbE2c683b28a76aF4b719271f7c14024d3830cD0D"" }, receipt={ ""_type"": ""TransactionReceipt"", ""blobGasPrice"": ""1"", ""blobGasUsed"": null, ""blockHash"": ""0x837c8c0a00ac0941d3cbbb",CALL_EXCEPTION,0xf1f1b3507a0d57b782587b4c721ea742eb99be07c97766732ed4b710f44cb7bb
2026-09-02T17:38:30.605Z,ui,80,1788369410392-1kqp1f,1300,REDEEM,,,,,,,,,,,,,,,,,,,,,,,in-kind,381.076243,808.46,0.000000,,,,,
2026-09-02T17:38:30.881Z,ui,82,1788369410392-1kqp1f,1300,ERROR,0xbE2c683b28a76aF4b719271f7c14024d3830cD0D,,,,,,,,,,,,,,,,,,,,,,,,,,,autopilot curve trade,"transaction execution reverted | transaction execution reverted (action=""sendTransaction"", data=null, reason=null, invocation=null, revert=null, transaction={ ""data"": """", ""from"": ""0xBD290F67CE20166e103f9D750007c4f4cC8Cc98a"", ""to"": ""0xbE2c683b28a76aF4b719271f7c14024d3830cD0D"" }, receipt={ ""_type"": ""TransactionReceipt"", ""blobGasPrice"": ""1"", ""blobGasUsed"": null, ""blockHash"": ""0x46c5295f1cad3bd8b8dfd6",CALL_EXCEPTION,0x6b2352c97b51958be8e98f3ec52501b9bedd064611318d3afd931c6c46c5b04e
2026-09-02T17:38:30.881Z,ui,81,1788369410392-1kqp1f,1300,ERROR,0xbE2c683b28a76aF4b719271f7c14024d3830cD0D,,,,,,,,,,,,,,,,,,,,,,,,,,,autopilot curve trade,"transaction execution reverted | transaction execution reverted (action=""sendTransaction"", data=null, reason=null, invocation=null, revert=null, transaction={ ""data"": """", ""from"": ""0x292D9E9106ce68126912C9Ef58495bC0448d6aeE"", ""to"": ""0xbE2c683b28a76aF4b719271f7c14024d3830cD0D"" }, receipt={ ""_type"": ""TransactionReceipt"", ""blobGasPrice"": ""1"", ""blobGasUsed"": null, ""blockHash"": ""0x46c5295f1cad3bd8b8dfd6",CALL_EXCEPTION,0x1645d0e7e23a16336394ee27136f4da633ee37e42211568c101f4ca4a3069fd7
2026-09-02T17:38:30.881Z,ui,83,1788369410392-1kqp1f,1300,ERROR,0xbE2c683b28a76aF4b719271f7c14024d3830cD0D,,,,,,,,,,,,,,,,,,,,,,,,,,,autopilot curve trade,"transaction execution reverted | transaction execution reverted (action=""sendTransaction"", data=null, reason=null, invocation=null, revert=null, transaction={ ""data"": """", ""from"": ""0x29Ad376E0e7cDef8e2aD82BbDa5CC28bf4753745"", ""to"": ""0xbE2c683b28a76aF4b719271f7c14024d3830cD0D"" }, receipt={ ""_type"": ""TransactionReceipt"", ""blobGasPrice"": ""1"", ""blobGasUsed"": null, ""blockHash"": ""0x46c5295f1cad3bd8b8dfd6",CALL_EXCEPTION,0x18db881ab1bb84a4960661031295f2b8b4b94a6fce2105fa886870a7978acaef
2026-09-02T17:38:30.882Z,ui,84,1788369410392-1kqp1f,1300,ERROR,0xbE2c683b28a76aF4b719271f7c14024d3830cD0D,,,,,,,,,,,,,,,,,,,,,,,,,,,autopilot curve trade,"transaction execution reverted | transaction execution reverted (action=""sendTransaction"", data=null, reason=null, invocation=null, revert=null, transaction={ ""data"": """", ""from"": ""0xf8244bA0a9Ed96d80476215f0074E2943B859E51"", ""to"": ""0xbE2c683b28a76aF4b719271f7c14024d3830cD0D"" }, receipt={ ""_type"": ""TransactionReceipt"", ""blobGasPrice"": ""1"", ""blobGasUsed"": null, ""blockHash"": ""0x46c5295f1cad3bd8b8dfd6",CALL_EXCEPTION,0x6441bf1711cf6ae0ccd20a2155241ae0c44f62a7ebe3ee20d9f691d8eaf15a3f
2026-09-02T17:38:30.882Z,ui,86,1788369410392-1kqp1f,1300,ERROR,0xbE2c683b28a76aF4b719271f7c14024d3830cD0D,,,,,,,,,,,,,,,,,,,,,,,,,,,autopilot curve trade,"transaction execution reverted | transaction execution reverted (action=""sendTransaction"", data=null, reason=null, invocation=null, revert=null, transaction={ ""data"": """", ""from"": ""0xdcEf1B809D6Ce748C80479e44132E2c047793d9e"", ""to"": ""0xbE2c683b28a76aF4b719271f7c14024d3830cD0D"" }, receipt={ ""_type"": ""TransactionReceipt"", ""blobGasPrice"": ""1"", ""blobGasUsed"": null, ""blockHash"": ""0x46c5295f1cad3bd8b8dfd6",CALL_EXCEPTION,0x72fca960cf1e3cfa6f974ce17a4c4782a3c0b272cbe4c490f6b0d7034aca5b09
2026-09-02T17:38:30.882Z,ui,85,1788369410392-1kqp1f,1300,ERROR,0xbE2c683b28a76aF4b719271f7c14024d3830cD0D,,,,,,,,,,,,,,,,,,,,,,,,,,,autopilot curve trade,"transaction execution reverted | transaction execution reverted (action=""sendTransaction"", data=null, reason=null, invocation=null, revert=null, transaction={ ""data"": """", ""from"": ""0xe5c28b5635e04d94241fafD74BD7DE49C50f98C3"", ""to"": ""0xbE2c683b28a76aF4b719271f7c14024d3830cD0D"" }, receipt={ ""_type"": ""TransactionReceipt"", ""blobGasPrice"": ""1"", ""blobGasUsed"": null, ""blockHash"": ""0x46c5295f1cad3bd8b8dfd6",CALL_EXCEPTION,0x93615343854dc6c96264fe3d67a095518366ff4cbbd6d84c0d2d7f68669bbf23
2026-09-02T17:38:32.152Z,ui,87,1788369410392-1kqp1f,1302,REDEEM,,,,,,,,,,,,,,,,,,,,,,,in-kind,350.240005,743.04,0.000000,,,,,
2026-09-02T17:38:32.152Z,ui,88,1788369410392-1kqp1f,1302,REDEEM,,,,,,,,,,,,,,,,,,,,,,,in-kind,130.322586,276.48,0.000000,,,,,
2026-09-02T17:38:33.733Z,ui,89,1788369410392-1kqp1f,1303,ERROR,,,,,,,,,,,,,,,,,,,,,,,,,,,,autopilot hfyc trade,"insufficient balance | execution reverted: ""insufficient balance"" | execution reverted: ""insufficient balance"" (action=""call"", data=""0x08c379a000000000000000000000000000000000000000000000000000000000000000200000000000000000000000000000000000000000000000000000000000000014696e73756666696369656e742062616c616e6365000000000000000000000000"", reason=""insufficient balance"", transaction={ ""data"": ""0x24ca7539000000000000000000000",CALL_EXCEPTION,
2026-09-02T17:38:45.006Z,ui,90,1788369410392-1kqp1f,1315,ERROR,0xbE2c683b28a76aF4b719271f7c14024d3830cD0D,,,,,,,,,,,,,,,,,,,,,,,,,,,autopilot curve trade,"transaction execution reverted | transaction execution reverted (action=""sendTransaction"", data=null, reason=null, invocation=null, revert=null, transaction={ ""data"": """", ""from"": ""0x9AE9ed9CDc30Af8AD3f883d6AB9b8D10e077F38f"", ""to"": ""0xbE2c683b28a76aF4b719271f7c14024d3830cD0D"" }, receipt={ ""_type"": ""TransactionReceipt"", ""blobGasPrice"": ""1"", ""blobGasUsed"": null, ""blockHash"": ""0xdb4260c7b43012899348dd",CALL_EXCEPTION,0xa79620154fe31a2b9e91a38d1d320cd56d8405a71fe25e7262dc8143509a64c0
2026-09-02T17:38:45.007Z,ui,92,1788369410392-1kqp1f,1315,ERROR,0xbE2c683b28a76aF4b719271f7c14024d3830cD0D,,,,,,,,,,,,,,,,,,,,,,,,,,,autopilot curve trade,"transaction execution reverted | transaction execution reverted (action=""sendTransaction"", data=null, reason=null, invocation=null, revert=null, transaction={ ""data"": """", ""from"": ""0x0c8bF3dA506dE12e71986FFf5Ce6a1D523D45BF2"", ""to"": ""0xbE2c683b28a76aF4b719271f7c14024d3830cD0D"" }, receipt={ ""_type"": ""TransactionReceipt"", ""blobGasPrice"": ""1"", ""blobGasUsed"": null, ""blockHash"": ""0xdb4260c7b43012899348dd",CALL_EXCEPTION,0x1c8e9c1c424746ffce95eb99586fcca9eb4d0ee5e64b12206b55ba75fcfbd02e
2026-09-02T17:38:45.006Z,ui,91,1788369410392-1kqp1f,1315,ERROR,0xbE2c683b28a76aF4b719271f7c14024d3830cD0D,,,,,,,,,,,,,,,,,,,,,,,,,,,autopilot curve trade,"transaction execution reverted | transaction execution reverted (action=""sendTransaction"", data=null, reason=null, invocation=null, revert=null, transaction={ ""data"": """", ""from"": ""0x4c7b26585a1803884448B4C2fFCA6a8726E3c140"", ""to"": ""0xbE2c683b28a76aF4b719271f7c14024d3830cD0D"" }, receipt={ ""_type"": ""TransactionReceipt"", ""blobGasPrice"": ""1"", ""blobGasUsed"": null, ""blockHash"": ""0xdb4260c7b43012899348dd",CALL_EXCEPTION,0x2fc7ad229c1d3694bbe145215ef8b82e09b9b66051c783ce6b6a7ed4947966bf
2026-09-02T17:38:45.007Z,ui,93,1788369410392-1kqp1f,1315,ERROR,0xbE2c683b28a76aF4b719271f7c14024d3830cD0D,,,,,,,,,,,,,,,,,,,,,,,,,,,autopilot curve trade,"transaction execution reverted | transaction execution reverted (action=""sendTransaction"", data=null, reason=null, invocation=null, revert=null, transaction={ ""data"": """", ""from"": ""0x376e21793b896394675c58179e487F1a5e182bB2"", ""to"": ""0xbE2c683b28a76aF4b719271f7c14024d3830cD0D"" }, receipt={ ""_type"": ""TransactionReceipt"", ""blobGasPrice"": ""1"", ""blobGasUsed"": null, ""blockHash"": ""0xdb4260c7b43012899348dd",CALL_EXCEPTION,0x8f4a8b72e23e5dd061c0d98e9206e7ca28a7d922607ae75fefbde725d16cb071
2026-09-02T17:38:45.007Z,ui,94,1788369410392-1kqp1f,1315,ERROR,0xbE2c683b28a76aF4b719271f7c14024d3830cD0D,,,,,,,,,,,,,,,,,,,,,,,,,,,autopilot curve trade,"transaction execution reverted | transaction execution reverted (action=""sendTransaction"", data=null, reason=null, invocation=null, revert=null, transaction={ ""data"": """", ""from"": ""0xBfcc55894AC9fb2b8b038f87d7dA959aA6a39F9a"", ""to"": ""0xbE2c683b28a76aF4b719271f7c14024d3830cD0D"" }, receipt={ ""_type"": ""TransactionReceipt"", ""blobGasPrice"": ""1"", ""blobGasUsed"": null, ""blockHash"": ""0xdb4260c7b43012899348dd",CALL_EXCEPTION,0xed7506249c7f0154a64994e11b29094a88afae7c011c2f1081344e22e00543e0
2026-09-02T17:38:45.007Z,ui,95,1788369410392-1kqp1f,1315,ERROR,0xbE2c683b28a76aF4b719271f7c14024d3830cD0D,,,,,,,,,,,,,,,,,,,,,,,,,,,autopilot curve trade,"transaction execution reverted | transaction execution reverted (action=""sendTransaction"", data=null, reason=null, invocation=null, revert=null, transaction={ ""data"": """", ""from"": ""0x264184FC7E277551748D9AE6d1d657c1C96a8CF5"", ""to"": ""0xbE2c683b28a76aF4b719271f7c14024d3830cD0D"" }, receipt={ ""_type"": ""TransactionReceipt"", ""blobGasPrice"": ""1"", ""blobGasUsed"": null, ""blockHash"": ""0xdb4260c7b43012899348dd",CALL_EXCEPTION,0xff37968f2c75b865dd682f57c4f73429c691fff58ad7ab40d32c40b0c2395a80
2026-09-02T17:38:45.007Z,ui,96,1788369410392-1kqp1f,1315,ERROR,0xbE2c683b28a76aF4b719271f7c14024d3830cD0D,,,,,,,,,,,,,,,,,,,,,,,,,,,autopilot curve trade,"transaction execution reverted | transaction execution reverted (action=""sendTransaction"", data=null, reason=null, invocation=null, revert=null, transaction={ ""data"": """", ""from"": ""0x94E4d0d4e52C235093708C2f2BF46b175714FFf9"", ""to"": ""0xbE2c683b28a76aF4b719271f7c14024d3830cD0D"" }, receipt={ ""_type"": ""TransactionReceipt"", ""blobGasPrice"": ""1"", ""blobGasUsed"": null, ""blockHash"": ""0xdb4260c7b43012899348dd",CALL_EXCEPTION,0x2559159a8e9b8d216be301b10b0b90a6997059946bd093060b06dec8153a7d9c
2026-09-02T17:38:45.007Z,ui,97,1788369410392-1kqp1f,1315,ERROR,0xbE2c683b28a76aF4b719271f7c14024d3830cD0D,,,,,,,,,,,,,,,,,,,,,,,,,,,autopilot curve trade,"transaction execution reverted | transaction execution reverted (action=""sendTransaction"", data=null, reason=null, invocation=null, revert=null, transaction={ ""data"": """", ""from"": ""0x37AF2E0D7aba0F96ECD84D3585C07b04610977D2"", ""to"": ""0xbE2c683b28a76aF4b719271f7c14024d3830cD0D"" }, receipt={ ""_type"": ""TransactionReceipt"", ""blobGasPrice"": ""1"", ""blobGasUsed"": null, ""blockHash"": ""0xdb4260c7b43012899348dd",CALL_EXCEPTION,0x8b8cc04c7f2148d8eb7838740220ceff442219ab3d3bebbb9ceb2d1c40ccb59f
2026-09-02T17:38:45.399Z,ui,100,1788369410392-1kqp1f,1315,ERROR,0xde7aE84b805FC3e98361d3BFF2b1acDFa2Cd53fB,,,,,,,,,,,,,,,,,,,,,,,,,,,autopilot curve trade,"transaction execution reverted | transaction execution reverted (action=""sendTransaction"", data=null, reason=null, invocation=null, revert=null, transaction={ ""data"": """", ""from"": ""0xEb1692858e26CF226DC12c0F27819806e545a8c2"", ""to"": ""0xde7aE84b805FC3e98361d3BFF2b1acDFa2Cd53fB"" }, receipt={ ""_type"": ""TransactionReceipt"", ""blobGasPrice"": ""1"", ""blobGasUsed"": null, ""blockHash"": ""0x1b00506ab8eb0f87fe4d4b",CALL_EXCEPTION,0x6a60cb2d99684f781a47ee42b7e65d6d9e4194c907f2bc1be6d8f0ce3146689d
2026-09-02T17:39:02.475Z,ui,102,1788369410392-1kqp1f,1332,ERROR,0xbE2c683b28a76aF4b719271f7c14024d3830cD0D,,,,,,,,,,,,,,,,,,,,,,,,,,,autopilot curve trade,Failed to fetch,,
2026-09-02T17:39:02.475Z,ui,103,1788369410392-1kqp1f,1332,ERROR,0xbE2c683b28a76aF4b719271f7c14024d3830cD0D,,,,,,,,,,,,,,,,,,,,,,,,,,,autopilot curve trade,Failed to fetch,,
2026-09-02T17:39:02.475Z,ui,104,1788369410392-1kqp1f,1332,ERROR,0xbE2c683b28a76aF4b719271f7c14024d3830cD0D,,,,,,,,,,,,,,,,,,,,,,,,,,,autopilot curve trade,Failed to fetch,,
2026-09-02T17:39:02.475Z,ui,105,1788369410392-1kqp1f,1332,ERROR,0xde7aE84b805FC3e98361d3BFF2b1acDFa2Cd53fB,,,,,,,,,,,,,,,,,,,,,,,,,,,autopilot curve trade,Failed to fetch,,
2026-09-02T17:39:02.476Z,ui,106,1788369410392-1kqp1f,1332,ERROR,0xbE2c683b28a76aF4b719271f7c14024d3830cD0D,,,,,,,,,,,,,,,,,,,,,,,,,,,autopilot curve trade,Failed to fetch,,
2026-09-02T17:39:02.476Z,ui,107,1788369410392-1kqp1f,1332,ERROR,0xbE2c683b28a76aF4b719271f7c14024d3830cD0D,,,,,,,,,,,,,,,,,,,,,,,,,,,autopilot curve trade,Failed to fetch,,
2026-09-02T17:39:02.476Z,ui,108,1788369410392-1kqp1f,1332,ERROR,0xbE2c683b28a76aF4b719271f7c14024d3830cD0D,,,,,,,,,,,,,,,,,,,,,,,,,,,autopilot curve trade,Failed to fetch,,
2026-09-02T17:39:02.476Z,ui,109,1788369410392-1kqp1f,1332,ERROR,0xde7aE84b805FC3e98361d3BFF2b1acDFa2Cd53fB,,,,,,,,,,,,,,,,,,,,,,,,,,,autopilot curve trade,Failed to fetch,,
2026-09-02T17:39:02.477Z,ui,110,1788369410392-1kqp1f,1332,ERROR,0xde7aE84b805FC3e98361d3BFF2b1acDFa2Cd53fB,,,,,,,,,,,,,,,,,,,,,,,,,,,autopilot curve trade,Failed to fetch,,
2026-09-02T17:39:02.477Z,ui,111,1788369410392-1kqp1f,1332,ERROR,0xde7aE84b805FC3e98361d3BFF2b1acDFa2Cd53fB,,,,,,,,,,,,,,,,,,,,,,,,,,,autopilot curve trade,Failed to fetch,,
2026-09-02T17:39:02.477Z,ui,112,1788369410392-1kqp1f,1332,ERROR,0xde7aE84b805FC3e98361d3BFF2b1acDFa2Cd53fB,,,,,,,,,,,,,,,,,,,,,,,,,,,autopilot curve trade,Failed to fetch,,
2026-09-02T17:39:02.477Z,ui,113,1788369410392-1kqp1f,1332,ERROR,,,,,,,,,,,,,,,,,,,,,,,,,,,,autopilot fund wallet,Failed to fetch,,
2026-09-02T17:39:02.477Z,ui,114,1788369410392-1kqp1f,1332,ERROR,,,,,,,,,,,,,,,,,,,,,,,,,,,,autopilot fund wallet,Failed to fetch,,
2026-09-02T17:39:02.477Z,ui,115,1788369410392-1kqp1f,1332,ERROR,,,,,,,,,,,,,,,,,,,,,,,,,,,,autopilot fund wallet,Failed to fetch,,
2026-09-02T17:39:02.477Z,ui,116,1788369410392-1kqp1f,1332,ERROR,,,,,,,,,,,,,,,,,,,,,,,,,,,,autopilot fund wallet,Failed to fetch,,
2026-09-02T17:39:02.477Z,ui,117,1788369410392-1kqp1f,1332,ERROR,,,,,,,,,,,,,,,,,,,,,,,,,,,,autopilot fund wallet,Failed to fetch,,
2026-09-02T17:39:02.477Z,ui,118,1788369410392-1kqp1f,1332,ERROR,,,,,,,,,,,,,,,,,,,,,,,,,,,,autopilot fund wallet,Failed to fetch,,
2026-09-02T17:39:02.477Z,ui,119,1788369410392-1kqp1f,1332,ERROR,,,,,,,,,,,,,,,,,,,,,,,,,,,,autopilot fund wallet,Failed to fetch,,
2026-09-02T17:39:02.477Z,ui,120,1788369410392-1kqp1f,1332,ERROR,,,,,,,,,,,,,,,,,,,,,,,,,,,,autopilot fund wallet,Failed to fetch,,
2026-09-02T17:39:02.477Z,ui,121,1788369410392-1kqp1f,1332,ERROR,0xde7aE84b805FC3e98361d3BFF2b1acDFa2Cd53fB,,,,,,,,,,,,,,,,,,,,,,,,,,,autopilot curve trade,Failed to fetch,,
2026-09-02T17:39:02.477Z,ui,122,1788369410392-1kqp1f,1332,ERROR,0xde7aE84b805FC3e98361d3BFF2b1acDFa2Cd53fB,,,,,,,,,,,,,,,,,,,,,,,,,,,autopilot curve trade,Failed to fetch,,
2026-09-02T17:39:02.477Z,ui,123,1788369410392-1kqp1f,1332,ERROR,0xde7aE84b805FC3e98361d3BFF2b1acDFa2Cd53fB,,,,,,,,,,,,,,,,,,,,,,,,,,,autopilot curve trade,Failed to fetch,,
2026-09-02T17:39:02.584Z,ui,124,1788369410392-1kqp1f,1332,ERROR,,,,,,,,,,,,,,,,,,,,,,,,,,,,autopilot fund wallet,Failed to fetch,,
2026-09-02T17:39:02.584Z,ui,125,1788369410392-1kqp1f,1332,ERROR,,,,,,,,,,,,,,,,,,,,,,,,,,,,autopilot fund wallet,Failed to fetch,,
2026-09-02T17:39:02.584Z,ui,126,1788369410392-1kqp1f,1332,ERROR,,,,,,,,,,,,,,,,,,,,,,,,,,,,autopilot fund wallet,Failed to fetch,,
2026-09-02T17:39:02.584Z,ui,127,1788369410392-1kqp1f,1332,ERROR,,,,,,,,,,,,,,,,,,,,,,,,,,,,autopilot fund wallet,Failed to fetch,,
2026-09-02T17:39:02.584Z,ui,128,1788369410392-1kqp1f,1332,ERROR,,,,,,,,,,,,,,,,,,,,,,,,,,,,autopilot fund wallet,Failed to fetch,,
2026-09-02T17:39:02.584Z,ui,129,1788369410392-1kqp1f,1332,ERROR,,,,,,,,,,,,,,,,,,,,,,,,,,,,autopilot fund wallet,Failed to fetch,,
2026-09-02T17:39:02.584Z,ui,130,1788369410392-1kqp1f,1332,ERROR,,,,,,,,,,,,,,,,,,,,,,,,,,,,autopilot fund wallet,Failed to fetch,,
2026-09-02T17:39:02.584Z,ui,131,1788369410392-1kqp1f,1332,ERROR,,,,,,,,,,,,,,,,,,,,,,,,,,,,autopilot fund wallet,Failed to fetch,,
2026-09-02T17:39:02.587Z,ui,133,1788369410392-1kqp1f,1332,ERROR,,,,,,,,,,,,,,,,,,,,,,,,,,,,autopilot fund wallet,Failed to fetch,,
2026-09-02T17:39:02.587Z,ui,132,1788369410392-1kqp1f,1332,ERROR,,,,,,,,,,,,,,,,,,,,,,,,,,,,autopilot fund wallet,Failed to fetch,,
2026-09-02T17:39:02.587Z,ui,134,1788369410392-1kqp1f,1332,ERROR,,,,,,,,,,,,,,,,,,,,,,,,,,,,autopilot fund wallet,Failed to fetch,,
2026-09-02T17:39:02.587Z,ui,135,1788369410392-1kqp1f,1332,ERROR,,,,,,,,,,,,,,,,,,,,,,,,,,,,autopilot fund wallet,Failed to fetch,,
2026-09-02T17:39:02.587Z,ui,136,1788369410392-1kqp1f,1332,ERROR,,,,,,,,,,,,,,,,,,,,,,,,,,,,autopilot fund wallet,Failed to fetch,,
2026-09-02T17:39:02.587Z,ui,137,1788369410392-1kqp1f,1332,ERROR,,,,,,,,,,,,,,,,,,,,,,,,,,,,autopilot fund wallet,Failed to fetch,,
2026-09-02T17:39:02.587Z,ui,138,1788369410392-1kqp1f,1332,ERROR,,,,,,,,,,,,,,,,,,,,,,,,,,,,autopilot fund wallet,Failed to fetch,,
2026-09-02T17:39:02.587Z,ui,139,1788369410392-1kqp1f,1332,ERROR,,,,,,,,,,,,,,,,,,,,,,,,,,,,autopilot fund wallet,Failed to fetch,,
2026-09-02T17:39:02.589Z,ui,140,1788369410392-1kqp1f,1332,ERROR,,,,,,,,,,,,,,,,,,,,,,,,,,,,autopilot fund wallet,Failed to fetch,,
2026-09-02T17:39:02.589Z,ui,141,1788369410392-1kqp1f,1332,ERROR,,,,,,,,,,,,,,,,,,,,,,,,,,,,autopilot fund wallet,Failed to fetch,,
2026-09-02T17:39:02.589Z,ui,142,1788369410392-1kqp1f,1332,ERROR,,,,,,,,,,,,,,,,,,,,,,,,,,,,autopilot fund wallet,Failed to fetch,,
2026-09-02T17:39:02.589Z,ui,143,1788369410392-1kqp1f,1332,ERROR,,,,,,,,,,,,,,,,,,,,,,,,,,,,autopilot fund wallet,Failed to fetch,,
2026-09-02T17:39:02.589Z,ui,144,1788369410392-1kqp1f,1332,ERROR,,,,,,,,,,,,,,,,,,,,,,,,,,,,autopilot fund wallet,Failed to fetch,,
2026-09-02T17:39:02.589Z,ui,145,1788369410392-1kqp1f,1332,ERROR,,,,,,,,,,,,,,,,,,,,,,,,,,,,autopilot fund wallet,Failed to fetch,,
2026-09-02T17:39:02.589Z,ui,146,1788369410392-1kqp1f,1332,ERROR,,,,,,,,,,,,,,,,,,,,,,,,,,,,autopilot fund wallet,Failed to fetch,,
2026-09-02T17:39:02.589Z,ui,147,1788369410392-1kqp1f,1332,ERROR,,,,,,,,,,,,,,,,,,,,,,,,,,,,autopilot fund wallet,Failed to fetch,,
2026-09-02T17:39:02.590Z,ui,148,1788369410392-1kqp1f,1332,ERROR,,,,,,,,,,,,,,,,,,,,,,,,,,,,autopilot fund wallet,Failed to fetch,,
2026-09-02T17:39:02.591Z,ui,149,1788369410392-1kqp1f,1332,ERROR,,,,,,,,,,,,,,,,,,,,,,,,,,,,autopilot fund wallet,Failed to fetch,,
2026-09-02T17:39:02.591Z,ui,150,1788369410392-1kqp1f,1332,ERROR,,,,,,,,,,,,,,,,,,,,,,,,,,,,autopilot fund wallet,Failed to fetch,,
2026-09-02T17:39:02.591Z,ui,151,1788369410392-1kqp1f,1332,ERROR,,,,,,,,,,,,,,,,,,,,,,,,,,,,autopilot fund wallet,Failed to fetch,,
2026-09-02T17:39:02.591Z,ui,152,1788369410392-1kqp1f,1332,ERROR,,,,,,,,,,,,,,,,,,,,,,,,,,,,autopilot fund wallet,Failed to fetch,,
2026-09-02T17:39:02.591Z,ui,153,1788369410392-1kqp1f,1332,ERROR,,,,,,,,,,,,,,,,,,,,,,,,,,,,autopilot fund wallet,Failed to fetch,,
2026-09-02T17:39:02.591Z,ui,154,1788369410392-1kqp1f,1332,ERROR,,,,,,,,,,,,,,,,,,,,,,,,,,,,autopilot fund wallet,Failed to fetch,,
2026-09-02T17:39:02.591Z,ui,155,1788369410392-1kqp1f,1332,ERROR,,,,,,,,,,,,,,,,,,,,,,,,,,,,autopilot fund wallet,Failed to fetch,,
2026-09-02T17:39:02.592Z,ui,156,1788369410392-1kqp1f,1332,ERROR,,,,,,,,,,,,,,,,,,,,,,,,,,,,autopilot fund wallet,Failed to fetch,,
2026-09-02T17:39:02.592Z,ui,157,1788369410392-1kqp1f,1332,ERROR,,,,,,,,,,,,,,,,,,,,,,,,,,,,autopilot fund wallet,Failed to fetch,,
2026-09-02T17:39:02.592Z,ui,158,1788369410392-1kqp1f,1332,ERROR,,,,,,,,,,,,,,,,,,,,,,,,,,,,autopilot fund wallet,Failed to fetch,,
2026-09-02T17:39:02.592Z,ui,159,1788369410392-1kqp1f,1332,ERROR,,,,,,,,,,,,,,,,,,,,,,,,,,,,autopilot fund wallet,Failed to fetch,,
2026-09-02T17:39:02.592Z,ui,160,1788369410392-1kqp1f,1332,ERROR,,,,,,,,,,,,,,,,,,,,,,,,,,,,autopilot fund wallet,Failed to fetch,,
2026-09-02T17:39:02.592Z,ui,161,1788369410392-1kqp1f,1332,ERROR,,,,,,,,,,,,,,,,,,,,,,,,,,,,autopilot fund wallet,Failed to fetch,,
2026-09-02T17:39:02.593Z,ui,162,1788369410392-1kqp1f,1332,ERROR,,,,,,,,,,,,,,,,,,,,,,,,,,,,autopilot fund wallet,Failed to fetch,,
2026-09-02T17:39:02.593Z,ui,163,1788369410392-1kqp1f,1332,ERROR,,,,,,,,,,,,,,,,,,,,,,,,,,,,autopilot fund wallet,Failed to fetch,,
2026-09-02T17:39:02.594Z,ui,164,1788369410392-1kqp1f,1332,ERROR,,,,,,,,,,,,,,,,,,,,,,,,,,,,autopilot fund wallet,Failed to fetch,,
2026-09-02T17:39:02.594Z,ui,165,1788369410392-1kqp1f,1332,ERROR,,,,,,,,,,,,,,,,,,,,,,,,,,,,autopilot fund wallet,Failed to fetch,,
2026-09-02T17:39:02.594Z,ui,166,1788369410392-1kqp1f,1332,ERROR,,,,,,,,,,,,,,,,,,,,,,,,,,,,autopilot fund wallet,Failed to fetch,,
2026-09-02T17:39:02.594Z,ui,167,1788369410392-1kqp1f,1332,ERROR,,,,,,,,,,,,,,,,,,,,,,,,,,,,autopilot fund wallet,Failed to fetch,,
2026-09-02T17:39:02.594Z,ui,168,1788369410392-1kqp1f,1332,ERROR,,,,,,,,,,,,,,,,,,,,,,,,,,,,autopilot fund wallet,Failed to fetch,,
2026-09-02T17:39:02.594Z,ui,169,1788369410392-1kqp1f,1332,ERROR,,,,,,,,,,,,,,,,,,,,,,,,,,,,autopilot fund wallet,Failed to fetch,,
2026-09-02T17:39:02.594Z,ui,170,1788369410392-1kqp1f,1332,ERROR,,,,,,,,,,,,,,,,,,,,,,,,,,,,autopilot fund wallet,Failed to fetch,,
2026-09-02T17:39:02.594Z,ui,171,1788369410392-1kqp1f,1332,ERROR,,,,,,,,,,,,,,,,,,,,,,,,,,,,autopilot fund wallet,Failed to fetch,,
2026-09-02T17:39:02.595Z,ui,172,1788369410392-1kqp1f,1332,ERROR,,,,,,,,,,,,,,,,,,,,,,,,,,,,autopilot fund wallet,Failed to fetch,,
2026-09-02T17:39:02.596Z,ui,173,1788369410392-1kqp1f,1332,ERROR,,,,,,,,,,,,,,,,,,,,,,,,,,,,autopilot fund wallet,Failed to fetch,,
2026-09-02T17:39:02.596Z,ui,174,1788369410392-1kqp1f,1332,ERROR,,,,,,,,,,,,,,,,,,,,,,,,,,,,autopilot fund wallet,Failed to fetch,,
2026-09-02T17:39:02.596Z,ui,175,1788369410392-1kqp1f,1332,ERROR,,,,,,,,,,,,,,,,,,,,,,,,,,,,autopilot fund wallet,Failed to fetch,,
2026-09-02T17:39:02.596Z,ui,176,1788369410392-1kqp1f,1332,ERROR,,,,,,,,,,,,,,,,,,,,,,,,,,,,autopilot fund wallet,Failed to fetch,,
2026-09-02T17:39:02.596Z,ui,177,1788369410392-1kqp1f,1332,ERROR,,,,,,,,,,,,,,,,,,,,,,,,,,,,autopilot fund wallet,Failed to fetch,,
2026-09-02T17:39:02.596Z,ui,178,1788369410392-1kqp1f,1332,ERROR,,,,,,,,,,,,,,,,,,,,,,,,,,,,autopilot fund wallet,Failed to fetch,,
2026-09-02T17:39:02.596Z,ui,179,1788369410392-1kqp1f,1332,ERROR,,,,,,,,,,,,,,,,,,,,,,,,,,,,autopilot fund wallet,Failed to fetch,,
2026-09-02T17:39:02.597Z,ui,180,1788369410392-1kqp1f,1332,ERROR,,,,,,,,,,,,,,,,,,,,,,,,,,,,autopilot fund wallet,Failed to fetch,,
2026-09-02T17:39:02.597Z,ui,181,1788369410392-1kqp1f,1332,ERROR,,,,,,,,,,,,,,,,,,,,,,,,,,,,autopilot fund wallet,Failed to fetch,,
2026-09-02T17:39:02.597Z,ui,182,1788369410392-1kqp1f,1332,ERROR,,,,,,,,,,,,,,,,,,,,,,,,,,,,autopilot fund wallet,Failed to fetch,,
2026-09-02T17:39:02.597Z,ui,183,1788369410392-1kqp1f,1332,ERROR,,,,,,,,,,,,,,,,,,,,,,,,,,,,autopilot fund wallet,Failed to fetch,,
2026-09-02T17:39:02.598Z,ui,184,1788369410392-1kqp1f,1332,ERROR,,,,,,,,,,,,,,,,,,,,,,,,,,,,autopilot fund wallet,Failed to fetch,,
2026-09-02T17:39:02.598Z,ui,185,1788369410392-1kqp1f,1332,ERROR,,,,,,,,,,,,,,,,,,,,,,,,,,,,autopilot fund wallet,Failed to fetch,,
2026-09-02T17:39:02.598Z,ui,186,1788369410392-1kqp1f,1332,ERROR,,,,,,,,,,,,,,,,,,,,,,,,,,,,autopilot fund wallet,Failed to fetch,,
2026-09-02T17:39:02.598Z,ui,187,1788369410392-1kqp1f,1332,ERROR,,,,,,,,,,,,,,,,,,,,,,,,,,,,autopilot fund wallet,Failed to fetch,,
2026-09-02T17:39:02.599Z,ui,188,1788369410392-1kqp1f,1332,ERROR,,,,,,,,,,,,,,,,,,,,,,,,,,,,autopilot fund wallet,Failed to fetch,,
2026-09-02T17:39:02.599Z,ui,189,1788369410392-1kqp1f,1332,ERROR,,,,,,,,,,,,,,,,,,,,,,,,,,,,autopilot fund wallet,Failed to fetch,,
2026-09-02T17:39:02.599Z,ui,190,1788369410392-1kqp1f,1332,ERROR,,,,,,,,,,,,,,,,,,,,,,,,,,,,autopilot fund wallet,Failed to fetch,,
2026-09-02T17:39:02.599Z,ui,191,1788369410392-1kqp1f,1332,ERROR,,,,,,,,,,,,,,,,,,,,,,,,,,,,autopilot fund wallet,Failed to fetch,,
2026-09-02T17:39:02.600Z,ui,192,1788369410392-1kqp1f,1332,ERROR,,,,,,,,,,,,,,,,,,,,,,,,,,,,autopilot fund wallet,Failed to fetch,,
2026-09-02T17:39:02.600Z,ui,193,1788369410392-1kqp1f,1332,ERROR,,,,,,,,,,,,,,,,,,,,,,,,,,,,autopilot fund wallet,Failed to fetch,,
2026-09-02T17:39:02.600Z,ui,194,1788369410392-1kqp1f,1332,ERROR,,,,,,,,,,,,,,,,,,,,,,,,,,,,autopilot fund wallet,Failed to fetch,,
2026-09-02T17:39:02.600Z,ui,195,1788369410392-1kqp1f,1332,ERROR,,,,,,,,,,,,,,,,,,,,,,,,,,,,autopilot fund wallet,Failed to fetch,,
2026-09-02T17:39:02.601Z,ui,196,1788369410392-1kqp1f,1332,ERROR,,,,,,,,,,,,,,,,,,,,,,,,,,,,autopilot fund wallet,Failed to fetch,,
2026-09-02T17:39:02.601Z,ui,197,1788369410392-1kqp1f,1332,ERROR,,,,,,,,,,,,,,,,,,,,,,,,,,,,autopilot fund wallet,Failed to fetch,,
2026-09-02T17:39:02.601Z,ui,198,1788369410392-1kqp1f,1332,ERROR,,,,,,,,,,,,,,,,,,,,,,,,,,,,autopilot fund wallet,Failed to fetch,,
2026-09-02T17:39:02.601Z,ui,199,1788369410392-1kqp1f,1332,ERROR,,,,,,,,,,,,,,,,,,,,,,,,,,,,autopilot fund wallet,Failed to fetch,,
2026-09-02T17:39:02.601Z,ui,200,1788369410392-1kqp1f,1332,ERROR,,,,,,,,,,,,,,,,,,,,,,,,,,,,autopilot fund wallet,Failed to fetch,,
2026-09-02T17:39:02.601Z,ui,201,1788369410392-1kqp1f,1332,ERROR,,,,,,,,,,,,,,,,,,,,,,,,,,,,autopilot fund wallet,Failed to fetch,,
2026-09-02T17:39:02.601Z,ui,202,1788369410392-1kqp1f,1332,ERROR,,,,,,,,,,,,,,,,,,,,,,,,,,,,autopilot fund wallet,Failed to fetch,,
2026-09-02T17:39:02.602Z,ui,203,1788369410392-1kqp1f,1332,ERROR,,,,,,,,,,,,,,,,,,,,,,,,,,,,autopilot fund wallet,Failed to fetch,,
2026-09-02T17:39:02.603Z,ui,204,1788369410392-1kqp1f,1332,ERROR,,,,,,,,,,,,,,,,,,,,,,,,,,,,autopilot fund wallet,Failed to fetch,,
2026-09-02T17:39:02.603Z,ui,205,1788369410392-1kqp1f,1332,ERROR,,,,,,,,,,,,,,,,,,,,,,,,,,,,autopilot fund wallet,Failed to fetch,,
2026-09-02T17:39:02.603Z,ui,206,1788369410392-1kqp1f,1332,ERROR,,,,,,,,,,,,,,,,,,,,,,,,,,,,autopilot fund wallet,Failed to fetch,,
2026-09-02T17:39:02.603Z,ui,207,1788369410392-1kqp1f,1332,ERROR,,,,,,,,,,,,,,,,,,,,,,,,,,,,autopilot fund wallet,Failed to fetch,,
2026-09-02T17:39:02.603Z,ui,208,1788369410392-1kqp1f,1332,ERROR,,,,,,,,,,,,,,,,,,,,,,,,,,,,autopilot fund wallet,Failed to fetch,,
2026-09-02T17:39:02.603Z,ui,209,1788369410392-1kqp1f,1332,ERROR,,,,,,,,,,,,,,,,,,,,,,,,,,,,autopilot fund wallet,Failed to fetch,,
2026-09-02T17:39:02.603Z,ui,210,1788369410392-1kqp1f,1332,ERROR,,,,,,,,,,,,,,,,,,,,,,,,,,,,autopilot fund wallet,Failed to fetch,,
2026-09-02T17:39:02.604Z,ui,211,1788369410392-1kqp1f,1332,ERROR,,,,,,,,,,,,,,,,,,,,,,,,,,,,autopilot fund wallet,Failed to fetch,,
2026-09-02T17:39:02.604Z,ui,212,1788369410392-1kqp1f,1332,ERROR,,,,,,,,,,,,,,,,,,,,,,,,,,,,autopilot fund wallet,Failed to fetch,,
2026-09-02T17:39:02.604Z,ui,213,1788369410392-1kqp1f,1332,ERROR,,,,,,,,,,,,,,,,,,,,,,,,,,,,autopilot fund wallet,Failed to fetch,,
2026-09-02T17:39:02.604Z,ui,214,1788369410392-1kqp1f,1332,ERROR,,,,,,,,,,,,,,,,,,,,,,,,,,,,autopilot fund wallet,Failed to fetch,,
2026-09-02T17:39:02.605Z,ui,215,1788369410392-1kqp1f,1332,ERROR,,,,,,,,,,,,,,,,,,,,,,,,,,,,autopilot fund wallet,Failed to fetch,,
2026-09-02T17:39:02.605Z,ui,216,1788369410392-1kqp1f,1332,ERROR,,,,,,,,,,,,,,,,,,,,,,,,,,,,autopilot fund wallet,Failed to fetch,,
2026-09-02T17:39:02.605Z,ui,217,1788369410392-1kqp1f,1332,ERROR,,,,,,,,,,,,,,,,,,,,,,,,,,,,autopilot fund wallet,Failed to fetch,,
2026-09-02T17:39:02.605Z,ui,218,1788369410392-1kqp1f,1332,ERROR,,,,,,,,,,,,,,,,,,,,,,,,,,,,autopilot fund wallet,Failed to fetch,,
2026-09-02T17:39:02.605Z,ui,219,1788369410392-1kqp1f,1332,ERROR,,,,,,,,,,,,,,,,,,,,,,,,,,,,autopilot fund wallet,Failed to fetch,,
2026-09-02T17:39:02.606Z,ui,220,1788369410392-1kqp1f,1332,ERROR,,,,,,,,,,,,,,,,,,,,,,,,,,,,autopilot fund wallet,Failed to fetch,,
2026-09-02T17:39:02.606Z,ui,221,1788369410392-1kqp1f,1332,ERROR,,,,,,,,,,,,,,,,,,,,,,,,,,,,autopilot fund wallet,Failed to fetch,,
2026-09-02T17:39:02.606Z,ui,222,1788369410392-1kqp1f,1332,ERROR,,,,,,,,,,,,,,,,,,,,,,,,,,,,autopilot fund wallet,Failed to fetch,,
2026-09-02T17:39:02.606Z,ui,223,1788369410392-1kqp1f,1332,ERROR,,,,,,,,,,,,,,,,,,,,,,,,,,,,autopilot fund wallet,Failed to fetch,,
2026-09-02T17:39:02.606Z,ui,224,1788369410392-1kqp1f,1332,ERROR,,,,,,,,,,,,,,,,,,,,,,,,,,,,autopilot fund wallet,Failed to fetch,,
2026-09-02T17:39:02.606Z,ui,225,1788369410392-1kqp1f,1332,ERROR,,,,,,,,,,,,,,,,,,,,,,,,,,,,autopilot fund wallet,Failed to fetch,,
2026-09-02T17:39:02.607Z,ui,226,1788369410392-1kqp1f,1332,ERROR,,,,,,,,,,,,,,,,,,,,,,,,,,,,autopilot fund wallet,Failed to fetch,,
2026-09-02T17:39:02.607Z,ui,227,1788369410392-1kqp1f,1332,ERROR,,,,,,,,,,,,,,,,,,,,,,,,,,,,autopilot fund wallet,Failed to fetch,,
2026-09-02T17:39:02.608Z,ui,229,1788369410392-1kqp1f,1332,ERROR,,,,,,,,,,,,,,,,,,,,,,,,,,,,autopilot fund wallet,Failed to fetch,,
2026-09-02T17:39:02.608Z,ui,228,1788369410392-1kqp1f,1332,ERROR,,,,,,,,,,,,,,,,,,,,,,,,,,,,autopilot fund wallet,Failed to fetch,,
2026-09-02T17:39:02.608Z,ui,230,1788369410392-1kqp1f,1332,ERROR,,,,,,,,,,,,,,,,,,,,,,,,,,,,autopilot fund wallet,Failed to fetch,,
2026-09-02T17:39:02.608Z,ui,231,1788369410392-1kqp1f,1332,ERROR,,,,,,,,,,,,,,,,,,,,,,,,,,,,autopilot fund wallet,Failed to fetch,,
2026-09-02T17:39:02.608Z,ui,232,1788369410392-1kqp1f,1332,ERROR,,,,,,,,,,,,,,,,,,,,,,,,,,,,autopilot fund wallet,Failed to fetch,,
2026-09-02T17:39:02.608Z,ui,233,1788369410392-1kqp1f,1332,ERROR,,,,,,,,,,,,,,,,,,,,,,,,,,,,autopilot fund wallet,Failed to fetch,,
2026-09-02T17:39:02.608Z,ui,234,1788369410392-1kqp1f,1332,ERROR,,,,,,,,,,,,,,,,,,,,,,,,,,,,autopilot fund wallet,Failed to fetch,,
2026-09-02T17:39:02.609Z,ui,235,1788369410392-1kqp1f,1332,ERROR,,,,,,,,,,,,,,,,,,,,,,,,,,,,autopilot fund wallet,Failed to fetch,,
2026-09-02T17:39:02.610Z,ui,236,1788369410392-1kqp1f,1332,ERROR,,,,,,,,,,,,,,,,,,,,,,,,,,,,autopilot fund wallet,Failed to fetch,,
2026-09-02T17:39:02.610Z,ui,237,1788369410392-1kqp1f,1332,ERROR,,,,,,,,,,,,,,,,,,,,,,,,,,,,autopilot fund wallet,Failed to fetch,,
2026-09-02T17:39:02.610Z,ui,238,1788369410392-1kqp1f,1332,ERROR,,,,,,,,,,,,,,,,,,,,,,,,,,,,autopilot fund wallet,Failed to fetch,,
2026-09-02T17:39:02.610Z,ui,239,1788369410392-1kqp1f,1332,ERROR,,,,,,,,,,,,,,,,,,,,,,,,,,,,autopilot fund wallet,Failed to fetch,,
2026-09-02T17:39:02.610Z,ui,240,1788369410392-1kqp1f,1332,ERROR,,,,,,,,,,,,,,,,,,,,,,,,,,,,autopilot fund wallet,Failed to fetch,,
2026-09-02T17:39:02.610Z,ui,242,1788369410392-1kqp1f,1332,ERROR,,,,,,,,,,,,,,,,,,,,,,,,,,,,autopilot fund wallet,Failed to fetch,,
2026-09-02T17:39:02.610Z,ui,241,1788369410392-1kqp1f,1332,ERROR,,,,,,,,,,,,,,,,,,,,,,,,,,,,autopilot fund wallet,Failed to fetch,,
2026-09-02T17:39:02.610Z,ui,243,1788369410392-1kqp1f,1332,ERROR,,,,,,,,,,,,,,,,,,,,,,,,,,,,autopilot fund wallet,Failed to fetch,,
2026-09-02T17:39:02.611Z,ui,244,1788369410392-1kqp1f,1332,ERROR,,,,,,,,,,,,,,,,,,,,,,,,,,,,autopilot fund wallet,Failed to fetch,,
2026-09-02T17:39:02.611Z,ui,245,1788369410392-1kqp1f,1332,ERROR,,,,,,,,,,,,,,,,,,,,,,,,,,,,autopilot fund wallet,Failed to fetch,,
2026-09-02T17:39:02.611Z,ui,246,1788369410392-1kqp1f,1332,ERROR,,,,,,,,,,,,,,,,,,,,,,,,,,,,autopilot fund wallet,Failed to fetch,,
2026-09-02T17:39:02.611Z,ui,247,1788369410392-1kqp1f,1332,ERROR,,,,,,,,,,,,,,,,,,,,,,,,,,,,autopilot fund wallet,Failed to fetch,,
2026-09-02T17:39:02.612Z,ui,248,1788369410392-1kqp1f,1332,ERROR,,,,,,,,,,,,,,,,,,,,,,,,,,,,autopilot fund wallet,Failed to fetch,,
2026-09-02T17:39:02.612Z,ui,249,1788369410392-1kqp1f,1332,ERROR,,,,,,,,,,,,,,,,,,,,,,,,,,,,autopilot fund wallet,Failed to fetch,,
2026-09-02T17:39:02.612Z,ui,250,1788369410392-1kqp1f,1332,ERROR,,,,,,,,,,,,,,,,,,,,,,,,,,,,autopilot fund wallet,Failed to fetch,,
2026-09-02T17:39:02.612Z,ui,251,1788369410392-1kqp1f,1332,ERROR,,,,,,,,,,,,,,,,,,,,,,,,,,,,autopilot fund wallet,Failed to fetch,,
2026-09-02T17:39:02.613Z,ui,252,1788369410392-1kqp1f,1332,ERROR,,,,,,,,,,,,,,,,,,,,,,,,,,,,autopilot fund wallet,Failed to fetch,,
2026-09-02T17:39:02.613Z,ui,253,1788369410392-1kqp1f,1332,ERROR,,,,,,,,,,,,,,,,,,,,,,,,,,,,autopilot fund wallet,Failed to fetch,,
2026-09-02T17:39:02.613Z,ui,254,1788369410392-1kqp1f,1332,ERROR,,,,,,,,,,,,,,,,,,,,,,,,,,,,autopilot fund wallet,Failed to fetch,,
2026-09-02T17:39:02.613Z,ui,255,1788369410392-1kqp1f,1332,ERROR,,,,,,,,,,,,,,,,,,,,,,,,,,,,autopilot fund wallet,Failed to fetch,,
2026-09-02T17:39:02.613Z,ui,256,1788369410392-1kqp1f,1332,ERROR,,,,,,,,,,,,,,,,,,,,,,,,,,,,autopilot fund wallet,Failed to fetch,,
2026-09-02T17:39:02.613Z,ui,257,1788369410392-1kqp1f,1332,ERROR,,,,,,,,,,,,,,,,,,,,,,,,,,,,autopilot fund wallet,Failed to fetch,,
2026-09-02T17:39:02.613Z,ui,258,1788369410392-1kqp1f,1332,ERROR,,,,,,,,,,,,,,,,,,,,,,,,,,,,autopilot fund wallet,Failed to fetch,,
2026-09-02T17:39:02.614Z,ui,259,1788369410392-1kqp1f,1332,ERROR,,,,,,,,,,,,,,,,,,,,,,,,,,,,autopilot fund wallet,Failed to fetch,,
2026-09-02T17:39:02.615Z,ui,260,1788369410392-1kqp1f,1332,ERROR,,,,,,,,,,,,,,,,,,,,,,,,,,,,autopilot fund wallet,Failed to fetch,,
2026-09-02T17:39:02.615Z,ui,261,1788369410392-1kqp1f,1332,ERROR,,,,,,,,,,,,,,,,,,,,,,,,,,,,autopilot fund wallet,Failed to fetch,,
2026-09-02T17:39:02.615Z,ui,262,1788369410392-1kqp1f,1332,ERROR,,,,,,,,,,,,,,,,,,,,,,,,,,,,autopilot fund wallet,Failed to fetch,,
2026-09-02T17:39:02.615Z,ui,263,1788369410392-1kqp1f,1332,ERROR,,,,,,,,,,,,,,,,,,,,,,,,,,,,autopilot fund wallet,Failed to fetch,,
2026-09-02T17:39:02.615Z,ui,264,1788369410392-1kqp1f,1332,ERROR,,,,,,,,,,,,,,,,,,,,,,,,,,,,autopilot fund wallet,Failed to fetch,,
2026-09-02T17:39:02.615Z,ui,265,1788369410392-1kqp1f,1332,ERROR,,,,,,,,,,,,,,,,,,,,,,,,,,,,autopilot fund wallet,Failed to fetch,,
2026-09-02T17:39:02.615Z,ui,266,1788369410392-1kqp1f,1332,ERROR,,,,,,,,,,,,,,,,,,,,,,,,,,,,autopilot fund wallet,Failed to fetch,,
2026-09-02T17:39:02.616Z,ui,267,1788369410392-1kqp1f,1332,ERROR,,,,,,,,,,,,,,,,,,,,,,,,,,,,autopilot fund wallet,Failed to fetch,,
2026-09-02T17:39:02.617Z,ui,268,1788369410392-1kqp1f,1332,ERROR,,,,,,,,,,,,,,,,,,,,,,,,,,,,autopilot fund wallet,Failed to fetch,,
2026-09-02T17:39:02.617Z,ui,269,1788369410392-1kqp1f,1332,ERROR,,,,,,,,,,,,,,,,,,,,,,,,,,,,autopilot fund wallet,Failed to fetch,,
2026-09-02T17:39:02.617Z,ui,270,1788369410392-1kqp1f,1332,ERROR,,,,,,,,,,,,,,,,,,,,,,,,,,,,autopilot fund wallet,Failed to fetch,,
2026-09-02T17:39:02.617Z,ui,271,1788369410392-1kqp1f,1332,ERROR,,,,,,,,,,,,,,,,,,,,,,,,,,,,autopilot fund wallet,Failed to fetch,,
2026-09-02T17:39:02.617Z,ui,272,1788369410392-1kqp1f,1332,ERROR,,,,,,,,,,,,,,,,,,,,,,,,,,,,autopilot fund wallet,Failed to fetch,,
2026-09-02T17:39:02.617Z,ui,273,1788369410392-1kqp1f,1332,ERROR,,,,,,,,,,,,,,,,,,,,,,,,,,,,autopilot fund wallet,Failed to fetch,,
2026-09-02T17:39:02.617Z,ui,274,1788369410392-1kqp1f,1332,ERROR,,,,,,,,,,,,,,,,,,,,,,,,,,,,autopilot fund wallet,Failed to fetch,,
2026-09-02T17:39:02.618Z,ui,275,1788369410392-1kqp1f,1332,ERROR,,,,,,,,,,,,,,,,,,,,,,,,,,,,autopilot fund wallet,Failed to fetch,,
2026-09-02T17:39:02.619Z,ui,276,1788369410392-1kqp1f,1332,ERROR,,,,,,,,,,,,,,,,,,,,,,,,,,,,autopilot fund wallet,Failed to fetch,,
2026-09-02T17:39:02.619Z,ui,277,1788369410392-1kqp1f,1332,ERROR,,,,,,,,,,,,,,,,,,,,,,,,,,,,autopilot fund wallet,Failed to fetch,,
2026-09-02T17:39:02.619Z,ui,278,1788369410392-1kqp1f,1332,ERROR,,,,,,,,,,,,,,,,,,,,,,,,,,,,autopilot fund wallet,Failed to fetch,,
2026-09-02T17:39:02.619Z,ui,279,1788369410392-1kqp1f,1332,ERROR,,,,,,,,,,,,,,,,,,,,,,,,,,,,autopilot fund wallet,Failed to fetch,,
2026-09-02T17:39:02.619Z,ui,280,1788369410392-1kqp1f,1332,ERROR,,,,,,,,,,,,,,,,,,,,,,,,,,,,autopilot fund wallet,Failed to fetch,,
2026-09-02T17:39:02.621Z,ui,284,1788369410392-1kqp1f,1332,ERROR,,,,,,,,,,,,,,,,,,,,,,,,,,,,autopilot fund wallet,Failed to fetch,,
2026-09-02T17:39:02.619Z,ui,281,1788369410392-1kqp1f,1332,ERROR,,,,,,,,,,,,,,,,,,,,,,,,,,,,autopilot fund wallet,Failed to fetch,,
2026-09-02T17:39:02.619Z,ui,282,1788369410392-1kqp1f,1332,ERROR,,,,,,,,,,,,,,,,,,,,,,,,,,,,autopilot fund wallet,Failed to fetch,,
2026-09-02T17:39:02.620Z,ui,283,1788369410392-1kqp1f,1332,ERROR,,,,,,,,,,,,,,,,,,,,,,,,,,,,autopilot fund wallet,Failed to fetch,,
2026-09-02T17:39:02.621Z,ui,285,1788369410392-1kqp1f,1332,ERROR,,,,,,,,,,,,,,,,,,,,,,,,,,,,autopilot fund wallet,Failed to fetch,,
2026-09-02T17:39:02.621Z,ui,286,1788369410392-1kqp1f,1332,ERROR,,,,,,,,,,,,,,,,,,,,,,,,,,,,autopilot fund wallet,Failed to fetch,,
2026-09-02T17:39:02.621Z,ui,287,1788369410392-1kqp1f,1332,ERROR,,,,,,,,,,,,,,,,,,,,,,,,,,,,autopilot fund wallet,Failed to fetch,,
2026-09-02T17:39:02.621Z,ui,289,1788369410392-1kqp1f,1332,ERROR,,,,,,,,,,,,,,,,,,,,,,,,,,,,autopilot fund wallet,Failed to fetch,,
2026-09-02T17:39:02.621Z,ui,288,1788369410392-1kqp1f,1332,ERROR,,,,,,,,,,,,,,,,,,,,,,,,,,,,autopilot fund wallet,Failed to fetch,,
2026-09-02T17:39:02.621Z,ui,290,1788369410392-1kqp1f,1332,ERROR,,,,,,,,,,,,,,,,,,,,,,,,,,,,autopilot fund wallet,Failed to fetch,,
2026-09-02T17:39:02.622Z,ui,291,1788369410392-1kqp1f,1332,ERROR,,,,,,,,,,,,,,,,,,,,,,,,,,,,autopilot fund wallet,Failed to fetch,,
2026-09-02T17:39:02.623Z,ui,292,1788369410392-1kqp1f,1332,ERROR,,,,,,,,,,,,,,,,,,,,,,,,,,,,autopilot fund wallet,Failed to fetch,,
2026-09-02T17:39:02.623Z,ui,293,1788369410392-1kqp1f,1332,ERROR,,,,,,,,,,,,,,,,,,,,,,,,,,,,autopilot fund wallet,Failed to fetch,,
2026-09-02T17:39:02.623Z,ui,294,1788369410392-1kqp1f,1332,ERROR,,,,,,,,,,,,,,,,,,,,,,,,,,,,autopilot fund wallet,Failed to fetch,,
2026-09-02T17:39:02.623Z,ui,295,1788369410392-1kqp1f,1332,ERROR,,,,,,,,,,,,,,,,,,,,,,,,,,,,autopilot fund wallet,Failed to fetch,,
2026-09-02T17:39:02.623Z,ui,297,1788369410392-1kqp1f,1332,ERROR,,,,,,,,,,,,,,,,,,,,,,,,,,,,autopilot fund wallet,Failed to fetch,,
2026-09-02T17:39:02.623Z,ui,296,1788369410392-1kqp1f,1332,ERROR,,,,,,,,,,,,,,,,,,,,,,,,,,,,autopilot fund wallet,Failed to fetch,,
2026-09-02T17:39:02.623Z,ui,298,1788369410392-1kqp1f,1332,ERROR,,,,,,,,,,,,,,,,,,,,,,,,,,,,autopilot fund wallet,Failed to fetch,,
2026-09-02T17:39:02.623Z,ui,299,1788369410392-1kqp1f,1332,ERROR,,,,,,,,,,,,,,,,,,,,,,,,,,,,autopilot fund wallet,Failed to fetch,,
2026-09-02T17:39:02.624Z,ui,300,1788369410392-1kqp1f,1332,ERROR,,,,,,,,,,,,,,,,,,,,,,,,,,,,autopilot fund wallet,Failed to fetch,,
2026-09-02T17:39:02.624Z,ui,301,1788369410392-1kqp1f,1332,ERROR,,,,,,,,,,,,,,,,,,,,,,,,,,,,autopilot fund wallet,Failed to fetch,,
2026-09-02T17:39:02.624Z,ui,302,1788369410392-1kqp1f,1332,ERROR,,,,,,,,,,,,,,,,,,,,,,,,,,,,autopilot fund wallet,Failed to fetch,,
2026-09-02T17:39:02.624Z,ui,303,1788369410392-1kqp1f,1332,ERROR,,,,,,,,,,,,,,,,,,,,,,,,,,,,autopilot fund wallet,Failed to fetch,,
2026-09-02T17:39:02.624Z,ui,304,1788369410392-1kqp1f,1332,ERROR,,,,,,,,,,,,,,,,,,,,,,,,,,,,autopilot fund wallet,Failed to fetch,,
2026-09-02T17:39:02.624Z,ui,305,1788369410392-1kqp1f,1332,ERROR,,,,,,,,,,,,,,,,,,,,,,,,,,,,autopilot fund wallet,Failed to fetch,,
2026-09-02T17:39:02.624Z,ui,306,1788369410392-1kqp1f,1332,ERROR,,,,,,,,,,,,,,,,,,,,,,,,,,,,autopilot fund wallet,Failed to fetch,,
2026-09-02T17:39:02.625Z,ui,307,1788369410392-1kqp1f,1332,ERROR,,,,,,,,,,,,,,,,,,,,,,,,,,,,autopilot fund wallet,Failed to fetch,,
2026-09-02T17:39:02.626Z,ui,308,1788369410392-1kqp1f,1332,ERROR,,,,,,,,,,,,,,,,,,,,,,,,,,,,autopilot fund wallet,Failed to fetch,,
2026-09-02T17:39:02.626Z,ui,309,1788369410392-1kqp1f,1332,ERROR,,,,,,,,,,,,,,,,,,,,,,,,,,,,autopilot fund wallet,Failed to fetch,,
2026-09-02T17:39:02.626Z,ui,310,1788369410392-1kqp1f,1332,ERROR,,,,,,,,,,,,,,,,,,,,,,,,,,,,autopilot fund wallet,Failed to fetch,,
2026-09-02T17:39:02.626Z,ui,311,1788369410392-1kqp1f,1332,ERROR,,,,,,,,,,,,,,,,,,,,,,,,,,,,autopilot fund wallet,Failed to fetch,,
2026-09-02T17:39:02.626Z,ui,313,1788369410392-1kqp1f,1332,ERROR,,,,,,,,,,,,,,,,,,,,,,,,,,,,autopilot fund wallet,Failed to fetch,,
2026-09-02T17:39:02.627Z,ui,315,1788369410392-1kqp1f,1332,ERROR,,,,,,,,,,,,,,,,,,,,,,,,,,,,autopilot fund wallet,Failed to fetch,,
2026-09-02T17:39:02.627Z,ui,316,1788369410392-1kqp1f,1332,ERROR,,,,,,,,,,,,,,,,,,,,,,,,,,,,autopilot fund wallet,Failed to fetch,,
2026-09-02T17:39:02.627Z,ui,314,1788369410392-1kqp1f,1332,ERROR,,,,,,,,,,,,,,,,,,,,,,,,,,,,autopilot fund wallet,Failed to fetch,,
2026-09-02T17:39:02.626Z,ui,312,1788369410392-1kqp1f,1332,ERROR,,,,,,,,,,,,,,,,,,,,,,,,,,,,autopilot fund wallet,Failed to fetch,,
2026-09-02T17:39:02.628Z,ui,317,1788369410392-1kqp1f,1332,ERROR,,,,,,,,,,,,,,,,,,,,,,,,,,,,autopilot fund wallet,Failed to fetch,,
2026-09-02T17:39:02.628Z,ui,318,1788369410392-1kqp1f,1332,ERROR,,,,,,,,,,,,,,,,,,,,,,,,,,,,autopilot fund wallet,Failed to fetch,,
2026-09-02T17:39:02.628Z,ui,319,1788369410392-1kqp1f,1332,ERROR,,,,,,,,,,,,,,,,,,,,,,,,,,,,autopilot fund wallet,Failed to fetch,,
2026-09-02T17:39:02.629Z,ui,320,1788369410392-1kqp1f,1332,ERROR,,,,,,,,,,,,,,,,,,,,,,,,,,,,autopilot fund wallet,Failed to fetch,,
2026-09-02T17:39:02.629Z,ui,321,1788369410392-1kqp1f,1332,ERROR,,,,,,,,,,,,,,,,,,,,,,,,,,,,autopilot fund wallet,Failed to fetch,,
2026-09-02T17:39:02.629Z,ui,322,1788369410392-1kqp1f,1332,ERROR,,,,,,,,,,,,,,,,,,,,,,,,,,,,autopilot fund wallet,Failed to fetch,,
2026-09-02T17:39:02.629Z,ui,323,1788369410392-1kqp1f,1332,ERROR,,,,,,,,,,,,,,,,,,,,,,,,,,,,autopilot fund wallet,Failed to fetch,,
2026-09-02T17:39:02.629Z,ui,324,1788369410392-1kqp1f,1332,ERROR,,,,,,,,,,,,,,,,,,,,,,,,,,,,autopilot fund wallet,Failed to fetch,,
2026-09-02T17:39:02.629Z,ui,325,1788369410392-1kqp1f,1332,ERROR,,,,,,,,,,,,,,,,,,,,,,,,,,,,autopilot fund wallet,Failed to fetch,,
2026-09-02T17:39:02.630Z,ui,326,1788369410392-1kqp1f,1332,ERROR,,,,,,,,,,,,,,,,,,,,,,,,,,,,autopilot fund wallet,Failed to fetch,,
2026-09-02T17:39:02.631Z,ui,327,1788369410392-1kqp1f,1332,ERROR,,,,,,,,,,,,,,,,,,,,,,,,,,,,autopilot fund wallet,Failed to fetch,,
2026-09-02T17:39:02.631Z,ui,328,1788369410392-1kqp1f,1332,ERROR,,,,,,,,,,,,,,,,,,,,,,,,,,,,autopilot fund wallet,Failed to fetch,,
2026-09-02T17:39:02.631Z,ui,329,1788369410392-1kqp1f,1332,ERROR,,,,,,,,,,,,,,,,,,,,,,,,,,,,autopilot fund wallet,Failed to fetch,,
2026-09-02T17:39:02.631Z,ui,330,1788369410392-1kqp1f,1332,ERROR,,,,,,,,,,,,,,,,,,,,,,,,,,,,autopilot fund wallet,Failed to fetch,,
2026-09-02T17:39:02.631Z,ui,331,1788369410392-1kqp1f,1332,ERROR,,,,,,,,,,,,,,,,,,,,,,,,,,,,autopilot fund wallet,Failed to fetch,,
2026-09-02T17:39:02.632Z,ui,333,1788369410392-1kqp1f,1332,ERROR,,,,,,,,,,,,,,,,,,,,,,,,,,,,autopilot fund wallet,Failed to fetch,,
2026-09-02T17:39:02.632Z,ui,332,1788369410392-1kqp1f,1332,ERROR,,,,,,,,,,,,,,,,,,,,,,,,,,,,autopilot fund wallet,Failed to fetch,,
2026-09-02T17:39:02.632Z,ui,334,1788369410392-1kqp1f,1332,ERROR,,,,,,,,,,,,,,,,,,,,,,,,,,,,autopilot fund wallet,Failed to fetch,,
2026-09-02T17:39:02.632Z,ui,335,1788369410392-1kqp1f,1332,ERROR,,,,,,,,,,,,,,,,,,,,,,,,,,,,autopilot fund wallet,Failed to fetch,,
2026-09-02T17:39:02.632Z,ui,336,1788369410392-1kqp1f,1332,ERROR,,,,,,,,,,,,,,,,,,,,,,,,,,,,autopilot fund wallet,Failed to fetch,,
2026-09-02T17:39:02.632Z,ui,337,1788369410392-1kqp1f,1332,ERROR,,,,,,,,,,,,,,,,,,,,,,,,,,,,autopilot fund wallet,Failed to fetch,,
2026-09-02T17:39:02.633Z,ui,339,1788369410392-1kqp1f,1332,ERROR,,,,,,,,,,,,,,,,,,,,,,,,,,,,autopilot fund wallet,Failed to fetch,,
2026-09-02T17:39:02.633Z,ui,338,1788369410392-1kqp1f,1332,ERROR,,,,,,,,,,,,,,,,,,,,,,,,,,,,autopilot fund wallet,Failed to fetch,,
2026-09-02T17:39:02.633Z,ui,340,1788369410392-1kqp1f,1332,ERROR,,,,,,,,,,,,,,,,,,,,,,,,,,,,autopilot fund wallet,Failed to fetch,,
2026-09-02T17:39:02.633Z,ui,341,1788369410392-1kqp1f,1332,ERROR,,,,,,,,,,,,,,,,,,,,,,,,,,,,autopilot fund wallet,Failed to fetch,,
2026-09-02T17:39:02.633Z,ui,342,1788369410392-1kqp1f,1332,ERROR,,,,,,,,,,,,,,,,,,,,,,,,,,,,autopilot fund wallet,Failed to fetch,,
2026-09-02T17:39:02.635Z,ui,343,1788369410392-1kqp1f,1332,ERROR,,,,,,,,,,,,,,,,,,,,,,,,,,,,autopilot fund wallet,Failed to fetch,,
2026-09-02T17:39:02.635Z,ui,344,1788369410392-1kqp1f,1332,ERROR,,,,,,,,,,,,,,,,,,,,,,,,,,,,autopilot fund wallet,Failed to fetch,,
2026-09-02T17:39:02.635Z,ui,345,1788369410392-1kqp1f,1332,ERROR,,,,,,,,,,,,,,,,,,,,,,,,,,,,autopilot fund wallet,Failed to fetch,,
2026-09-02T17:39:02.635Z,ui,346,1788369410392-1kqp1f,1332,ERROR,,,,,,,,,,,,,,,,,,,,,,,,,,,,autopilot fund wallet,Failed to fetch,,
2026-09-02T17:39:02.635Z,ui,347,1788369410392-1kqp1f,1332,ERROR,,,,,,,,,,,,,,,,,,,,,,,,,,,,autopilot fund wallet,Failed to fetch,,
2026-09-02T17:39:02.636Z,ui,348,1788369410392-1kqp1f,1332,ERROR,,,,,,,,,,,,,,,,,,,,,,,,,,,,autopilot fund wallet,Failed to fetch,,
2026-09-02T17:39:02.636Z,ui,349,1788369410392-1kqp1f,1332,ERROR,,,,,,,,,,,,,,,,,,,,,,,,,,,,autopilot fund wallet,Failed to fetch,,
2026-09-02T17:39:02.636Z,ui,350,1788369410392-1kqp1f,1332,ERROR,,,,,,,,,,,,,,,,,,,,,,,,,,,,autopilot fund wallet,Failed to fetch,,
2026-09-02T17:39:02.636Z,ui,351,1788369410392-1kqp1f,1332,ERROR,,,,,,,,,,,,,,,,,,,,,,,,,,,,autopilot fund wallet,Failed to fetch,,
2026-09-02T17:39:02.636Z,ui,352,1788369410392-1kqp1f,1332,ERROR,,,,,,,,,,,,,,,,,,,,,,,,,,,,autopilot fund wallet,Failed to fetch,,
2026-09-02T17:39:02.637Z,ui,353,1788369410392-1kqp1f,1332,ERROR,,,,,,,,,,,,,,,,,,,,,,,,,,,,autopilot fund wallet,Failed to fetch,,
2026-09-02T17:39:02.637Z,ui,354,1788369410392-1kqp1f,1332,ERROR,,,,,,,,,,,,,,,,,,,,,,,,,,,,autopilot fund wallet,Failed to fetch,,
2026-09-02T17:39:02.637Z,ui,355,1788369410392-1kqp1f,1332,ERROR,,,,,,,,,,,,,,,,,,,,,,,,,,,,autopilot fund wallet,Failed to fetch,,
2026-09-02T17:39:02.638Z,ui,357,1788369410392-1kqp1f,1332,ERROR,,,,,,,,,,,,,,,,,,,,,,,,,,,,autopilot fund wallet,Failed to fetch,,
2026-09-02T17:39:02.637Z,ui,356,1788369410392-1kqp1f,1332,ERROR,,,,,,,,,,,,,,,,,,,,,,,,,,,,autopilot fund wallet,Failed to fetch,,
2026-09-02T17:39:02.638Z,ui,358,1788369410392-1kqp1f,1332,ERROR,,,,,,,,,,,,,,,,,,,,,,,,,,,,autopilot fund wallet,Failed to fetch,,
2026-09-02T17:39:02.638Z,ui,359,1788369410392-1kqp1f,1332,ERROR,,,,,,,,,,,,,,,,,,,,,,,,,,,,autopilot fund wallet,Failed to fetch,,
2026-09-02T17:39:02.638Z,ui,360,1788369410392-1kqp1f,1332,ERROR,,,,,,,,,,,,,,,,,,,,,,,,,,,,autopilot fund wallet,Failed to fetch,,
2026-09-02T17:39:02.638Z,ui,361,1788369410392-1kqp1f,1332,ERROR,,,,,,,,,,,,,,,,,,,,,,,,,,,,autopilot fund wallet,Failed to fetch,,
2026-09-02T17:39:02.639Z,ui,363,1788369410392-1kqp1f,1332,ERROR,,,,,,,,,,,,,,,,,,,,,,,,,,,,autopilot fund wallet,Failed to fetch,,
2026-09-02T17:39:02.638Z,ui,362,1788369410392-1kqp1f,1332,ERROR,,,,,,,,,,,,,,,,,,,,,,,,,,,,autopilot fund wallet,Failed to fetch,,
2026-09-02T17:39:02.639Z,ui,364,1788369410392-1kqp1f,1332,ERROR,,,,,,,,,,,,,,,,,,,,,,,,,,,,autopilot fund wallet,Failed to fetch,,
2026-09-02T17:39:02.639Z,ui,365,1788369410392-1kqp1f,1332,ERROR,,,,,,,,,,,,,,,,,,,,,,,,,,,,autopilot fund wallet,Failed to fetch,,
2026-09-02T17:39:02.663Z,ui,366,1788369410392-1kqp1f,1332,ERROR,,,,,,,,,,,,,,,,,,,,,,,,,,,,launch bot create,Failed to fetch,,
2026-09-02T17:39:09.981Z,ui,368,1788369410392-1kqp1f,1340,ERROR,,,,,,,,,,,,,,,,,,,,,,,,,,,,launch bot create,Failed to fetch,,
2026-09-02T17:39:14.143Z,ui,369,1788369410392-1kqp1f,1344,ERROR,,,,,,,,,,,,,,,,,,,,,,,,,,,,launch bot create,Failed to fetch,,
2026-09-02T17:39:20.859Z,ui,370,1788369410392-1kqp1f,1350,ERROR,,,,,,,,,,,,,,,,,,,,,,,,,,,,launch bot create,Failed to fetch,,
2026-09-02T17:39:26.505Z,ui,371,1788369410392-1kqp1f,1356,ERROR,,,,,,,,,,,,,,,,,,,,,,,,,,,,launch bot create,Failed to fetch,,
2026-09-02T17:39:32.405Z,ui,372,1788369410392-1kqp1f,1362,ERROR,,,,,,,,,,,,,,,,,,,,,,,,,,,,launch bot create,Failed to fetch,,
2026-09-02T17:39:38.672Z,ui,373,1788369410392-1kqp1f,1368,ERROR,,,,,,,,,,,,,,,,,,,,,,,,,,,,launch bot create,Failed to fetch,,
2026-09-02T17:39:44.660Z,ui,374,1788369410392-1kqp1f,1374,ERROR,,,,,,,,,,,,,,,,,,,,,,,,,,,,launch bot create,Failed to fetch,,
2026-09-02T17:39:48.887Z,ui,375,1788369410392-1kqp1f,1378,ERROR,,,,,,,,,,,,,,,,,,,,,,,,,,,,launch bot create,Failed to fetch,,
2026-09-02T17:39:55.926Z,ui,376,1788369410392-1kqp1f,1386,ERROR,,,,,,,,,,,,,,,,,,,,,,,,,,,,launch bot create,Failed to fetch,,
2026-09-02T17:39:59.305Z,ui,377,1788369410392-1kqp1f,1389,ERROR,,,,,,,,,,,,,,,,,,,,,,,,,,,,launch bot create,Failed to fetch,,
2026-09-02T17:40:03.173Z,ui,378,1788369410392-1kqp1f,1393,ERROR,,,,,,,,,,,,,,,,,,,,,,,,,,,,launch bot create,Failed to fetch,,
2026-09-02T17:40:06.775Z,ui,379,1788369410392-1kqp1f,1396,ERROR,,,,,,,,,,,,,,,,,,,,,,,,,,,,launch bot create,Failed to fetch,,
2026-09-02T17:40:10.037Z,ui,380,1788369410392-1kqp1f,1400,ERROR,,,,,,,,,,,,,,,,,,,,,,,,,,,,launch bot create,Failed to fetch,,
2026-09-02T17:40:14.804Z,ui,381,1788369410392-1kqp1f,1404,ERROR,,,,,,,,,,,,,,,,,,,,,,,,,,,,launch bot create,Failed to fetch,,
2026-09-02T17:40:20.348Z,ui,382,1788369410392-1kqp1f,1410,ERROR,,,,,,,,,,,,,,,,,,,,,,,,,,,,launch bot create,Failed to fetch,,
2026-09-02T17:40:25.022Z,ui,383,1788369410392-1kqp1f,1415,ERROR,,,,,,,,,,,,,,,,,,,,,,,,,,,,launch bot create,Failed to fetch,,
2026-09-02T17:40:28.329Z,ui,384,1788369410392-1kqp1f,1418,ERROR,,,,,,,,,,,,,,,,,,,,,,,,,,,,launch bot create,Failed to fetch,,
2026-09-02T17:40:34.288Z,ui,385,1788369410392-1kqp1f,1424,ERROR,,,,,,,,,,,,,,,,,,,,,,,,,,,,launch bot create,Failed to fetch,,
2026-09-02T17:40:39.116Z,ui,386,1788369410392-1kqp1f,1429,ERROR,,,,,,,,,,,,,,,,,,,,,,,,,,,,launch bot create,Failed to fetch,,
2026-09-02T17:40:41.954Z,ui,387,1788369410392-1kqp1f,1432,ERROR,,,,,,,,,,,,,,,,,,,,,,,,,,,,launch bot create,Failed to fetch,,
2026-09-02T17:40:46.468Z,ui,388,1788369410392-1kqp1f,1436,ERROR,,,,,,,,,,,,,,,,,,,,,,,,,,,,launch bot create,Failed to fetch,,
2026-09-02T17:40:50.264Z,ui,389,1788369410392-1kqp1f,1440,ERROR,,,,,,,,,,,,,,,,,,,,,,,,,,,,launch bot create,Failed to fetch,,
2026-09-02T17:40:55.141Z,ui,390,1788369410392-1kqp1f,1445,ERROR,,,,,,,,,,,,,,,,,,,,,,,,,,,,launch bot create,Failed to fetch,,
2026-09-02T17:41:02.358Z,ui,391,1788369410392-1kqp1f,1452,ERROR,,,,,,,,,,,,,,,,,,,,,,,,,,,,launch bot create,Failed to fetch,,
2026-09-02T17:41:07.418Z,ui,392,1788369410392-1kqp1f,1457,ERROR,,,,,,,,,,,,,,,,,,,,,,,,,,,,launch bot create,Failed to fetch,,
2026-09-02T17:41:12.458Z,ui,393,1788369410392-1kqp1f,1462,ERROR,,,,,,,,,,,,,,,,,,,,,,,,,,,,launch bot create,Failed to fetch,,
2026-09-02T17:41:19.816Z,ui,394,1788369410392-1kqp1f,1469,ERROR,,,,,,,,,,,,,,,,,,,,,,,,,,,,launch bot create,Failed to fetch,,
2026-09-02T17:41:24.048Z,ui,395,1788369410392-1kqp1f,1474,ERROR,,,,,,,,,,,,,,,,,,,,,,,,,,,,launch bot create,Failed to fetch,,
2026-09-02T17:41:27.232Z,ui,396,1788369410392-1kqp1f,1477,ERROR,,,,,,,,,,,,,,,,,,,,,,,,,,,,launch bot create,Failed to fetch,,
2026-09-02T17:41:30.291Z,ui,397,1788369410392-1kqp1f,1480,ERROR,,,,,,,,,,,,,,,,,,,,,,,,,,,,launch bot create,Failed to fetch,,
2026-09-02T17:41:35.779Z,ui,398,1788369410392-1kqp1f,1485,ERROR,,,,,,,,,,,,,,,,,,,,,,,,,,,,launch bot create,Failed to fetch,,
2026-09-02T17:41:40.754Z,ui,399,1788369410392-1kqp1f,1490,ERROR,,,,,,,,,,,,,,,,,,,,,,,,,,,,launch bot create,Failed to fetch,,
2026-09-02T17:41:45.613Z,ui,400,1788369410392-1kqp1f,1495,ERROR,,,,,,,,,,,,,,,,,,,,,,,,,,,,launch bot create,Failed to fetch,,
2026-09-02T17:41:48.392Z,ui,401,1788369410392-1kqp1f,1498,ERROR,,,,,,,,,,,,,,,,,,,,,,,,,,,,launch bot create,Failed to fetch,,
2026-09-02T17:41:52.887Z,ui,402,1788369410392-1kqp1f,1502,ERROR,,,,,,,,,,,,,,,,,,,,,,,,,,,,launch bot create,Failed to fetch,,
2026-09-02T17:41:57.038Z,ui,403,1788369410392-1kqp1f,1507,ERROR,,,,,,,,,,,,,,,,,,,,,,,,,,,,launch bot create,Failed to fetch,,
2026-09-02T17:42:00.836Z,ui,404,1788369410392-1kqp1f,1510,ERROR,,,,,,,,,,,,,,,,,,,,,,,,,,,,launch bot create,Failed to fetch,,
2026-09-02T17:42:06.788Z,ui,405,1788369410392-1kqp1f,1516,ERROR,,,,,,,,,,,,,,,,,,,,,,,,,,,,launch bot create,Failed to fetch,,
2026-09-02T17:42:11.886Z,ui,406,1788369410392-1kqp1f,1521,ERROR,,,,,,,,,,,,,,,,,,,,,,,,,,,,launch bot create,Failed to fetch,,
2026-09-02T17:42:16.195Z,ui,407,1788369410392-1kqp1f,1526,ERROR,,,,,,,,,,,,,,,,,,,,,,,,,,,,launch bot create,Failed to fetch,,
2026-09-02T17:42:22.589Z,ui,408,1788369410392-1kqp1f,1532,ERROR,,,,,,,,,,,,,,,,,,,,,,,,,,,,launch bot create,Failed to fetch,,
2026-09-02T17:42:28.972Z,ui,409,1788369410392-1kqp1f,1539,ERROR,,,,,,,,,,,,,,,,,,,,,,,,,,,,launch bot create,Failed to fetch,,
2026-09-02T17:42:31.575Z,ui,410,1788369410392-1kqp1f,1541,ERROR,,,,,,,,,,,,,,,,,,,,,,,,,,,,launch bot create,Failed to fetch,,
2026-09-02T17:42:35.687Z,ui,411,1788369410392-1kqp1f,1545,ERROR,,,,,,,,,,,,,,,,,,,,,,,,,,,,launch bot create,Failed to fetch,,
2026-09-02T17:42:40.024Z,ui,412,1788369410392-1kqp1f,1550,ERROR,,,,,,,,,,,,,,,,,,,,,,,,,,,,launch bot create,Failed to fetch,,
2026-09-02T17:42:42.853Z,ui,413,1788369410392-1kqp1f,1552,ERROR,,,,,,,,,,,,,,,,,,,,,,,,,,,,launch bot create,Failed to fetch,,
2026-09-02T17:42:49.872Z,ui,414,1788369410392-1kqp1f,1559,ERROR,,,,,,,,,,,,,,,,,,,,,,,,,,,,launch bot create,Failed to fetch,,
2026-09-02T17:42:56.628Z,ui,415,1788369410392-1kqp1f,1566,ERROR,,,,,,,,,,,,,,,,,,,,,,,,,,,,launch bot create,Failed to fetch,,
2026-09-02T17:43:01.091Z,ui,416,1788369410392-1kqp1f,1571,ERROR,,,,,,,,,,,,,,,,,,,,,,,,,,,,launch bot create,Failed to fetch,,
2026-09-02T17:43:07.399Z,ui,417,1788369410392-1kqp1f,1577,ERROR,,,,,,,,,,,,,,,,,,,,,,,,,,,,launch bot create,Failed to fetch,,
2026-09-02T17:43:14.572Z,ui,418,1788369410392-1kqp1f,1584,ERROR,,,,,,,,,,,,,,,,,,,,,,,,,,,,launch bot create,Failed to fetch,,
2026-09-02T17:43:18.961Z,ui,419,1788369410392-1kqp1f,1589,ERROR,,,,,,,,,,,,,,,,,,,,,,,,,,,,launch bot create,Failed to fetch,,
2026-09-02T17:43:23.345Z,ui,420,1788369410392-1kqp1f,1593,ERROR,,,,,,,,,,,,,,,,,,,,,,,,,,,,launch bot create,Failed to fetch,,
2026-09-02T17:43:27.928Z,ui,421,1788369410392-1kqp1f,1598,ERROR,,,,,,,,,,,,,,,,,,,,,,,,,,,,launch bot create,Failed to fetch,,
2026-09-02T17:43:32.481Z,ui,422,1788369410392-1kqp1f,1602,ERROR,,,,,,,,,,,,,,,,,,,,,,,,,,,,launch bot create,Failed to fetch,,
2026-09-02T17:43:36.684Z,ui,423,1788369410392-1kqp1f,1606,ERROR,,,,,,,,,,,,,,,,,,,,,,,,,,,,launch bot create,Failed to fetch,,
2026-09-02T17:43:41.150Z,ui,424,1788369410392-1kqp1f,1611,ERROR,,,,,,,,,,,,,,,,,,,,,,,,,,,,launch bot create,Failed to fetch,,
2026-09-02T17:43:45.343Z,ui,425,1788369410392-1kqp1f,1615,ERROR,,,,,,,,,,,,,,,,,,,,,,,,,,,,launch bot create,Failed to fetch,,
2026-09-02T17:43:49.681Z,ui,426,1788369410392-1kqp1f,1619,ERROR,,,,,,,,,,,,,,,,,,,,,,,,,,,,launch bot create,Failed to fetch,,
2026-09-02T17:43:55.879Z,ui,427,1788369410392-1kqp1f,1625,ERROR,,,,,,,,,,,,,,,,,,,,,,,,,,,,launch bot create,Failed to fetch,,
2026-09-02T17:44:00.214Z,ui,428,1788369410392-1kqp1f,1630,ERROR,,,,,,,,,,,,,,,,,,,,,,,,,,,,launch bot create,Failed to fetch,,
2026-09-02T17:44:06.726Z,ui,429,1788369410392-1kqp1f,1636,ERROR,,,,,,,,,,,,,,,,,,,,,,,,,,,,launch bot create,Failed to fetch,,
2026-09-02T17:44:09.286Z,ui,430,1788369410392-1kqp1f,1639,ERROR,,,,,,,,,,,,,,,,,,,,,,,,,,,,launch bot create,Failed to fetch,,
2026-09-02T17:44:13.783Z,ui,431,1788369410392-1kqp1f,1643,ERROR,,,,,,,,,,,,,,,,,,,,,,,,,,,,launch bot create,Failed to fetch,,
2026-09-02T17:44:17.630Z,ui,432,1788369410392-1kqp1f,1647,ERROR,,,,,,,,,,,,,,,,,,,,,,,,,,,,launch bot create,Failed to fetch,,
2026-09-02T17:44:21.504Z,ui,433,1788369410392-1kqp1f,1651,ERROR,,,,,,,,,,,,,,,,,,,,,,,,,,,,launch bot create,Failed to fetch,,
2026-09-02T17:44:27.299Z,ui,434,1788369410392-1kqp1f,1657,ERROR,,,,,,,,,,,,,,,,,,,,,,,,,,,,launch bot create,Failed to fetch,,
2026-09-02T17:44:30.859Z,ui,435,1788369410392-1kqp1f,1660,ERROR,,,,,,,,,,,,,,,,,,,,,,,,,,,,launch bot create,Failed to fetch,,
2026-09-02T17:44:36.747Z,ui,436,1788369410392-1kqp1f,1666,ERROR,,,,,,,,,,,,,,,,,,,,,,,,,,,,launch bot create,Failed to fetch,,
2026-09-02T17:44:40.165Z,ui,437,1788369410392-1kqp1f,1670,ERROR,,,,,,,,,,,,,,,,,,,,,,,,,,,,launch bot create,Failed to fetch,,
2026-09-02T17:44:45.901Z,ui,438,1788369410392-1kqp1f,1676,ERROR,,,,,,,,,,,,,,,,,,,,,,,,,,,,launch bot create,Failed to fetch,,
2026-09-02T17:44:53.051Z,ui,439,1788369410392-1kqp1f,1683,ERROR,,,,,,,,,,,,,,,,,,,,,,,,,,,,launch bot create,Failed to fetch,,
2026-09-02T17:44:55.978Z,ui,440,1788369410392-1kqp1f,1686,ERROR,,,,,,,,,,,,,,,,,,,,,,,,,,,,launch bot create,Failed to fetch,,
2026-09-02T17:45:03.388Z,ui,441,1788369410392-1kqp1f,1693,ERROR,,,,,,,,,,,,,,,,,,,,,,,,,,,,launch bot create,Failed to fetch,,
2026-09-02T17:45:06.179Z,ui,442,1788369410392-1kqp1f,1696,ERROR,,,,,,,,,,,,,,,,,,,,,,,,,,,,launch bot create,Failed to fetch,,
2026-09-02T17:45:10.320Z,ui,443,1788369410392-1kqp1f,1700,ERROR,,,,,,,,,,,,,,,,,,,,,,,,,,,,launch bot create,Failed to fetch,,
2026-09-02T17:45:14.575Z,ui,444,1788369410392-1kqp1f,1704,ERROR,,,,,,,,,,,,,,,,,,,,,,,,,,,,launch bot create,Failed to fetch,,
2026-09-02T17:45:22.016Z,ui,445,1788369410392-1kqp1f,1712,ERROR,,,,,,,,,,,,,,,,,,,,,,,,,,,,launch bot create,Failed to fetch,,
2026-09-02T17:45:25.964Z,ui,446,1788369410392-1kqp1f,1716,ERROR,,,,,,,,,,,,,,,,,,,,,,,,,,,,launch bot create,Failed to fetch,,
2026-09-02T17:45:32.745Z,ui,447,1788369410392-1kqp1f,1722,ERROR,,,,,,,,,,,,,,,,,,,,,,,,,,,,launch bot create,Failed to fetch,,
2026-09-02T17:45:39.671Z,ui,448,1788369410392-1kqp1f,1729,ERROR,,,,,,,,,,,,,,,,,,,,,,,,,,,,launch bot create,Failed to fetch,,
2026-09-02T17:45:48.755Z,ui,449,1788369410392-1kqp1f,1738,ERROR,,,,,,,,,,,,,,,,,,,,,,,,,,,,launch bot create,Failed to fetch,,
2026-09-02T17:45:57.268Z,frontend,12,fe-1788348999572-zpoj62,,ERROR,,,,,,,,,,,,,,,,,,,,,,,,,,,,Top-up failed — mock faucet only works on local tokens,"insufficient funds for intrinsic transaction cost | insufficient funds for intrinsic transaction cost (transaction=""0x02f8b082b6268209aa808401312d0083030d409404ba106cea93728f2ae8d188a1ef0ef3285f07e180b84440c10f19000000000000000000000000667eb85f074446353fe49f75517808da549e785e00000000000000000000000000000000000000000000021e19e0c9bab2400000c080a06f80bb27049a921bb57bf684f42375cd42c1b90c17e472920fd337c5faf54cfea025e897fc2942fa3ab9c542bc060378f30adb60b678bb7732d2a48c507532ab1c"", info={ ""error"": { ""co",INSUFFICIENT_FUNDS,
2026-09-02T17:46:00.756Z,ui,450,1788369410392-1kqp1f,1750,ERROR,,,,,,,,,,,,,,,,,,,,,,,,,,,,launch bot create,Failed to fetch,,
2026-09-02T17:46:11.756Z,ui,451,1788369410392-1kqp1f,1761,ERROR,,,,,,,,,,,,,,,,,,,,,,,,,,,,launch bot create,Failed to fetch,,
2026-09-02T17:46:20.758Z,ui,452,1788369410392-1kqp1f,1770,ERROR,,,,,,,,,,,,,,,,,,,,,,,,,,,,launch bot create,Failed to fetch,,
2026-09-02T17:46:29.758Z,ui,453,1788369410392-1kqp1f,1779,ERROR,,,,,,,,,,,,,,,,,,,,,,,,,,,,launch bot create,Failed to fetch,,
2026-09-02T17:46:41.753Z,ui,454,1788369410392-1kqp1f,1791,ERROR,,,,,,,,,,,,,,,,,,,,,,,,,,,,launch bot create,Failed to fetch,,
2026-09-02T17:46:53.754Z,ui,455,1788369410392-1kqp1f,1803,ERROR,,,,,,,,,,,,,,,,,,,,,,,,,,,,launch bot create,Failed to fetch,,
2026-09-02T17:47:03.753Z,ui,456,1788369410392-1kqp1f,1813,ERROR,,,,,,,,,,,,,,,,,,,,,,,,,,,,launch bot create,Failed to fetch,,
2026-09-02T17:47:14.754Z,ui,457,1788369410392-1kqp1f,1824,ERROR,,,,,,,,,,,,,,,,,,,,,,,,,,,,launch bot create,Failed to fetch,,
2026-09-02T17:52:17.775Z,ui,458,1788369410392-1kqp1f,2127,ERROR,,,,,,,,,,,,,,,,,,,,,,,,,,,,launch bot create,Failed to fetch,,
2026-09-02T17:53:16.017Z,frontend,13,fe-1788348999572-zpoj62,,ERROR,,,,,,,,,,,,,,,,,,,,,,,,,,,,Top-up failed — mock faucet only works on local tokens,"insufficient funds for intrinsic transaction cost | insufficient funds for intrinsic transaction cost (transaction=""0x02f8b082b6268209aa808401312d0083030d409404ba106cea93728f2ae8d188a1ef0ef3285f07e180b84440c10f19000000000000000000000000667eb85f074446353fe49f75517808da549e785e00000000000000000000000000000000000000000000021e19e0c9bab2400000c080a06f80bb27049a921bb57bf684f42375cd42c1b90c17e472920fd337c5faf54cfea025e897fc2942fa3ab9c542bc060378f30adb60b678bb7732d2a48c507532ab1c"", info={ ""error"": { ""co",INSUFFICIENT_FUNDS,
2026-09-02T17:53:28.037Z,frontend,14,fe-1788348999572-zpoj62,,ERROR,,,,,,,,,,,,,,,,,,,,,,,,,,,,Top-up failed — mock faucet only works on local tokens,"insufficient funds for intrinsic transaction cost | insufficient funds for intrinsic transaction cost (transaction=""0x02f8b082b6268209aa808401312d0083030d409404ba106cea93728f2ae8d188a1ef0ef3285f07e180b84440c10f19000000000000000000000000667eb85f074446353fe49f75517808da549e785e00000000000000000000000000000000000000000000021e19e0c9bab2400000c080a06f80bb27049a921bb57bf684f42375cd42c1b90c17e472920fd337c5faf54cfea025e897fc2942fa3ab9c542bc060378f30adb60b678bb7732d2a48c507532ab1c"", info={ ""error"": { ""co",INSUFFICIENT_FUNDS,
2026-09-02T17:54:47.933Z,ui,459,1788369410392-1kqp1f,2278,ERROR,,,,,,,,,,,,,,,,,,,,,,,,,,,,launch bot create,Failed to fetch,,
2026-09-02T17:57:15.855Z,frontend,15,fe-1788348999572-zpoj62,,ERROR,,,,,,,,,,,,,,,,,,,,,,,,,,,,createLaunch,"insufficient funds for intrinsic transaction cost | insufficient funds for intrinsic transaction cost (transaction={ ""data"": ""0xa023ea6a00000000000000000000000000000000000000000000000000000000000000a000000000000000000000000000000000000000000000000000000000000000e00000000000000000000000000000000000000000000000000000000001312d000000000000000000000000000000000000000000000000000000000000000001000000000000000000000000000000000000000000000000000000000000000100000000000000000000000000000000000000000000",INSUFFICIENT_FUNDS,
2026-09-02T17:58:39.537Z,frontend,16,fe-1788348999572-zpoj62,,LAUNCH,0x2e712b9f191438429F9f6a79Ae2b86e783b4a247,,,,0.0,0,0.0,0,0.0,0,0.0000000000001,0.0000,,,,,,,,,,,,,,,,,,,
2026-09-02T19:08:29.599Z,frontend,1,fe-1788376109599-opun7g,,ERROR,,,,,,,,,,,,,,,,,,,,,,,,,,,,Mint failed,"Your wallet is on the right chain but its RPC is not this app's node. In MetaMask, edit the network's RPC URL to https://rpc.testnet.chain.robinhood.com, then retry.",,
2026-09-02T20:10:59.861Z,frontend,2,fe-1788376109599-opun7g,,ERROR,,,,,,,,,,,,,,,,,,,,,,,,,,,,Buy failed,"Buy timed out after 90s. Check MetaMask, then try again — this page is no longer waiting.",,
2026-09-02T20:30:49.460Z,frontend,3,fe-1788376109599-opun7g,,ERROR,,,,,,,,,,,,,,,,,,,,,,,,,,,,Buy failed,"transaction execution reverted | transaction execution reverted (action=""sendTransaction"", data=null, reason=null, invocation=null, revert=null, transaction={ ""data"": """", ""from"": ""0x667eb85F074446353FE49F75517808dA549e785e"", ""to"": ""0x2e712b9f191438429F9f6a79Ae2b86e783b4a247"" }, receipt={ ""_type"": ""TransactionReceipt"", ""blobGasPrice"": null, ""blobGasUsed"": null, ""blockHash"": ""0xe9d911412a20ede21eb974da05a7b34ac83a4d7bf497ec604bc9e9d0305fa5bf"", ""blockNumber"": 111921809, ""contractAddress"": null, ""cu",CALL_EXCEPTION,0x4b92e1e6039ecc2850522f53fe4d096fd4b65a0b98254fc9d27728764932018d
2026-09-02T20:48:42.164Z,frontend,4,fe-1788376109599-opun7g,,ERROR,,,,,,,,,,,,,,,,,,,,,,,,,,,,Buy failed,"transaction execution reverted | transaction execution reverted (action=""sendTransaction"", data=null, reason=null, invocation=null, revert=null, transaction={ ""data"": """", ""from"": ""0x667eb85F074446353FE49F75517808dA549e785e"", ""to"": ""0x2e712b9f191438429F9f6a79Ae2b86e783b4a247"" }, receipt={ ""_type"": ""TransactionReceipt"", ""blobGasPrice"": null, ""blobGasUsed"": null, ""blockHash"": ""0x6ebd7a120a8ec8954a93fa071671520f20b54b01178857e347d8d2a4478bc2fa"", ""blockNumber"": 111929054, ""contractAddress"": null, ""cu",CALL_EXCEPTION,0xa6658b869af2a3e006ec6bbf6d3ab8b86bda903523dbac3e9efcfe37252702c8
2026-09-02T20:56:04.441Z,frontend,1,fe-1788382564442-8a0mop,,ERROR,,,,,,,,,,,,,,,,,,,,,,,,,,,,Faucet claim failed,Switch your wallet to Robinhood Chain to continue.,,
2026-09-02T21:07:06.895Z,frontend,2,fe-1788382564442-8a0mop,,ERROR,,,,,,,,,,,,,,,,,,,,,,,,,,,,Faucet claim failed,"user rejected action | user rejected action (action=""signMessage"", reason=""rejected"", info={ ""error"": { ""code"": 4001, ""data"": { ""cause"": null, ""location"": ""confirmation"" }, ""message"": ""ethers-user-denied: User rejected the request."" }, ""payload"": { ""id"": 5, ""jsonrpc"": ""2.0"", ""method"": ""personal_sign"", ""params"": [ ""0x486f6f644672656e7a792066617563657420636c61696d0a636262746320323032362d30392d30320a307835356132386131393239613266656465313739383965316130666338316439363761656235626163"", ""0x55a28a1929",ACTION_REJECTED,
2026-09-02T21:17:00.356Z,frontend,1,fe-1788383820357-3fwknw,,ERROR,,,,,,,,,,,,,,,,,,,,,,,,,,,,Buy failed,Not enough cbBTC — you have 0.5.,,
2026-09-02T21:17:49.143Z,frontend,3,fe-1788382564442-8a0mop,,ERROR,,,,,,,,,,,,,,,,,,,,,,,,,,,,Buy failed,"user rejected action | user rejected action (action=""sendTransaction"", reason=""rejected"", info={ ""error"": { ""code"": 4001, ""data"": { ""cause"": null, ""location"": ""confirmation"" }, ""message"": ""ethers-user-denied: MetaMask Tx Signature: User denied transaction signature."" }, ""payload"": { ""id"": 23, ""jsonrpc"": ""2.0"", ""method"": ""eth_sendTransaction"", ""params"": [ { ""data"": ""0xd6febde8000000000000000000000000000000000000000000000000000000000098968000000000000000000000000000000000000000000143be9002a1877b51",ACTION_REJECTED,
2026-09-02T22:07:34.213Z,frontend,5,fe-1788376109599-opun7g,,ERROR,,,,,,,,,,,,,,,,,,,,,,,,,,,,Faucet claim failed,"user rejected action | user rejected action (action=""signMessage"", reason=""rejected"", info={ ""error"": { ""code"": 4001, ""data"": { ""cause"": ""rejectAllApprovals"" }, ""message"": ""ethers-user-denied: User rejected the request."" }, ""payload"": { ""id"": 5, ""jsonrpc"": ""2.0"", ""method"": ""personal_sign"", ""params"": [ ""0x486f6f644672656e7a792066617563657420636c61696d0a636262746320323032362d30392d30320a307836363765623835663037343434363335336665343966373535313738303864613534396537383565"", ""0x667eb85f074446353fe49f",ACTION_REJECTED,
2026-09-02T23:35:33.883Z,frontend,6,fe-1788376109599-opun7g,,ERROR,,,,,,,,,,,,,,,,,,,,,,,,,,,,Faucet claim failed,Already claimed cbBTC today. Resets at midnight UTC.,,
2026-09-02T23:36:34.220Z,frontend,7,fe-1788376109599-opun7g,,MINT,,,,,,,,,,,,,,,,,,,,,,,cash,10000000000000000000000,10000000000000000000000,,,,,,
2026-09-02T23:51:15.153Z,frontend,8,fe-1788376109599-opun7g,,ERROR,,,,,,,,,,,,,,,,,,,,,,,,,,,,Faucet claim failed,Already claimed cbBTC today. Resets at midnight UTC.,,
2026-09-03T00:00:33.583Z,ui,1,,0,ERROR,,,,,,,,,,,,,,,,,,,,,,,,,,,,Wipe & deploy failed,Failed to fetch,,
2026-09-03T00:48:59.708Z,frontend,9,fe-1788376109599-opun7g,,MINT,,,,,,,,,,,,,,,,,,,,,,,cash,10000000000000000000000,10000000000000000000000,,,,,,
2026-09-03T01:32:00.753Z,frontend,10,fe-1788376109599-opun7g,,MINT,,,,,,,,,,,,,,,,,,,,,,,cash,10000000000000000000000,10000000000000000000000,,,,,,
2026-09-03T01:39:57.693Z,frontend,11,fe-1788376109599-opun7g,,REDEEM,,,,,,,,,,,,,,,,,,,,,,,in-kind,1000000000000000000000,997500000000000000000,,,,,,
2026-09-03T01:44:16.097Z,frontend,12,fe-1788376109599-opun7g,,LAUNCH,0x56e89aB9dcf9E8e5b707c0AB7cB6B41f1195Be0A,,,,0.0,0,0.0,0,0.0,0,0.000000000001,0.0000,,,,,,,,,,,,,,,,,,,
2026-09-03T01:46:10.273Z,frontend,13,fe-1788376109599-opun7g,,ERROR,,,,,,,,,,,,,,,,,,,,,,,,,,,,Buy failed,"transaction execution reverted | transaction execution reverted (action=""sendTransaction"", data=null, reason=null, invocation=null, revert=null, transaction={ ""data"": """", ""from"": ""0x667eb85F074446353FE49F75517808dA549e785e"", ""to"": ""0x56e89aB9dcf9E8e5b707c0AB7cB6B41f1195Be0A"" }, receipt={ ""_type"": ""TransactionReceipt"", ""blobGasPrice"": null, ""blobGasUsed"": null, ""blockHash"": ""0x76c975e2a91961829ce6f048416c397632150ad1403983ccbfd4d4d453f2fada"", ""blockNumber"": 112036975, ""contractAddress"": null, ""cu",CALL_EXCEPTION,0x4cfa4bdae72a661b386c390c1b5cfc208ea8c9dd1fda826e9cf7aecbdec69efe
2026-09-03T01:46:56.898Z,frontend,14,fe-1788376109599-opun7g,,ERROR,,,,,,,,,,,,,,,,,,,,,,,,,,,,Buy failed,"transaction execution reverted | transaction execution reverted (action=""sendTransaction"", data=null, reason=null, invocation=null, revert=null, transaction={ ""data"": """", ""from"": ""0x667eb85F074446353FE49F75517808dA549e785e"", ""to"": ""0x51676634A9b09950554275aEBef19b1A17886Fd8"" }, receipt={ ""_type"": ""TransactionReceipt"", ""blobGasPrice"": null, ""blobGasUsed"": null, ""blockHash"": ""0x60d9046a1b4353bb090548b493f335508b8e214843ec51adf70309a729b55c6d"", ""blockNumber"": 112037264, ""contractAddress"": null, ""cu",CALL_EXCEPTION,0xaada51485883d10522139260720577d606fdeba6f3781bd4a636be7c10aebd81
2026-09-03T02:22:22.203Z,frontend,15,fe-1788376109599-opun7g,,MINT,,,,,,,,,,,,,,,,,,,,,,,cash,2411722412596,2411722412596,,,,,,
2026-09-03T02:24:36.700Z,frontend,16,fe-1788376109599-opun7g,,ERROR,,,,,,,,,,,,,,,,,,,,,,,,,,,,Buy failed,Not enough cbBTC — you have 0.19502352.,,
2026-09-03T10:05:42.203Z,frontend,17,fe-1788376109599-opun7g,,LAUNCH,0x411b8E46fefd661D575BdEA7bada438f85bFb2F9,,,,0.000000002156249999,2156249999,0.0000000345,34500000000,0.000000002156249999,2156249999,0.0,0.0000,,,,,,,,,,,,,,,,,,,
2026-09-03T10:07:43.968Z,frontend,18,fe-1788376109599-opun7g,,ERROR,,,,,,,,,,,,,,,,,,,,,,,,,,,,Buy failed,"user rejected action | user rejected action (action=""sendTransaction"", reason=""rejected"", info={ ""error"": { ""code"": 4001, ""data"": { ""cause"": ""rejectAllApprovals"" }, ""message"": ""ethers-user-denied: MetaMask Tx Signature: User denied transaction signature."" }, ""payload"": { ""id"": 44, ""jsonrpc"": ""2.0"", ""method"": ""eth_sendTransaction"", ""params"": [ { ""data"": ""0xd6febde800000000000000000000000000000000000000000000000005d13f4f95d483b100000000000000000000000000000000000000000082d1e3915a3d068b3bada7"", ""fr",ACTION_REJECTED,
2026-09-03T10:09:21.668Z,frontend,19,fe-1788376109599-opun7g,,ERROR,,,,,,,,,,,,,,,,,,,,,,,,,,,,Buy failed,"user rejected action | user rejected action (action=""sendTransaction"", reason=""rejected"", info={ ""error"": { ""code"": 4001, ""data"": { ""cause"": null, ""location"": ""confirmation"" }, ""message"": ""ethers-user-denied: MetaMask Tx Signature: User denied transaction signature."" }, ""payload"": { ""id"": 27, ""jsonrpc"": ""2.0"", ""method"": ""eth_sendTransaction"", ""params"": [ { ""data"": ""0xd6febde800000000000000000000000000000000000000000000000005d13f4f95d483b1000000000000000000000000000000000000000000858466f0b878587e",ACTION_REJECTED,
2026-09-03T10:11:52.045Z,frontend,20,fe-1788376109599-opun7g,,ERROR,,,,,,,,,,,,,,,,,,,,,,,,,,,,Sell failed,"transaction execution reverted | transaction execution reverted (action=""sendTransaction"", data=null, reason=null, invocation=null, revert=null, transaction={ ""data"": """", ""from"": ""0x667eb85F074446353FE49F75517808dA549e785e"", ""to"": ""0xb37ee3A2531F94e32FA139323A7B56E7bAB9F057"" }, receipt={ ""_type"": ""TransactionReceipt"", ""blobGasPrice"": null, ""blobGasUsed"": null, ""blockHash"": ""0x09e3900ad2fe42aba4fa9a7a56d2caf8e4f3de559699db1dfa6e38fcbf9be57d"", ""blockNumber"": 112225392, ""contractAddress"": null, ""cu",CALL_EXCEPTION,0x416459e4821c68a92876bfa8fcff3111c63e096ad03c92d0e2b9cdb1e1d3bed5
2026-09-03T10:12:28.787Z,frontend,21,fe-1788376109599-opun7g,,ERROR,,,,,,,,,,,,,,,,,,,,,,,,,,,,Sell failed,"transaction execution reverted | transaction execution reverted (action=""sendTransaction"", data=null, reason=null, invocation=null, revert=null, transaction={ ""data"": """", ""from"": ""0x667eb85F074446353FE49F75517808dA549e785e"", ""to"": ""0xb37ee3A2531F94e32FA139323A7B56E7bAB9F057"" }, receipt={ ""_type"": ""TransactionReceipt"", ""blobGasPrice"": null, ""blobGasUsed"": null, ""blockHash"": ""0x2550df900c8dda1f7ca8f63da89683bcdcd2d94d203ef8838f9efa58636decae"", ""blockNumber"": 112225677, ""contractAddress"": null, ""cu",CALL_EXCEPTION,0x108dd322d4265a84a3c35ab8a4b1d9c68af455fac1096aa044a7176c57c4012e
2026-09-03T10:13:19.901Z,frontend,22,fe-1788376109599-opun7g,,ERROR,,,,,,,,,,,,,,,,,,,,,,,,,,,,Sell failed,"transaction execution reverted | transaction execution reverted (action=""sendTransaction"", data=null, reason=null, invocation=null, revert=null, transaction={ ""data"": """", ""from"": ""0x667eb85F074446353FE49F75517808dA549e785e"", ""to"": ""0xb37ee3A2531F94e32FA139323A7B56E7bAB9F057"" }, receipt={ ""_type"": ""TransactionReceipt"", ""blobGasPrice"": null, ""blobGasUsed"": null, ""blockHash"": ""0xe1accf55f6189a51807aa027ea743f8e7e8dea1dac9108f74a1096b7d1e5371b"", ""blockNumber"": 112225996, ""contractAddress"": null, ""cu",CALL_EXCEPTION,0x006e5d1a0e2cf87103c5b5fa371552187272a0e76425b0a3c477568b3dd2f6c9
2026-09-03T10:13:29.807Z,frontend,23,fe-1788376109599-opun7g,,ERROR,,,,,,,,,,,,,,,,,,,,,,,,,,,,Buy failed,Not enough ETH — you have 0.0.,,
2026-09-03T10:13:38.187Z,frontend,24,fe-1788376109599-opun7g,,ERROR,,,,,,,,,,,,,,,,,,,,,,,,,,,,Buy failed,Not enough ETH — you have 0.0.,,
2026-09-03T10:15:19.804Z,frontend,25,fe-1788376109599-opun7g,,ERROR,,,,,,,,,,,,,,,,,,,,,,,,,,,,Sell failed,"transaction execution reverted | transaction execution reverted (action=""sendTransaction"", data=null, reason=null, invocation=null, revert=null, transaction={ ""data"": """", ""from"": ""0x667eb85F074446353FE49F75517808dA549e785e"", ""to"": ""0xb37ee3A2531F94e32FA139323A7B56E7bAB9F057"" }, receipt={ ""_type"": ""TransactionReceipt"", ""blobGasPrice"": null, ""blobGasUsed"": null, ""blockHash"": ""0x7e09b653357c2b9139421db00a50cbc39e466507407230a2bf57d2f9aae7b9d7"", ""blockNumber"": 112226779, ""contractAddress"": null, ""cu",CALL_EXCEPTION,0x3459f4818551a01fabc7aa1f6c3bc21b6fa581078050054dbd9a3f4ef7c3c1dc
2026-09-03T10:15:53.150Z,frontend,26,fe-1788376109599-opun7g,,ERROR,,,,,,,,,,,,,,,,,,,,,,,,,,,,Sell failed,"transaction execution reverted | transaction execution reverted (action=""sendTransaction"", data=null, reason=null, invocation=null, revert=null, transaction={ ""data"": """", ""from"": ""0x667eb85F074446353FE49F75517808dA549e785e"", ""to"": ""0xb37ee3A2531F94e32FA139323A7B56E7bAB9F057"" }, receipt={ ""_type"": ""TransactionReceipt"", ""blobGasPrice"": null, ""blobGasUsed"": null, ""blockHash"": ""0x83f5a0d6e5517e81987ba745d1e352c6dbdc718de08b4f939c820564edce8df8"", ""blockNumber"": 112227010, ""contractAddress"": null, ""cu",CALL_EXCEPTION,0xc27c34ebf11301cd1cdd9538db32e724d68e7549cc4f30fc39b43773eff3b7e1
2026-09-03T10:16:10.162Z,frontend,27,fe-1788376109599-opun7g,,ERROR,,,,,,,,,,,,,,,,,,,,,,,,,,,,Sell failed,"transaction execution reverted | transaction execution reverted (action=""sendTransaction"", data=null, reason=null, invocation=null, revert=null, transaction={ ""data"": """", ""from"": ""0x667eb85F074446353FE49F75517808dA549e785e"", ""to"": ""0xb37ee3A2531F94e32FA139323A7B56E7bAB9F057"" }, receipt={ ""_type"": ""TransactionReceipt"", ""blobGasPrice"": null, ""blobGasUsed"": null, ""blockHash"": ""0xd259576d52b0b64aec3e8aa61684ac5cb296e5b36bbb29daf861f18465dcc5f5"", ""blockNumber"": 112227107, ""contractAddress"": null, ""cu",CALL_EXCEPTION,0xa55cc9ca45ae3e70573a88e359d6645b3630641edbc44d13a4b89bd07d07c588
2026-09-03T11:20:30.361Z,ui,2,,0,ERROR,0x2B4c629799E02BFEc743E9B2e0a395C952beaf98,,,,,,,,,,,,,,,,,,,,,,,,,,,testnet autopilot curve trade,"nonce has already been used | nonce has already been used (transaction=""0x02f8ae82b62603808401312d00831e8480942b4c629799e02bfec743e9b2e0a395c952beaf9880b844d6febde800000000000000000000000000000000000000000000000000038d7ea4c68000000000000000000000000000000000000000000000005e44701f698640ea437cc080a05aa7aa7e9c78935e7ccd34288cecdfbb0a84c2febed15f2e22cd0e435b96d4a7a03c89c96074787998033b60403136be4d6b23",NONCE_EXPIRED,
2026-09-03T11:20:31.786Z,ui,3,,0,ERROR,0x411b8E46fefd661D575BdEA7bada438f85bFb2F9,,,,,,,,,,,,,,,,,,,,,,,,,,,testnet autopilot curve trade,"nonce has already been used | nonce has already been used (transaction=""0x02f8ae82b62604808401312d00831e848094411b8e46fefd661d575bdea7bada438f85bfb2f980b844d6febde800000000000000000000000000000000000000000000000000038d034f00c200000000000000000000000000000000000000000000002cc0599882b7b1bc5dabc001a03666f0fd42c51f090ffaf725e95453526250753710696f8edf3b0071824d2fefa02a2163e2e4db73a93ae0b75851267aa7c5f3",NONCE_EXPIRED,
2026-09-03T11:20:31.786Z,ui,4,,0,ERROR,0x2B4c629799E02BFEc743E9B2e0a395C952beaf98,,,,,,,,,,,,,,,,,,,,,,,,,,,testnet autopilot curve trade,"nonce has already been used | nonce has already been used (transaction=""0x02f8ae82b62604808401312d00831e8480942b4c629799e02bfec743e9b2e0a395c952beaf9880b844d6febde800000000000000000000000000000000000000000000000000038d034f00c200000000000000000000000000000000000000000000005e37a8f8797e2d70b3d0c080a0f46d833e9de62344eaeeae8d10c2279ed12faf7267247bc3195299d84274343da03f253a8333e0820aee96a56216fd24992879",NONCE_EXPIRED,
2026-09-03T11:20:34.631Z,ui,5,,0,ERROR,0x411b8E46fefd661D575BdEA7bada438f85bFb2F9,,,,,,,,,,,,,,,,,,,,,,,,,,,testnet autopilot curve trade,"transaction execution reverted | transaction execution reverted (action=""sendTransaction"", data=null, reason=null, invocation=null, revert=null, transaction={ ""data"": """", ""from"": ""0x6745Bc5C81c1Edc763e6CAA5813DA78d25Ee91Bb"", ""to"": ""0x411b8E46fefd661D575BdEA7bada438f85bFb2F9"" }, receipt={ ""_type"": ""TransactionReceipt"", ""blobGasPrice"": null, ""blobGasUsed"": null, ""blockHash"": ""0x5097cfdeb0599b9fb515f",CALL_EXCEPTION,0x9b3a609b55f1e91de746065e39909c24f47f41856cf441698c961c51cbf05ac8
2026-09-03T11:20:34.936Z,ui,6,,0,ERROR,0x411b8E46fefd661D575BdEA7bada438f85bFb2F9,,,,,,,,,,,,,,,,,,,,,,,,,,,testnet autopilot curve trade,"transaction execution reverted | transaction execution reverted (action=""sendTransaction"", data=null, reason=null, invocation=null, revert=null, transaction={ ""data"": """", ""from"": ""0x6745Bc5C81c1Edc763e6CAA5813DA78d25Ee91Bb"", ""to"": ""0x411b8E46fefd661D575BdEA7bada438f85bFb2F9"" }, receipt={ ""_type"": ""TransactionReceipt"", ""blobGasPrice"": null, ""blobGasUsed"": null, ""blockHash"": ""0x85a8b68ed0645a4058558",CALL_EXCEPTION,0xb3ef577f8c9130fc7c396e1fc5411c482289bb1d8e2c9c1b7acf7e7cb9d040b2
2026-09-03T11:20:36.646Z,ui,7,,0,ERROR,0x2B4c629799E02BFEc743E9B2e0a395C952beaf98,,,,,,,,,,,,,,,,,,,,,,,,,,,testnet autopilot curve trade,"nonce has already been used | nonce has already been used (transaction=""0x02f8ae82b62606808401312d00831e8480942b4c629799e02bfec743e9b2e0a395c952beaf9880b844d6febde800000000000000000000000000000000000000000000000000038ba161fb8100000000000000000000000000000000000000000000005e12fdf7f73f9cedb5b5c080a027dd81c1376f7191b7c2582e0e7b1b597e604c02466d13a9029c7938e642d695a05f6ed56b85324d25b306802e196a4b166275",NONCE_EXPIRED,
2026-09-03T11:20:41.246Z,ui,8,,0,ERROR,0x2B4c629799E02BFEc743E9B2e0a395C952beaf98,,,,,,,,,,,,,,,,,,,,,,,,,,,testnet autopilot curve trade,"transaction execution reverted | transaction execution reverted (action=""sendTransaction"", data=null, reason=null, invocation=null, revert=null, transaction={ ""data"": """", ""from"": ""0x6745Bc5C81c1Edc763e6CAA5813DA78d25Ee91Bb"", ""to"": ""0x2B4c629799E02BFEc743E9B2e0a395C952beaf98"" }, receipt={ ""_type"": ""TransactionReceipt"", ""blobGasPrice"": null, ""blobGasUsed"": null, ""blockHash"": ""0x0d44d21dd47754160cdc9",CALL_EXCEPTION,0x0667791398d6bebd4199b2bdc97e70564d907f7501d738e5201172b0892307f5
2026-09-03T11:20:41.246Z,ui,9,,0,ERROR,0x2B4c629799E02BFEc743E9B2e0a395C952beaf98,,,,,,,,,,,,,,,,,,,,,,,,,,,testnet autopilot curve trade,"transaction execution reverted | transaction execution reverted (action=""sendTransaction"", data=null, reason=null, invocation=null, revert=null, transaction={ ""data"": """", ""from"": ""0x6745Bc5C81c1Edc763e6CAA5813DA78d25Ee91Bb"", ""to"": ""0x2B4c629799E02BFEc743E9B2e0a395C952beaf98"" }, receipt={ ""_type"": ""TransactionReceipt"", ""blobGasPrice"": null, ""blobGasUsed"": null, ""blockHash"": ""0x147697abb778e797e98d0",CALL_EXCEPTION,0xb5006aa0d9144e1e8a4ff02e6c4c59a888ec9c8f661773d037ff0f5998b112bd
2026-09-03T11:20:41.700Z,ui,10,,0,ERROR,0x411b8E46fefd661D575BdEA7bada438f85bFb2F9,,,,,,,,,,,,,,,,,,,,,,,,,,,testnet autopilot curve trade,"nonce has already been used | nonce has already been used (transaction=""0x02f8ae82b62609808401312d00831e848094411b8e46fefd661d575bdea7bada438f85bfb2f980b844d6febde800000000000000000000000000000000000000000000000000038a537a5d8580000000000000000000000000000000000000000000002c9e7f61fa4d27cf318dc080a04fe7506a7c1ce690629412bcf20da51385b20c375024410defda777ba0601aeba0517914ca8c0e1a8da98a63c554de184fbbc2",NONCE_EXPIRED,
2026-09-03T11:20:44.393Z,ui,11,,0,ERROR,0x411b8E46fefd661D575BdEA7bada438f85bFb2F9,,,,,,,,,,,,,,,,,,,,,,,,,,,testnet autopilot curve trade,"transaction execution reverted | transaction execution reverted (action=""sendTransaction"", data=null, reason=null, invocation=null, revert=null, transaction={ ""data"": """", ""from"": ""0x6745Bc5C81c1Edc763e6CAA5813DA78d25Ee91Bb"", ""to"": ""0x411b8E46fefd661D575BdEA7bada438f85bFb2F9"" }, receipt={ ""_type"": ""TransactionReceipt"", ""blobGasPrice"": null, ""blobGasUsed"": null, ""blockHash"": ""0xb4ca4c2b96ba508e526cc",CALL_EXCEPTION,0xb35469c96967632ea69e8114857537af262e666cba54050fcf9655b763e5df64
2026-09-03T11:20:47.038Z,ui,13,,0,ERROR,0x2B4c629799E02BFEc743E9B2e0a395C952beaf98,,,,,,,,,,,,,,,,,,,,,,,,,,,testnet autopilot curve trade,"transaction execution reverted | transaction execution reverted (action=""sendTransaction"", data=null, reason=null, invocation=null, revert=null, transaction={ ""data"": """", ""from"": ""0x6745Bc5C81c1Edc763e6CAA5813DA78d25Ee91Bb"", ""to"": ""0x2B4c629799E02BFEc743E9B2e0a395C952beaf98"" }, receipt={ ""_type"": ""TransactionReceipt"", ""blobGasPrice"": null, ""blobGasUsed"": null, ""blockHash"": ""0x0469c3ea8888df201e7a3",CALL_EXCEPTION,0x2691df741042e3db3776b10bbe4a05e735b4b738f3ae0c214528442ab8714a5c
2026-09-03T11:20:47.037Z,ui,12,,0,ERROR,0x411b8E46fefd661D575BdEA7bada438f85bFb2F9,,,,,,,,,,,,,,,,,,,,,,,,,,,testnet autopilot curve trade,"transaction execution reverted | transaction execution reverted (action=""sendTransaction"", data=null, reason=null, invocation=null, revert=null, transaction={ ""data"": """", ""from"": ""0x6745Bc5C81c1Edc763e6CAA5813DA78d25Ee91Bb"", ""to"": ""0x411b8E46fefd661D575BdEA7bada438f85bFb2F9"" }, receipt={ ""_type"": ""TransactionReceipt"", ""blobGasPrice"": null, ""blobGasUsed"": null, ""blockHash"": ""0x7018b2f090a6a7efba848",CALL_EXCEPTION,0x2a6c196be8333a13731cfacffa1c31c6d08e80f93ff60637668894a9c2fec41d
2026-09-03T11:21:46.220Z,frontend,28,fe-1788376109599-opun7g,,ERROR,,,,,,,,,,,,,,,,,,,,,,,,,,,,Failed to add token,[object Object],4001,
2026-09-03T11:21:46.220Z,frontend,29,fe-1788376109599-opun7g,,ERROR,,,,,,,,,,,,,,,,,,,,,,,,,,,,Failed to add token,[object Object],4001,
2026-09-03T11:22:01.642Z,frontend,30,fe-1788376109599-opun7g,,ERROR,,,,,,,,,,,,,,,,,,,,,,,,,,,,Failed to add token,[object Object],-32602,
2026-09-03T11:22:11.364Z,frontend,31,fe-1788376109599-opun7g,,ERROR,,,,,,,,,,,,,,,,,,,,,,,,,,,,Failed to add token,[object Object],-32602,
2026-09-03T11:22:29.114Z,frontend,32,fe-1788376109599-opun7g,,ERROR,,,,,,,,,,,,,,,,,,,,,,,,,,,,Failed to add token,[object Object],-32602,
2026-09-03T11:22:42.291Z,frontend,33,fe-1788376109599-opun7g,,ERROR,,,,,,,,,,,,,,,,,,,,,,,,,,,,Failed to add token,[object Object],-32602,
2026-09-03T11:27:54.957Z,frontend,34,fe-1788376109599-opun7g,,ERROR,,,,,,,,,,,,,,,,,,,,,,,,,,,,Failed to add token,[object Object],-32602,
2026-09-03T11:28:35.211Z,frontend,35,fe-1788376109599-opun7g,,ERROR,,,,,,,,,,,,,,,,,,,,,,,,,,,,Failed to add token,[object Object],-32602,
2026-09-03T11:28:56.106Z,frontend,36,fe-1788376109599-opun7g,,ERROR,,,,,,,,,,,,,,,,,,,,,,,,,,,,Failed to add token,[object Object],-32602,
2026-09-03T11:28:56.606Z,frontend,37,fe-1788376109599-opun7g,,ERROR,,,,,,,,,,,,,,,,,,,,,,,,,,,,Failed to add token,[object Object],-32602,
2026-09-03T11:30:50.499Z,frontend,38,fe-1788376109599-opun7g,,ERROR,,,,,,,,,,,,,,,,,,,,,,,,,,,,Failed to add token,The symbol in the request (mcbBTC) does not match the symbol in the contract (cbBTC),,
2026-09-03T11:36:02.607Z,ui,14,,0,ERROR,0x411b8E46fefd661D575BdEA7bada438f85bFb2F9,,,,,,,,,,,,,,,,,,,,,,,,,,,testnet autopilot curve trade,"transaction execution reverted | transaction execution reverted (action=""sendTransaction"", data=null, reason=null, invocation=null, revert=null, transaction={ ""data"": """", ""from"": ""0x6745Bc5C81c1Edc763e6CAA5813DA78d25Ee91Bb"", ""to"": ""0x411b8E46fefd661D575BdEA7bada438f85bFb2F9"" }, receipt={ ""_type"": ""TransactionReceipt"", ""blobGasPrice"": null, ""blobGasUsed"": null, ""blockHash"": ""0x12a8480334f4d17669ffb",CALL_EXCEPTION,0xce9913be7c287d388de454799e3b924bcbed1da5042c4b3689b3e722a2bc4027
2026-09-03T11:36:15.263Z,ui,15,,0,ERROR,0x2B4c629799E02BFEc743E9B2e0a395C952beaf98,,,,,,,,,,,,,,,,,,,,,,,,,,,testnet autopilot curve trade,"transaction execution reverted | transaction execution reverted (action=""sendTransaction"", data=null, reason=null, invocation=null, revert=null, transaction={ ""data"": """", ""from"": ""0x6745Bc5C81c1Edc763e6CAA5813DA78d25Ee91Bb"", ""to"": ""0x2B4c629799E02BFEc743E9B2e0a395C952beaf98"" }, receipt={ ""_type"": ""TransactionReceipt"", ""blobGasPrice"": null, ""blobGasUsed"": null, ""blockHash"": ""0x7114b9519891da85fd2a3",CALL_EXCEPTION,0x7e369778fbead568765e1360e3da28c28d484263164ac3145db8d5715f5244b5
2026-09-03T11:36:25.939Z,ui,16,,0,ERROR,0x411b8E46fefd661D575BdEA7bada438f85bFb2F9,,,,,,,,,,,,,,,,,,,,,,,,,,,testnet autopilot curve trade,"transaction execution reverted | transaction execution reverted (action=""sendTransaction"", data=null, reason=null, invocation=null, revert=null, transaction={ ""data"": """", ""from"": ""0x6745Bc5C81c1Edc763e6CAA5813DA78d25Ee91Bb"", ""to"": ""0x411b8E46fefd661D575BdEA7bada438f85bFb2F9"" }, receipt={ ""_type"": ""TransactionReceipt"", ""blobGasPrice"": null, ""blobGasUsed"": null, ""blockHash"": ""0x40a2c68fee2c7a24221d4",CALL_EXCEPTION,0x8c267b7b38dceb2e7b909e751c63e1ad2cd5b82471c5eeee76f440707fb85dc8
2026-09-03T11:36:36.481Z,ui,17,,0,ERROR,0x2B4c629799E02BFEc743E9B2e0a395C952beaf98,,,,,,,,,,,,,,,,,,,,,,,,,,,testnet autopilot curve trade,"transaction execution reverted | transaction execution reverted (action=""sendTransaction"", data=null, reason=null, invocation=null, revert=null, transaction={ ""data"": """", ""from"": ""0x6745Bc5C81c1Edc763e6CAA5813DA78d25Ee91Bb"", ""to"": ""0x2B4c629799E02BFEc743E9B2e0a395C952beaf98"" }, receipt={ ""_type"": ""TransactionReceipt"", ""blobGasPrice"": null, ""blobGasUsed"": null, ""blockHash"": ""0x0dc8d212fe12b37df7f95",CALL_EXCEPTION,0xb8f8dbc61edd01ab1dd97d6a359a0004761b8d73dc2f1b166b00cce98eaae05f
2026-09-03T11:36:47.135Z,ui,18,,0,ERROR,0x411b8E46fefd661D575BdEA7bada438f85bFb2F9,,,,,,,,,,,,,,,,,,,,,,,,,,,testnet autopilot curve trade,"transaction execution reverted | transaction execution reverted (action=""sendTransaction"", data=null, reason=null, invocation=null, revert=null, transaction={ ""data"": """", ""from"": ""0x6745Bc5C81c1Edc763e6CAA5813DA78d25Ee91Bb"", ""to"": ""0x411b8E46fefd661D575BdEA7bada438f85bFb2F9"" }, receipt={ ""_type"": ""TransactionReceipt"", ""blobGasPrice"": null, ""blobGasUsed"": null, ""blockHash"": ""0x4dd4fe1b28e4a83a73ad6",CALL_EXCEPTION,0x91d6f17d82cb033f37330ddb39bf455dd2cf7f9b7110105c67491255d8bee2c3
2026-09-03T11:36:57.755Z,ui,19,,0,ERROR,0x2B4c629799E02BFEc743E9B2e0a395C952beaf98,,,,,,,,,,,,,,,,,,,,,,,,,,,testnet autopilot curve trade,"transaction execution reverted | transaction execution reverted (action=""sendTransaction"", data=null, reason=null, invocation=null, revert=null, transaction={ ""data"": """", ""from"": ""0x6745Bc5C81c1Edc763e6CAA5813DA78d25Ee91Bb"", ""to"": ""0x2B4c629799E02BFEc743E9B2e0a395C952beaf98"" }, receipt={ ""_type"": ""TransactionReceipt"", ""blobGasPrice"": null, ""blobGasUsed"": null, ""blockHash"": ""0x88c1e820a5ab3afdb1711",CALL_EXCEPTION,0x51cad52fff9cff736bf566274338133bc6d34417bfef366d54cb13e28ffe9eee
2026-09-03T11:37:13.042Z,ui,20,,0,ERROR,0x411b8E46fefd661D575BdEA7bada438f85bFb2F9,,,,,,,,,,,,,,,,,,,,,,,,,,,testnet autopilot curve trade,"transaction execution reverted | transaction execution reverted (action=""sendTransaction"", data=null, reason=null, invocation=null, revert=null, transaction={ ""data"": """", ""from"": ""0x6745Bc5C81c1Edc763e6CAA5813DA78d25Ee91Bb"", ""to"": ""0x411b8E46fefd661D575BdEA7bada438f85bFb2F9"" }, receipt={ ""_type"": ""TransactionReceipt"", ""blobGasPrice"": null, ""blobGasUsed"": null, ""blockHash"": ""0x9633f9ffc3f7b9fadcb11",CALL_EXCEPTION,0x2e4317a4f612e4fc53286d124bf5ecfdc898b02d94e7dd7f0828701474331a5f
2026-09-03T11:37:21.958Z,ui,21,,0,ERROR,0x2B4c629799E02BFEc743E9B2e0a395C952beaf98,,,,,,,,,,,,,,,,,,,,,,,,,,,testnet autopilot curve trade,"transaction execution reverted | transaction execution reverted (action=""sendTransaction"", data=null, reason=null, invocation=null, revert=null, transaction={ ""data"": """", ""from"": ""0x6745Bc5C81c1Edc763e6CAA5813DA78d25Ee91Bb"", ""to"": ""0x2B4c629799E02BFEc743E9B2e0a395C952beaf98"" }, receipt={ ""_type"": ""TransactionReceipt"", ""blobGasPrice"": null, ""blobGasUsed"": null, ""blockHash"": ""0x91198893bee92c130d6e9",CALL_EXCEPTION,0xe945049557ceb5a0f8acad4c2a653e855dd8f69d385e1f20fd2ea0ce18c124e4
2026-09-03T11:37:26.304Z,ui,22,,0,ERROR,0x411b8E46fefd661D575BdEA7bada438f85bFb2F9,,,,,,,,,,,,,,,,,,,,,,,,,,,testnet autopilot curve trade,"transaction execution reverted | transaction execution reverted (action=""sendTransaction"", data=null, reason=null, invocation=null, revert=null, transaction={ ""data"": """", ""from"": ""0x6745Bc5C81c1Edc763e6CAA5813DA78d25Ee91Bb"", ""to"": ""0x411b8E46fefd661D575BdEA7bada438f85bFb2F9"" }, receipt={ ""_type"": ""TransactionReceipt"", ""blobGasPrice"": null, ""blobGasUsed"": null, ""blockHash"": ""0x14fd64d1ad64b9673b5dd",CALL_EXCEPTION,0xe9baf77c33d893fbdc0495d4e8498f54e16a3f27e3b9e1bbd5731378caeab615
2026-09-03T11:37:37.469Z,ui,23,,0,ERROR,0x2B4c629799E02BFEc743E9B2e0a395C952beaf98,,,,,,,,,,,,,,,,,,,,,,,,,,,testnet autopilot curve trade,"transaction execution reverted | transaction execution reverted (action=""sendTransaction"", data=null, reason=null, invocation=null, revert=null, transaction={ ""data"": """", ""from"": ""0x6745Bc5C81c1Edc763e6CAA5813DA78d25Ee91Bb"", ""to"": ""0x2B4c629799E02BFEc743E9B2e0a395C952beaf98"" }, receipt={ ""_type"": ""TransactionReceipt"", ""blobGasPrice"": null, ""blobGasUsed"": null, ""blockHash"": ""0xc7e08552d7b37e5be21ed",CALL_EXCEPTION,0xb6b8c9d3d5ba9934dc69a9d3c3ca06afad2c37c7dffe01fa69ae1b4cee912bb9
2026-09-03T11:37:48.243Z,ui,24,,0,ERROR,0x411b8E46fefd661D575BdEA7bada438f85bFb2F9,,,,,,,,,,,,,,,,,,,,,,,,,,,testnet autopilot curve trade,"transaction execution reverted | transaction execution reverted (action=""sendTransaction"", data=null, reason=null, invocation=null, revert=null, transaction={ ""data"": """", ""from"": ""0x6745Bc5C81c1Edc763e6CAA5813DA78d25Ee91Bb"", ""to"": ""0x411b8E46fefd661D575BdEA7bada438f85bFb2F9"" }, receipt={ ""_type"": ""TransactionReceipt"", ""blobGasPrice"": null, ""blobGasUsed"": null, ""blockHash"": ""0x946d24ce143ff03bebe46",CALL_EXCEPTION,0x7a89a1795cafab24bba41331048e39890b053dc9c68b7c8e9dad9899fc4e7629
2026-09-03T11:38:14.303Z,ui,25,,0,ERROR,0x2B4c629799E02BFEc743E9B2e0a395C952beaf98,,,,,,,,,,,,,,,,,,,,,,,,,,,testnet autopilot curve trade,"transaction execution reverted | transaction execution reverted (action=""sendTransaction"", data=null, reason=null, invocation=null, revert=null, transaction={ ""data"": """", ""from"": ""0x6745Bc5C81c1Edc763e6CAA5813DA78d25Ee91Bb"", ""to"": ""0x2B4c629799E02BFEc743E9B2e0a395C952beaf98"" }, receipt={ ""_type"": ""TransactionReceipt"", ""blobGasPrice"": null, ""blobGasUsed"": null, ""blockHash"": ""0x0555931986d3666df5637",CALL_EXCEPTION,0xe9e9c844bc2228ea8f53aa0749e2af679b29fcf7a8f056739e1de7566f8aefd0
2026-09-03T11:38:29.230Z,ui,26,,0,ERROR,0x411b8E46fefd661D575BdEA7bada438f85bFb2F9,,,,,,,,,,,,,,,,,,,,,,,,,,,testnet autopilot curve trade,"transaction execution reverted | transaction execution reverted (action=""sendTransaction"", data=null, reason=null, invocation=null, revert=null, transaction={ ""data"": """", ""from"": ""0x6745Bc5C81c1Edc763e6CAA5813DA78d25Ee91Bb"", ""to"": ""0x411b8E46fefd661D575BdEA7bada438f85bFb2F9"" }, receipt={ ""_type"": ""TransactionReceipt"", ""blobGasPrice"": null, ""blobGasUsed"": null, ""blockHash"": ""0x9b8ca49193cdac6ff8544",CALL_EXCEPTION,0xc20dc7d117565eed210b8149425909e6f7773f6197ce981c8d0e89c60c8719fe
2026-09-03T11:38:35.515Z,ui,27,,0,ERROR,0x2B4c629799E02BFEc743E9B2e0a395C952beaf98,,,,,,,,,,,,,,,,,,,,,,,,,,,testnet autopilot curve trade,"transaction execution reverted | transaction execution reverted (action=""sendTransaction"", data=null, reason=null, invocation=null, revert=null, transaction={ ""data"": """", ""from"": ""0x6745Bc5C81c1Edc763e6CAA5813DA78d25Ee91Bb"", ""to"": ""0x2B4c629799E02BFEc743E9B2e0a395C952beaf98"" }, receipt={ ""_type"": ""TransactionReceipt"", ""blobGasPrice"": null, ""blobGasUsed"": null, ""blockHash"": ""0x96681ee105f23c0e6c7c9",CALL_EXCEPTION,0x1eaa16612fe9f9a78d0d374bb57fd1210180f5cd3f7194d1c92c6b0cca7b4cde
2026-09-03T11:40:14.026Z,frontend,39,fe-1788376109599-opun7g,,ERROR,,,,,,,,,,,,,,,,,,,,,,,,,,,,Failed to add token,The symbol in the request (mcbBTC) does not match the symbol in the contract (cbBTC),,
2026-09-03T11:42:42.674Z,frontend,40,fe-1788376109599-opun7g,,ERROR,,,,,,,,,,,,,,,,,,,,,,,,,,,,Failed to add token,The symbol in the request (mcbBTC) does not match the symbol in the contract (cbBTC),,
2026-09-03T12:55:54.897Z,frontend,41,fe-1788376109599-opun7g,,ERROR,,,,,,,,,,,,,,,,,,,,,,,,,,,,Failed to add token,The symbol in the request (mcbBTC) does not match the symbol in the contract (cbBTC),,
2026-09-03T13:29:13.391Z,ui,28,,0,ERROR,0x411b8E46fefd661D575BdEA7bada438f85bFb2F9,,,,,,,,,,,,,,,,,,,,,,,,,,,testnet autopilot curve trade,"transaction execution reverted | transaction execution reverted (action=""sendTransaction"", data=null, reason=null, invocation=null, revert=null, transaction={ ""data"": """", ""from"": ""0x6745Bc5C81c1Edc763e6CAA5813DA78d25Ee91Bb"", ""to"": ""0x411b8E46fefd661D575BdEA7bada438f85bFb2F9"" }, receipt={ ""_type"": ""TransactionReceipt"", ""blobGasPrice"": null, ""blobGasUsed"": null, ""blockHash"": ""0xdf590465f5dfc281c75bb",CALL_EXCEPTION,0x9febdc7ff9ee2ad83e49d42888f3b450c36572c6e0faa8870fac6d47e1401fd8
2026-09-03T13:29:38.467Z,ui,29,,0,ERROR,0x411b8E46fefd661D575BdEA7bada438f85bFb2F9,,,,,,,,,,,,,,,,,,,,,,,,,,,testnet autopilot curve trade,"transaction execution reverted | transaction execution reverted (action=""sendTransaction"", data=null, reason=null, invocation=null, revert=null, transaction={ ""data"": """", ""from"": ""0x6745Bc5C81c1Edc763e6CAA5813DA78d25Ee91Bb"", ""to"": ""0x411b8E46fefd661D575BdEA7bada438f85bFb2F9"" }, receipt={ ""_type"": ""TransactionReceipt"", ""blobGasPrice"": null, ""blobGasUsed"": null, ""blockHash"": ""0x66ca2a021c12cd4793e91",CALL_EXCEPTION,0xbd8a91d035a623f7e34038fb3e1d6181fda7541cfe94010fa6757d0db23d81f1
2026-09-03T15:17:19.849Z,frontend,42,fe-1788376109599-opun7g,,ERROR,,,,,,,,,,,,,,,,,,,,,,,,,,,,Failed to add token,The symbol in the request (mcbBTC) does not match the symbol in the contract (cbBTC),,
2026-09-03T15:29:38.833Z,ui,30,,0,ERROR,0x411b8E46fefd661D575BdEA7bada438f85bFb2F9,,,,,,,,,,,,,,,,,,,,,,,,,,,testnet autopilot amm trade,"nonce has already been used | nonce has already been used (transaction=""0x02f8ae82b62660808401312d00831e848094411b8e46fefd661d575bdea7bada438f85bfb2f980b844874602c100000000000000000000000000000000000000000117d24efad20396e4aa3873000000000000000000000000000000000000000000000000088813b4cec6058fc080a0cbe0b35ce12acdc682b6b91094db0015281169056d0089cd6b8456270529c78fa03ed8ac2ea9779917d4048d8862097d4d753f",NONCE_EXPIRED,
2026-09-03T15:30:46.331Z,ui,31,,0,ERROR,0x411b8E46fefd661D575BdEA7bada438f85bFb2F9,,,,,,,,,,,,,,,,,,,,,,,,,,,testnet autopilot amm trade,"transaction execution reverted | transaction execution reverted (action=""sendTransaction"", data=null, reason=null, invocation=null, revert=null, transaction={ ""data"": """", ""from"": ""0x6745Bc5C81c1Edc763e6CAA5813DA78d25Ee91Bb"", ""to"": ""0x411b8E46fefd661D575BdEA7bada438f85bFb2F9"" }, receipt={ ""_type"": ""TransactionReceipt"", ""blobGasPrice"": null, ""blobGasUsed"": null, ""blockHash"": ""0xd76d1e2f5416fc18a2a92",CALL_EXCEPTION,0x1043d19f3f59eda44aaa4a87ea5e1e9a445279d8273d70bb5905aa34f9a9b756
2026-09-03T19:22:44.148Z,frontend,43,fe-1788376109599-opun7g,,ERROR,,,,,,,,,,,,,,,,,,,,,,,,,,,,Failed to add token,The symbol in the request (mcbBTC) does not match the symbol in the contract (cbBTC),,
2026-09-03T19:22:56.517Z,frontend,44,fe-1788376109599-opun7g,,ERROR,,,,,,,,,,,,,,,,,,,,,,,,,,,,Failed to add token,The symbol in the request (mcbBTC) does not match the symbol in the contract (cbBTC),,
2026-09-03T20:56:23.119Z,frontend,45,fe-1788376109599-opun7g,,MINT,,,,,,,,,,,,,,,,,,,,,,,cash,24993800000000000000000,24993800000000000000000,,,,,,
2026-09-03T20:57:01.070Z,frontend,46,fe-1788376109599-opun7g,,MINT,,,,,,,,,,,,,,,,,,,,,,,cash,80836964867250000000000,80836964867250000000000,,,,,,
2026-09-03T21:03:17.373Z,frontend,47,fe-1788376109599-opun7g,,LAUNCH,0x6165b37f248347612e12759FAcbb7AD4e71DB763,,,,0.000000002156249999,2156249999,0.0000000345,34500000000,0.000000002156249999,2156249999,0.0,0.0000,,,,,,,,,,,,,,,,,,,
2026-09-03T21:07:45.660Z,frontend,4,fe-1788382564442-8a0mop,,ERROR,,,,,,,,,,,,,,,,,,,,,,,,,,,,Contribution failed,"user rejected action | user rejected action (action=""sendTransaction"", reason=""rejected"", info={ ""error"": { ""code"": 4001, ""data"": { ""cause"": null, ""location"": ""confirmation"" }, ""message"": ""ethers-user-denied: MetaMask Tx Signature: User denied transaction signature."" }, ""payload"": { ""id"": 9, ""jsonrpc"": ""2.0"", ""method"": ""eth_sendTransaction"", ""params"": [ { ""from"": ""0x55a28a1929a2fede17989e1a0fc81d967aeb5bac"", ""gas"": ""0x6bae"", ""to"": ""0x4f0fe498c975456514d030e2dd865e1f2103f3a2"", ""value"": ""0x38d7ea4",ACTION_REJECTED,
2026-09-03T21:11:34.349Z,frontend,1,fe-1788469894350-ht95th,,ERROR,,,,,,,,,,,,,,,,,,,,,,,,,,,,Sell failed,"transaction execution reverted | transaction execution reverted (action=""sendTransaction"", data=null, reason=null, invocation=null, revert=null, transaction={ ""data"": """", ""from"": ""0x92fc3ca6728798DFf8DbBCaE057fb60dbB251e3b"", ""to"": ""0x2A8d4F378151E6769aCEf7De5C1e6BF6bE23f732"" }, receipt={ ""_type"": ""TransactionReceipt"", ""blobGasPrice"": null, ""blobGasUsed"": null, ""blockHash"": ""0x7c568174725733e0900d03c96f94820a1948163d21cd86d002e94c11ec67c820"", ""blockNumber"": 112498203, ""contractAddress"": null, ""cu",CALL_EXCEPTION,0xfbe6e0462602ee4435606b54ea73e977c14c699c8d0f4baf103d9e119968cc0f
2026-09-03T21:13:05.990Z,frontend,2,fe-1788469894350-ht95th,,MINT,,,,,,,,,,,,,,,,,,,,,,,cash,8747830000000000000000,8747830000000000000000,,,,,,
2026-09-03T21:22:02.614Z,ui,32,,0,ERROR,0x6165b37f248347612e12759FAcbb7AD4e71DB763,,,,,,,,,,,,,,,,,,,,,,,,,,,testnet autopilot curve trade,"transaction execution reverted | transaction execution reverted (action=""sendTransaction"", data=null, reason=null, invocation=null, revert=null, transaction={ ""data"": """", ""from"": ""0x09e52116F36a17264415cFE5871ed645D6286Ea1"", ""to"": ""0x6165b37f248347612e12759FAcbb7AD4e71DB763"" }, receipt={ ""_type"": ""TransactionReceipt"", ""blobGasPrice"": null, ""blobGasUsed"": null, ""blockHash"": ""0x181021ab6241cde51b250",CALL_EXCEPTION,0x59540a49f05d91975ba33b32595b570ac1e6df981f0f8c117cfef1485fdc2fcd
2026-09-03T21:22:14.643Z,ui,33,,0,ERROR,0x6165b37f248347612e12759FAcbb7AD4e71DB763,,,,,,,,,,,,,,,,,,,,,,,,,,,testnet autopilot curve trade,"transaction execution reverted | transaction execution reverted (action=""sendTransaction"", data=null, reason=null, invocation=null, revert=null, transaction={ ""data"": """", ""from"": ""0x09e52116F36a17264415cFE5871ed645D6286Ea1"", ""to"": ""0x6165b37f248347612e12759FAcbb7AD4e71DB763"" }, receipt={ ""_type"": ""TransactionReceipt"", ""blobGasPrice"": null, ""blobGasUsed"": null, ""blockHash"": ""0x8cce8939f0d0588bcf343",CALL_EXCEPTION,0xd49c3a56adc0d348a2f84962e5516474cda985b2837ea58729cbb65480c43f4a
2026-09-03T21:22:59.601Z,ui,34,,0,ERROR,0x6165b37f248347612e12759FAcbb7AD4e71DB763,,,,,,,,,,,,,,,,,,,,,,,,,,,testnet autopilot curve trade,"transaction execution reverted | transaction execution reverted (action=""sendTransaction"", data=null, reason=null, invocation=null, revert=null, transaction={ ""data"": """", ""from"": ""0xdad17F5C62C8001B379F5454DAAE3776226699eB"", ""to"": ""0x6165b37f248347612e12759FAcbb7AD4e71DB763"" }, receipt={ ""_type"": ""TransactionReceipt"", ""blobGasPrice"": null, ""blobGasUsed"": null, ""blockHash"": ""0x23124cbf3537afe16b4d5",CALL_EXCEPTION,0xbc9b6c4b4101f6a08e8f574a3ba49d70cf7137c484c75ed081fb951e996fbf97
2026-09-03T21:23:03.604Z,ui,35,,0,ERROR,0x6165b37f248347612e12759FAcbb7AD4e71DB763,,,,,,,,,,,,,,,,,,,,,,,,,,,testnet autopilot curve trade,"transaction execution reverted | transaction execution reverted (action=""sendTransaction"", data=null, reason=null, invocation=null, revert=null, transaction={ ""data"": """", ""from"": ""0xa72873EF7a11FcefA8EA728F8CCdE84F18cc95ce"", ""to"": ""0x6165b37f248347612e12759FAcbb7AD4e71DB763"" }, receipt={ ""_type"": ""TransactionReceipt"", ""blobGasPrice"": null, ""blobGasUsed"": null, ""blockHash"": ""0xf5c9243df0786b663ef47",CALL_EXCEPTION,0xfcfd55503e8b0681760453832b85e8b661fad9b35de75aa506e26f4ad61c5c72
2026-09-03T21:23:03.604Z,ui,36,,0,ERROR,0x6165b37f248347612e12759FAcbb7AD4e71DB763,,,,,,,,,,,,,,,,,,,,,,,,,,,testnet autopilot curve trade,"transaction execution reverted | transaction execution reverted (action=""sendTransaction"", data=null, reason=null, invocation=null, revert=null, transaction={ ""data"": """", ""from"": ""0x3c7a1BDBE022A46Af5a35696F310DcC3D29829fb"", ""to"": ""0x6165b37f248347612e12759FAcbb7AD4e71DB763"" }, receipt={ ""_type"": ""TransactionReceipt"", ""blobGasPrice"": null, ""blobGasUsed"": null, ""blockHash"": ""0xe714a6844ec5e5749079a",CALL_EXCEPTION,0xe827c02333006794f716bb237507ddbc6e1b041d84d0e96e0036fc4a5dd228b5
2026-09-03T21:23:15.659Z,ui,37,,0,ERROR,0x6165b37f248347612e12759FAcbb7AD4e71DB763,,,,,,,,,,,,,,,,,,,,,,,,,,,testnet autopilot curve trade,"transaction execution reverted | transaction execution reverted (action=""sendTransaction"", data=null, reason=null, invocation=null, revert=null, transaction={ ""data"": """", ""from"": ""0x3c7a1BDBE022A46Af5a35696F310DcC3D29829fb"", ""to"": ""0x6165b37f248347612e12759FAcbb7AD4e71DB763"" }, receipt={ ""_type"": ""TransactionReceipt"", ""blobGasPrice"": null, ""blobGasUsed"": null, ""blockHash"": ""0x4c155ae4d73e98590b7a8",CALL_EXCEPTION,0x0620224c397349ef7dfcf2d77a762c3664824000a0d279fdb97853b6a615d29b
2026-09-03T21:23:22.603Z,ui,38,,0,ERROR,0x6165b37f248347612e12759FAcbb7AD4e71DB763,,,,,,,,,,,,,,,,,,,,,,,,,,,testnet autopilot curve trade,"transaction execution reverted | transaction execution reverted (action=""sendTransaction"", data=null, reason=null, invocation=null, revert=null, transaction={ ""data"": """", ""from"": ""0xa72873EF7a11FcefA8EA728F8CCdE84F18cc95ce"", ""to"": ""0x6165b37f248347612e12759FAcbb7AD4e71DB763"" }, receipt={ ""_type"": ""TransactionReceipt"", ""blobGasPrice"": null, ""blobGasUsed"": null, ""blockHash"": ""0x8e3f3b09243695cdb9f3b",CALL_EXCEPTION,0x2ad11eeb44cd892f437a300a48f59027e1074f5de50b8084608ff7b38552dd54
2026-09-03T21:23:30.611Z,ui,39,,0,ERROR,0x6165b37f248347612e12759FAcbb7AD4e71DB763,,,,,,,,,,,,,,,,,,,,,,,,,,,testnet autopilot curve trade,"transaction execution reverted | transaction execution reverted (action=""sendTransaction"", data=null, reason=null, invocation=null, revert=null, transaction={ ""data"": """", ""from"": ""0xdad17F5C62C8001B379F5454DAAE3776226699eB"", ""to"": ""0x6165b37f248347612e12759FAcbb7AD4e71DB763"" }, receipt={ ""_type"": ""TransactionReceipt"", ""blobGasPrice"": null, ""blobGasUsed"": null, ""blockHash"": ""0x670e231c4f3b9a06af8be",CALL_EXCEPTION,0x69aca7cbdf3939e19a7abdfc0b8ac59413e1981aaecbc954c6acf3c9e856e947
2026-09-03T21:23:45.560Z,ui,40,,0,ERROR,0x6165b37f248347612e12759FAcbb7AD4e71DB763,,,,,,,,,,,,,,,,,,,,,,,,,,,testnet autopilot curve trade,"transaction execution reverted | transaction execution reverted (action=""sendTransaction"", data=null, reason=null, invocation=null, revert=null, transaction={ ""data"": """", ""from"": ""0x09e52116F36a17264415cFE5871ed645D6286Ea1"", ""to"": ""0x6165b37f248347612e12759FAcbb7AD4e71DB763"" }, receipt={ ""_type"": ""TransactionReceipt"", ""blobGasPrice"": null, ""blobGasUsed"": null, ""blockHash"": ""0x46e3f357dd82ebd9163eb",CALL_EXCEPTION,0x88dbf81c67fad10987e59d03e56897be78f986a9c10297bf04fb57d9dfb19ae9
2026-09-03T21:24:05.560Z,ui,41,,0,ERROR,0x6165b37f248347612e12759FAcbb7AD4e71DB763,,,,,,,,,,,,,,,,,,,,,,,,,,,testnet autopilot curve trade,"transaction execution reverted | transaction execution reverted (action=""sendTransaction"", data=null, reason=null, invocation=null, revert=null, transaction={ ""data"": """", ""from"": ""0xAA80E56882F007cA18AA28ADda39a61eb9CC18f2"", ""to"": ""0x6165b37f248347612e12759FAcbb7AD4e71DB763"" }, receipt={ ""_type"": ""TransactionReceipt"", ""blobGasPrice"": null, ""blobGasUsed"": null, ""blockHash"": ""0x30e674f61db3025181204",CALL_EXCEPTION,0xe7d0a55fbb5e3e3b713975afa80d6096cc019626e319a6fd933fb3aabe657666
2026-09-03T21:24:05.560Z,ui,42,,0,ERROR,0x6165b37f248347612e12759FAcbb7AD4e71DB763,,,,,,,,,,,,,,,,,,,,,,,,,,,testnet autopilot curve trade,"transaction execution reverted | transaction execution reverted (action=""sendTransaction"", data=null, reason=null, invocation=null, revert=null, transaction={ ""data"": """", ""from"": ""0x3c7a1BDBE022A46Af5a35696F310DcC3D29829fb"", ""to"": ""0x6165b37f248347612e12759FAcbb7AD4e71DB763"" }, receipt={ ""_type"": ""TransactionReceipt"", ""blobGasPrice"": null, ""blobGasUsed"": null, ""blockHash"": ""0x1ee4f8fd60c78ad2d54da",CALL_EXCEPTION,0xc8ff278408480297937cb9d20115e21d1aefab8d1a301b672042cab6e5a18e85
2026-09-03T21:24:18.627Z,ui,43,,0,ERROR,0x6165b37f248347612e12759FAcbb7AD4e71DB763,,,,,,,,,,,,,,,,,,,,,,,,,,,testnet autopilot curve trade,"transaction execution reverted | transaction execution reverted (action=""sendTransaction"", data=null, reason=null, invocation=null, revert=null, transaction={ ""data"": """", ""from"": ""0x09e52116F36a17264415cFE5871ed645D6286Ea1"", ""to"": ""0x6165b37f248347612e12759FAcbb7AD4e71DB763"" }, receipt={ ""_type"": ""TransactionReceipt"", ""blobGasPrice"": null, ""blobGasUsed"": null, ""blockHash"": ""0x0a851dc706390a1ee6376",CALL_EXCEPTION,0xdae7f8a10a8bedee3c9e16de4bc5af422279aefb60b12e4261daffcfe9248d57
2026-09-03T21:24:27.562Z,ui,44,,0,ERROR,0x6165b37f248347612e12759FAcbb7AD4e71DB763,,,,,,,,,,,,,,,,,,,,,,,,,,,testnet autopilot curve trade,"transaction execution reverted | transaction execution reverted (action=""sendTransaction"", data=null, reason=null, invocation=null, revert=null, transaction={ ""data"": """", ""from"": ""0x09e52116F36a17264415cFE5871ed645D6286Ea1"", ""to"": ""0x6165b37f248347612e12759FAcbb7AD4e71DB763"" }, receipt={ ""_type"": ""TransactionReceipt"", ""blobGasPrice"": null, ""blobGasUsed"": null, ""blockHash"": ""0x7b467cdb1ddb7880a8122",CALL_EXCEPTION,0x25af6fff540feae090219f461e6d5b14b7bd073268727fc522fbf204fc5a49ab
2026-09-03T21:25:15.623Z,ui,45,,0,ERROR,0x6165b37f248347612e12759FAcbb7AD4e71DB763,,,,,,,,,,,,,,,,,,,,,,,,,,,testnet autopilot curve trade,"transaction execution reverted | transaction execution reverted (action=""sendTransaction"", data=null, reason=null, invocation=null, revert=null, transaction={ ""data"": """", ""from"": ""0xa72873EF7a11FcefA8EA728F8CCdE84F18cc95ce"", ""to"": ""0x6165b37f248347612e12759FAcbb7AD4e71DB763"" }, receipt={ ""_type"": ""TransactionReceipt"", ""blobGasPrice"": null, ""blobGasUsed"": null, ""blockHash"": ""0x29aa65d8f5372b3d67532",CALL_EXCEPTION,0x20c0b24754b897b688e003495699eb16bd860a3e408cf773f0a33db0b2e2ca56
2026-09-03T21:25:27.581Z,ui,46,,0,ERROR,0x6165b37f248347612e12759FAcbb7AD4e71DB763,,,,,,,,,,,,,,,,,,,,,,,,,,,testnet autopilot curve trade,"transaction execution reverted | transaction execution reverted (action=""sendTransaction"", data=null, reason=null, invocation=null, revert=null, transaction={ ""data"": """", ""from"": ""0x204446eCe552edAda8e4521DE23A5404b2F624af"", ""to"": ""0x6165b37f248347612e12759FAcbb7AD4e71DB763"" }, receipt={ ""_type"": ""TransactionReceipt"", ""blobGasPrice"": null, ""blobGasUsed"": null, ""blockHash"": ""0xd2c3ff9643c63aa75a106",CALL_EXCEPTION,0x7bdf35a0d3ce7c890830f3f3e2846fe7f7d7ded0106f66c1d885d30fc85a399a
2026-09-03T21:25:27.581Z,ui,47,,0,ERROR,0x6165b37f248347612e12759FAcbb7AD4e71DB763,,,,,,,,,,,,,,,,,,,,,,,,,,,testnet autopilot curve trade,"transaction execution reverted | transaction execution reverted (action=""sendTransaction"", data=null, reason=null, invocation=null, revert=null, transaction={ ""data"": """", ""from"": ""0x09e52116F36a17264415cFE5871ed645D6286Ea1"", ""to"": ""0x6165b37f248347612e12759FAcbb7AD4e71DB763"" }, receipt={ ""_type"": ""TransactionReceipt"", ""blobGasPrice"": null, ""blobGasUsed"": null, ""blockHash"": ""0xc5e8262863debb4b40165",CALL_EXCEPTION,0x48bcbfcffacfea6b859ca16f59d92eb5f3c235b1fd043717993c4b92693fb3b6
2026-09-03T21:25:33.581Z,ui,48,,0,ERROR,0x6165b37f248347612e12759FAcbb7AD4e71DB763,,,,,,,,,,,,,,,,,,,,,,,,,,,testnet autopilot curve trade,"transaction execution reverted | transaction execution reverted (action=""sendTransaction"", data=null, reason=null, invocation=null, revert=null, transaction={ ""data"": """", ""from"": ""0xa72873EF7a11FcefA8EA728F8CCdE84F18cc95ce"", ""to"": ""0x6165b37f248347612e12759FAcbb7AD4e71DB763"" }, receipt={ ""_type"": ""TransactionReceipt"", ""blobGasPrice"": null, ""blobGasUsed"": null, ""blockHash"": ""0x29961c6fc265f15f2defb",CALL_EXCEPTION,0xcd58b1cf65af6f4c361ff1a6d9ce93c9bfd4c06dfd6617eb9a1a6a74dbcafb59
2026-09-03T21:26:18.635Z,ui,49,,0,ERROR,0x6165b37f248347612e12759FAcbb7AD4e71DB763,,,,,,,,,,,,,,,,,,,,,,,,,,,testnet autopilot curve trade,"transaction execution reverted | transaction execution reverted (action=""sendTransaction"", data=null, reason=null, invocation=null, revert=null, transaction={ ""data"": """", ""from"": ""0xa72873EF7a11FcefA8EA728F8CCdE84F18cc95ce"", ""to"": ""0x6165b37f248347612e12759FAcbb7AD4e71DB763"" }, receipt={ ""_type"": ""TransactionReceipt"", ""blobGasPrice"": null, ""blobGasUsed"": null, ""blockHash"": ""0x953504cad7519af201c47",CALL_EXCEPTION,0xbe0620966c2ba7f915f4b905a683a1e8ccc4bb11c61e2579b3b9386201fcfae1
2026-09-03T21:26:34.579Z,ui,50,,0,ERROR,0x6165b37f248347612e12759FAcbb7AD4e71DB763,,,,,,,,,,,,,,,,,,,,,,,,,,,testnet autopilot curve trade,"transaction execution reverted | transaction execution reverted (action=""sendTransaction"", data=null, reason=null, invocation=null, revert=null, transaction={ ""data"": """", ""from"": ""0x204446eCe552edAda8e4521DE23A5404b2F624af"", ""to"": ""0x6165b37f248347612e12759FAcbb7AD4e71DB763"" }, receipt={ ""_type"": ""TransactionReceipt"", ""blobGasPrice"": null, ""blobGasUsed"": null, ""blockHash"": ""0xb49e7cc5f78c6feec32ad",CALL_EXCEPTION,0xb6f611058299854d5e985aaaf0a8f8dcf73e43426bde5177023b006d939df5ed
2026-09-03T21:26:54.855Z,ui,51,,0,ERROR,0x6165b37f248347612e12759FAcbb7AD4e71DB763,,,,,,,,,,,,,,,,,,,,,,,,,,,testnet autopilot curve trade,"transaction execution reverted | transaction execution reverted (action=""sendTransaction"", data=null, reason=null, invocation=null, revert=null, transaction={ ""data"": """", ""from"": ""0xAA80E56882F007cA18AA28ADda39a61eb9CC18f2"", ""to"": ""0x6165b37f248347612e12759FAcbb7AD4e71DB763"" }, receipt={ ""_type"": ""TransactionReceipt"", ""blobGasPrice"": null, ""blobGasUsed"": null, ""blockHash"": ""0x3e1ba37cb940e610b15ff",CALL_EXCEPTION,0x56c1e617a9b050701c353a4514c9d52500cbdb67b0bb989caeb01cb3d9228603
2026-09-03T21:27:02.054Z,ui,52,,0,ERROR,0x6165b37f248347612e12759FAcbb7AD4e71DB763,,,,,,,,,,,,,,,,,,,,,,,,,,,testnet autopilot curve trade,"transaction execution reverted | transaction execution reverted (action=""sendTransaction"", data=null, reason=null, invocation=null, revert=null, transaction={ ""data"": """", ""from"": ""0x3c7a1BDBE022A46Af5a35696F310DcC3D29829fb"", ""to"": ""0x6165b37f248347612e12759FAcbb7AD4e71DB763"" }, receipt={ ""_type"": ""TransactionReceipt"", ""blobGasPrice"": null, ""blobGasUsed"": null, ""blockHash"": ""0x9f5e1af01f7a190d82f3b",CALL_EXCEPTION,0xd8b8c2744229e26062297c9d4672d01e5d064dd7c621754543ecdf7b5d794446
2026-09-03T21:27:02.674Z,ui,53,,0,ERROR,0x6165b37f248347612e12759FAcbb7AD4e71DB763,,,,,,,,,,,,,,,,,,,,,,,,,,,testnet autopilot curve trade,"transaction execution reverted | transaction execution reverted (action=""sendTransaction"", data=null, reason=null, invocation=null, revert=null, transaction={ ""data"": """", ""from"": ""0x204446eCe552edAda8e4521DE23A5404b2F624af"", ""to"": ""0x6165b37f248347612e12759FAcbb7AD4e71DB763"" }, receipt={ ""_type"": ""TransactionReceipt"", ""blobGasPrice"": null, ""blobGasUsed"": null, ""blockHash"": ""0x8c3555832f8819ed51891",CALL_EXCEPTION,0xb8060217bf2364081ff5fd50528097233caf484bb323e7df3ff1b84838147fdf
2026-09-03T21:27:27.019Z,ui,54,,0,ERROR,0x6165b37f248347612e12759FAcbb7AD4e71DB763,,,,,,,,,,,,,,,,,,,,,,,,,,,testnet autopilot curve trade,"transaction execution reverted | transaction execution reverted (action=""sendTransaction"", data=null, reason=null, invocation=null, revert=null, transaction={ ""data"": """", ""from"": ""0x204446eCe552edAda8e4521DE23A5404b2F624af"", ""to"": ""0x6165b37f248347612e12759FAcbb7AD4e71DB763"" }, receipt={ ""_type"": ""TransactionReceipt"", ""blobGasPrice"": null, ""blobGasUsed"": null, ""blockHash"": ""0x879265861bb93c120bc48",CALL_EXCEPTION,0xaa5f872f7bd589f017b7ddc6665c17c904dbeca7a27cf483cb92451eaba13b33
2026-09-03T21:27:27.953Z,ui,55,,0,ERROR,0x6165b37f248347612e12759FAcbb7AD4e71DB763,,,,,,,,,,,,,,,,,,,,,,,,,,,testnet autopilot curve trade,"transaction execution reverted | transaction execution reverted (action=""sendTransaction"", data=null, reason=null, invocation=null, revert=null, transaction={ ""data"": """", ""from"": ""0xdad17F5C62C8001B379F5454DAAE3776226699eB"", ""to"": ""0x6165b37f248347612e12759FAcbb7AD4e71DB763"" }, receipt={ ""_type"": ""TransactionReceipt"", ""blobGasPrice"": null, ""blobGasUsed"": null, ""blockHash"": ""0xdf9a26d93e268b5294442",CALL_EXCEPTION,0x12427d571da7a1e8a4f8c26647710e87ffb2e20e45c3b5b4ca976a46a8748af9
2026-09-03T21:27:35.069Z,ui,56,,0,ERROR,0x6165b37f248347612e12759FAcbb7AD4e71DB763,,,,,,,,,,,,,,,,,,,,,,,,,,,testnet autopilot curve trade,"transaction execution reverted | transaction execution reverted (action=""sendTransaction"", data=null, reason=null, invocation=null, revert=null, transaction={ ""data"": """", ""from"": ""0x3c7a1BDBE022A46Af5a35696F310DcC3D29829fb"", ""to"": ""0x6165b37f248347612e12759FAcbb7AD4e71DB763"" }, receipt={ ""_type"": ""TransactionReceipt"", ""blobGasPrice"": null, ""blobGasUsed"": null, ""blockHash"": ""0x931b4d35d8910cfc18ad0",CALL_EXCEPTION,0x2a65a96b7b59325e843db5dc40ffa2a96abea7e05677e625c05f8a7f7ccf9eb2
2026-09-03T21:27:39.378Z,ui,57,,0,ERROR,0x6165b37f248347612e12759FAcbb7AD4e71DB763,,,,,,,,,,,,,,,,,,,,,,,,,,,testnet autopilot curve trade,"transaction execution reverted | transaction execution reverted (action=""sendTransaction"", data=null, reason=null, invocation=null, revert=null, transaction={ ""data"": """", ""from"": ""0x09e52116F36a17264415cFE5871ed645D6286Ea1"", ""to"": ""0x6165b37f248347612e12759FAcbb7AD4e71DB763"" }, receipt={ ""_type"": ""TransactionReceipt"", ""blobGasPrice"": null, ""blobGasUsed"": null, ""blockHash"": ""0xdf0f89c925bd1aad55591",CALL_EXCEPTION,0x5abf552745c1f20f274d49f6802868c0ff97a534cc3c4b562abe998420ae6e16
2026-09-03T21:27:40.950Z,ui,58,,0,ERROR,0x6165b37f248347612e12759FAcbb7AD4e71DB763,,,,,,,,,,,,,,,,,,,,,,,,,,,testnet autopilot curve trade,"transaction execution reverted | transaction execution reverted (action=""sendTransaction"", data=null, reason=null, invocation=null, revert=null, transaction={ ""data"": """", ""from"": ""0xdad17F5C62C8001B379F5454DAAE3776226699eB"", ""to"": ""0x6165b37f248347612e12759FAcbb7AD4e71DB763"" }, receipt={ ""_type"": ""TransactionReceipt"", ""blobGasPrice"": null, ""blobGasUsed"": null, ""blockHash"": ""0x477f117a0acf0aa3bcf5e",CALL_EXCEPTION,0xd1ec23a6c336e7f7627f05d607a876a9a50eff26eec26feffded8391060fce1a
2026-09-03T21:27:40.950Z,ui,59,,0,ERROR,0x6165b37f248347612e12759FAcbb7AD4e71DB763,,,,,,,,,,,,,,,,,,,,,,,,,,,testnet autopilot curve trade,"transaction execution reverted | transaction execution reverted (action=""sendTransaction"", data=null, reason=null, invocation=null, revert=null, transaction={ ""data"": """", ""from"": ""0x3c7a1BDBE022A46Af5a35696F310DcC3D29829fb"", ""to"": ""0x6165b37f248347612e12759FAcbb7AD4e71DB763"" }, receipt={ ""_type"": ""TransactionReceipt"", ""blobGasPrice"": null, ""blobGasUsed"": null, ""blockHash"": ""0xb68c93f541f3926fbc263",CALL_EXCEPTION,0x408ec4b2c5c75d188ddbfcafe0231d01adcab8df66eccb6d2fc205dde4e32e7f
2026-09-03T21:27:55.103Z,ui,60,,0,ERROR,0x6165b37f248347612e12759FAcbb7AD4e71DB763,,,,,,,,,,,,,,,,,,,,,,,,,,,testnet autopilot curve trade,"transaction execution reverted | transaction execution reverted (action=""sendTransaction"", data=null, reason=null, invocation=null, revert=null, transaction={ ""data"": """", ""from"": ""0xdad17F5C62C8001B379F5454DAAE3776226699eB"", ""to"": ""0x6165b37f248347612e12759FAcbb7AD4e71DB763"" }, receipt={ ""_type"": ""TransactionReceipt"", ""blobGasPrice"": null, ""blobGasUsed"": null, ""blockHash"": ""0x58b24b27337724cf59308",CALL_EXCEPTION,0x8e1379a478ee1a0cf632fedfd9d4cc6b93d006b20a48516692b0a1ca03dfc5a0
2026-09-03T21:27:59.298Z,ui,61,,0,ERROR,0x6165b37f248347612e12759FAcbb7AD4e71DB763,,,,,,,,,,,,,,,,,,,,,,,,,,,testnet autopilot curve trade,"transaction execution reverted | transaction execution reverted (action=""sendTransaction"", data=null, reason=null, invocation=null, revert=null, transaction={ ""data"": """", ""from"": ""0x3c7a1BDBE022A46Af5a35696F310DcC3D29829fb"", ""to"": ""0x6165b37f248347612e12759FAcbb7AD4e71DB763"" }, receipt={ ""_type"": ""TransactionReceipt"", ""blobGasPrice"": null, ""blobGasUsed"": null, ""blockHash"": ""0xa32b5c76df9bc27cc671b",CALL_EXCEPTION,0x295b675cb57c5f7041671c29a5c7e86b82fa53c6fddb60c9a7c4be37bf80569b
2026-09-03T21:27:59.299Z,ui,62,,0,ERROR,0x6165b37f248347612e12759FAcbb7AD4e71DB763,,,,,,,,,,,,,,,,,,,,,,,,,,,testnet autopilot curve trade,"transaction execution reverted | transaction execution reverted (action=""sendTransaction"", data=null, reason=null, invocation=null, revert=null, transaction={ ""data"": """", ""from"": ""0xa72873EF7a11FcefA8EA728F8CCdE84F18cc95ce"", ""to"": ""0x6165b37f248347612e12759FAcbb7AD4e71DB763"" }, receipt={ ""_type"": ""TransactionReceipt"", ""blobGasPrice"": null, ""blobGasUsed"": null, ""blockHash"": ""0x70812ac3410c3702595ca",CALL_EXCEPTION,0x150495ad21f60b1fa119d1deebb549170745603c7a7012ee6343bb170f66b224
2026-09-03T21:28:04.142Z,ui,63,,0,ERROR,0x6165b37f248347612e12759FAcbb7AD4e71DB763,,,,,,,,,,,,,,,,,,,,,,,,,,,testnet autopilot curve trade,"transaction execution reverted | transaction execution reverted (action=""sendTransaction"", data=null, reason=null, invocation=null, revert=null, transaction={ ""data"": """", ""from"": ""0x204446eCe552edAda8e4521DE23A5404b2F624af"", ""to"": ""0x6165b37f248347612e12759FAcbb7AD4e71DB763"" }, receipt={ ""_type"": ""TransactionReceipt"", ""blobGasPrice"": null, ""blobGasUsed"": null, ""blockHash"": ""0x6aa5a3a10d2767f47d61f",CALL_EXCEPTION,0x399a1621c35f9b0cb643d6800c02513d4ba7948a2d3fb20183b6b648256456e4
2026-09-03T21:28:05.588Z,ui,64,,0,ERROR,0x6165b37f248347612e12759FAcbb7AD4e71DB763,,,,,,,,,,,,,,,,,,,,,,,,,,,testnet autopilot curve trade,"transaction execution reverted | transaction execution reverted (action=""sendTransaction"", data=null, reason=null, invocation=null, revert=null, transaction={ ""data"": """", ""from"": ""0xAA80E56882F007cA18AA28ADda39a61eb9CC18f2"", ""to"": ""0x6165b37f248347612e12759FAcbb7AD4e71DB763"" }, receipt={ ""_type"": ""TransactionReceipt"", ""blobGasPrice"": null, ""blobGasUsed"": null, ""blockHash"": ""0x72d1362ad0136202dc2a4",CALL_EXCEPTION,0xd546877391f51630d8ce38f36e5ea9d01d4c7497051bcfab35c7c3eefb763d8b
2026-09-03T21:28:11.880Z,ui,65,,0,ERROR,0x6165b37f248347612e12759FAcbb7AD4e71DB763,,,,,,,,,,,,,,,,,,,,,,,,,,,testnet autopilot curve trade,"transaction execution reverted | transaction execution reverted (action=""sendTransaction"", data=null, reason=null, invocation=null, revert=null, transaction={ ""data"": """", ""from"": ""0xdad17F5C62C8001B379F5454DAAE3776226699eB"", ""to"": ""0x6165b37f248347612e12759FAcbb7AD4e71DB763"" }, receipt={ ""_type"": ""TransactionReceipt"", ""blobGasPrice"": null, ""blobGasUsed"": null, ""blockHash"": ""0x1e12ac720e80b12d984d8",CALL_EXCEPTION,0x7637c280bc9e663dce17a64a37b284dfa1edc6fd7e3ce77b932973bf3b1b12ec
2026-09-03T21:28:17.431Z,ui,66,,0,ERROR,0x6165b37f248347612e12759FAcbb7AD4e71DB763,,,,,,,,,,,,,,,,,,,,,,,,,,,testnet autopilot curve trade,"transaction execution reverted | transaction execution reverted (action=""sendTransaction"", data=null, reason=null, invocation=null, revert=null, transaction={ ""data"": """", ""from"": ""0x204446eCe552edAda8e4521DE23A5404b2F624af"", ""to"": ""0x6165b37f248347612e12759FAcbb7AD4e71DB763"" }, receipt={ ""_type"": ""TransactionReceipt"", ""blobGasPrice"": null, ""blobGasUsed"": null, ""blockHash"": ""0x54d447eee022797b0d400",CALL_EXCEPTION,0xa5b6e1abb2a0b24d64f0e7c0f6845948fec7c521a3af32457b312bc281645638
2026-09-03T21:28:39.145Z,ui,67,,0,ERROR,0x6165b37f248347612e12759FAcbb7AD4e71DB763,,,,,,,,,,,,,,,,,,,,,,,,,,,testnet autopilot curve trade,"transaction execution reverted | transaction execution reverted (action=""sendTransaction"", data=null, reason=null, invocation=null, revert=null, transaction={ ""data"": """", ""from"": ""0x3c7a1BDBE022A46Af5a35696F310DcC3D29829fb"", ""to"": ""0x6165b37f248347612e12759FAcbb7AD4e71DB763"" }, receipt={ ""_type"": ""TransactionReceipt"", ""blobGasPrice"": null, ""blobGasUsed"": null, ""blockHash"": ""0x034bdc1cadaa1a9751c52",CALL_EXCEPTION,0x2f0b278f5954729bcf1866358b7db84836fc8dac6533a0cb2dbdf001d3affbe5
2026-09-03T21:28:39.145Z,ui,68,,0,ERROR,0x6165b37f248347612e12759FAcbb7AD4e71DB763,,,,,,,,,,,,,,,,,,,,,,,,,,,testnet autopilot curve trade,"transaction execution reverted | transaction execution reverted (action=""sendTransaction"", data=null, reason=null, invocation=null, revert=null, transaction={ ""data"": """", ""from"": ""0xa72873EF7a11FcefA8EA728F8CCdE84F18cc95ce"", ""to"": ""0x6165b37f248347612e12759FAcbb7AD4e71DB763"" }, receipt={ ""_type"": ""TransactionReceipt"", ""blobGasPrice"": null, ""blobGasUsed"": null, ""blockHash"": ""0x7b481062eeb0ee76342f9",CALL_EXCEPTION,0x310bc9209d794610a6d053be0e6709daa6f73ec2c3454c9b9360197b3e8736cd
2026-09-03T21:28:44.289Z,ui,69,,0,ERROR,0x6165b37f248347612e12759FAcbb7AD4e71DB763,,,,,,,,,,,,,,,,,,,,,,,,,,,testnet autopilot curve trade,"transaction execution reverted | transaction execution reverted (action=""sendTransaction"", data=null, reason=null, invocation=null, revert=null, transaction={ ""data"": """", ""from"": ""0xdad17F5C62C8001B379F5454DAAE3776226699eB"", ""to"": ""0x6165b37f248347612e12759FAcbb7AD4e71DB763"" }, receipt={ ""_type"": ""TransactionReceipt"", ""blobGasPrice"": null, ""blobGasUsed"": null, ""blockHash"": ""0xeefe0bc6be7e0004ad02e",CALL_EXCEPTION,0x52eefa5d1f389fca0fb3706a115dafd3d5bb3e7c84678016dc8df75f614f94c8
2026-09-03T21:28:51.576Z,ui,70,,0,ERROR,0x6165b37f248347612e12759FAcbb7AD4e71DB763,,,,,,,,,,,,,,,,,,,,,,,,,,,testnet autopilot curve trade,"transaction execution reverted | transaction execution reverted (action=""sendTransaction"", data=null, reason=null, invocation=null, revert=null, transaction={ ""data"": """", ""from"": ""0xa72873EF7a11FcefA8EA728F8CCdE84F18cc95ce"", ""to"": ""0x6165b37f248347612e12759FAcbb7AD4e71DB763"" }, receipt={ ""_type"": ""TransactionReceipt"", ""blobGasPrice"": null, ""blobGasUsed"": null, ""blockHash"": ""0x93a34026ef12f1442d693",CALL_EXCEPTION,0xba3f678087eea166240718fd13f16be72f33ecd57a5688d12c4a1c368b956de4
2026-09-03T21:28:51.577Z,ui,71,,0,ERROR,0x6165b37f248347612e12759FAcbb7AD4e71DB763,,,,,,,,,,,,,,,,,,,,,,,,,,,testnet autopilot curve trade,"transaction execution reverted | transaction execution reverted (action=""sendTransaction"", data=null, reason=null, invocation=null, revert=null, transaction={ ""data"": """", ""from"": ""0x3c7a1BDBE022A46Af5a35696F310DcC3D29829fb"", ""to"": ""0x6165b37f248347612e12759FAcbb7AD4e71DB763"" }, receipt={ ""_type"": ""TransactionReceipt"", ""blobGasPrice"": null, ""blobGasUsed"": null, ""blockHash"": ""0xcb13531b39728fde6c12d",CALL_EXCEPTION,0x1dd4c2980dbe591d99eed65c71c237c71fb75d379a575dc43c4a43a78c19af87
2026-09-03T21:29:27.905Z,ui,72,,0,ERROR,0x6165b37f248347612e12759FAcbb7AD4e71DB763,,,,,,,,,,,,,,,,,,,,,,,,,,,testnet autopilot curve trade,"transaction execution reverted | transaction execution reverted (action=""sendTransaction"", data=null, reason=null, invocation=null, revert=null, transaction={ ""data"": """", ""from"": ""0x09e52116F36a17264415cFE5871ed645D6286Ea1"", ""to"": ""0x6165b37f248347612e12759FAcbb7AD4e71DB763"" }, receipt={ ""_type"": ""TransactionReceipt"", ""blobGasPrice"": null, ""blobGasUsed"": null, ""blockHash"": ""0xd97532a26cce9a2a29315",CALL_EXCEPTION,0xd2d060af9db1c39fef455138787d0a9b70d0cb9c49ed08ecc3a70a4cf6e755d4
2026-09-03T21:29:33.684Z,ui,74,,0,ERROR,0x6165b37f248347612e12759FAcbb7AD4e71DB763,,,,,,,,,,,,,,,,,,,,,,,,,,,testnet autopilot curve trade,"transaction execution reverted | transaction execution reverted (action=""sendTransaction"", data=null, reason=null, invocation=null, revert=null, transaction={ ""data"": """", ""from"": ""0xa72873EF7a11FcefA8EA728F8CCdE84F18cc95ce"", ""to"": ""0x6165b37f248347612e12759FAcbb7AD4e71DB763"" }, receipt={ ""_type"": ""TransactionReceipt"", ""blobGasPrice"": null, ""blobGasUsed"": null, ""blockHash"": ""0xafbdb73998a77d0c05cd9",CALL_EXCEPTION,0x15054252978890984a11b94d67880857abbea6c2e5392d05130cc14be0fec0e0
2026-09-03T21:29:33.683Z,ui,73,,0,ERROR,0x6165b37f248347612e12759FAcbb7AD4e71DB763,,,,,,,,,,,,,,,,,,,,,,,,,,,testnet autopilot curve trade,"transaction execution reverted | transaction execution reverted (action=""sendTransaction"", data=null, reason=null, invocation=null, revert=null, transaction={ ""data"": """", ""from"": ""0x3c7a1BDBE022A46Af5a35696F310DcC3D29829fb"", ""to"": ""0x6165b37f248347612e12759FAcbb7AD4e71DB763"" }, receipt={ ""_type"": ""TransactionReceipt"", ""blobGasPrice"": null, ""blobGasUsed"": null, ""blockHash"": ""0xd716c327c36e5413f8d84",CALL_EXCEPTION,0x0697deacec059dbf55f6aa62b00c49b2531dc51f2f8f7635d451e69f9132dfb3
2026-09-03T21:29:41.012Z,ui,75,,0,ERROR,0x6165b37f248347612e12759FAcbb7AD4e71DB763,,,,,,,,,,,,,,,,,,,,,,,,,,,testnet autopilot curve trade,"transaction execution reverted | transaction execution reverted (action=""sendTransaction"", data=null, reason=null, invocation=null, revert=null, transaction={ ""data"": """", ""from"": ""0x09e52116F36a17264415cFE5871ed645D6286Ea1"", ""to"": ""0x6165b37f248347612e12759FAcbb7AD4e71DB763"" }, receipt={ ""_type"": ""TransactionReceipt"", ""blobGasPrice"": null, ""blobGasUsed"": null, ""blockHash"": ""0xd799dbf601751f291142e",CALL_EXCEPTION,0xd055bb4d82d3b1d775173556083a1f2cd8d2613bb27a28ae2da68eacb365e8d3
2026-09-03T21:29:41.012Z,ui,76,,0,ERROR,0x6165b37f248347612e12759FAcbb7AD4e71DB763,,,,,,,,,,,,,,,,,,,,,,,,,,,testnet autopilot curve trade,"transaction execution reverted | transaction execution reverted (action=""sendTransaction"", data=null, reason=null, invocation=null, revert=null, transaction={ ""data"": """", ""from"": ""0xAA80E56882F007cA18AA28ADda39a61eb9CC18f2"", ""to"": ""0x6165b37f248347612e12759FAcbb7AD4e71DB763"" }, receipt={ ""_type"": ""TransactionReceipt"", ""blobGasPrice"": null, ""blobGasUsed"": null, ""blockHash"": ""0xccc4d48e1fd06778dda79",CALL_EXCEPTION,0x5dcf8c9161ebbe544a56b345a7ad0930f1dc2f211da1c1ad237f3abd6517701c
2026-09-03T21:29:58.833Z,ui,77,,0,ERROR,0x6165b37f248347612e12759FAcbb7AD4e71DB763,,,,,,,,,,,,,,,,,,,,,,,,,,,testnet autopilot curve trade,"transaction execution reverted | transaction execution reverted (action=""sendTransaction"", data=null, reason=null, invocation=null, revert=null, transaction={ ""data"": """", ""from"": ""0x3c7a1BDBE022A46Af5a35696F310DcC3D29829fb"", ""to"": ""0x6165b37f248347612e12759FAcbb7AD4e71DB763"" }, receipt={ ""_type"": ""TransactionReceipt"", ""blobGasPrice"": null, ""blobGasUsed"": null, ""blockHash"": ""0x5bc8e00fea7acaeca36e6",CALL_EXCEPTION,0x7ff7690d689e3c665ed08e73ed879d0bed0d4e3fc01c1328c84452c9823eb11a
2026-09-03T21:30:22.427Z,ui,78,,0,ERROR,0x6165b37f248347612e12759FAcbb7AD4e71DB763,,,,,,,,,,,,,,,,,,,,,,,,,,,testnet autopilot curve trade,"transaction execution reverted | transaction execution reverted (action=""sendTransaction"", data=null, reason=null, invocation=null, revert=null, transaction={ ""data"": """", ""from"": ""0x204446eCe552edAda8e4521DE23A5404b2F624af"", ""to"": ""0x6165b37f248347612e12759FAcbb7AD4e71DB763"" }, receipt={ ""_type"": ""TransactionReceipt"", ""blobGasPrice"": null, ""blobGasUsed"": null, ""blockHash"": ""0x6825e621c12eeb3571903",CALL_EXCEPTION,0x0d8c32d15fc7c66145aa540d337694d82d8b789699bc3b1b61b1113a0884c43e
2026-09-03T21:30:22.958Z,ui,79,,0,ERROR,0x6165b37f248347612e12759FAcbb7AD4e71DB763,,,,,,,,,,,,,,,,,,,,,,,,,,,testnet autopilot curve trade,"transaction execution reverted | transaction execution reverted (action=""sendTransaction"", data=null, reason=null, invocation=null, revert=null, transaction={ ""data"": """", ""from"": ""0xdad17F5C62C8001B379F5454DAAE3776226699eB"", ""to"": ""0x6165b37f248347612e12759FAcbb7AD4e71DB763"" }, receipt={ ""_type"": ""TransactionReceipt"", ""blobGasPrice"": null, ""blobGasUsed"": null, ""blockHash"": ""0xa0adf1524df5cb4720a3f",CALL_EXCEPTION,0x4c0498859f05c6ec32f785e2eca3aed76836c66698fb065e9c07cc441e877bd5
2026-09-03T21:38:30.586Z,ui,81,,0,ERROR,0x6165b37f248347612e12759FAcbb7AD4e71DB763,,,,,,,,,,,,,,,,,,,,,,,,,,,testnet autopilot curve trade,"transaction execution reverted | transaction execution reverted (action=""sendTransaction"", data=null, reason=null, invocation=null, revert=null, transaction={ ""data"": """", ""from"": ""0xa72873EF7a11FcefA8EA728F8CCdE84F18cc95ce"", ""to"": ""0x6165b37f248347612e12759FAcbb7AD4e71DB763"" }, receipt={ ""_type"": ""TransactionReceipt"", ""blobGasPrice"": null, ""blobGasUsed"": null, ""blockHash"": ""0x5dafd7c4fb7a96d915efc",CALL_EXCEPTION,0x511b4a10fcac25e19501cc3038088b29db9d850c8b763ae3e6d26a5b202f13a7
2026-09-03T21:38:44.566Z,ui,82,,0,ERROR,0x6165b37f248347612e12759FAcbb7AD4e71DB763,,,,,,,,,,,,,,,,,,,,,,,,,,,testnet autopilot curve trade,"transaction execution reverted | transaction execution reverted (action=""sendTransaction"", data=null, reason=null, invocation=null, revert=null, transaction={ ""data"": """", ""from"": ""0xAA80E56882F007cA18AA28ADda39a61eb9CC18f2"", ""to"": ""0x6165b37f248347612e12759FAcbb7AD4e71DB763"" }, receipt={ ""_type"": ""TransactionReceipt"", ""blobGasPrice"": null, ""blobGasUsed"": null, ""blockHash"": ""0x2d439bfdbdd08eb1d789e",CALL_EXCEPTION,0xf15d34570589fc386fb4fea26b8a29903f089e420988dcb6876fa05c8e2bf852
2026-09-03T21:38:44.567Z,ui,83,,0,ERROR,0x6165b37f248347612e12759FAcbb7AD4e71DB763,,,,,,,,,,,,,,,,,,,,,,,,,,,testnet autopilot curve trade,"transaction execution reverted | transaction execution reverted (action=""sendTransaction"", data=null, reason=null, invocation=null, revert=null, transaction={ ""data"": """", ""from"": ""0xa72873EF7a11FcefA8EA728F8CCdE84F18cc95ce"", ""to"": ""0x6165b37f248347612e12759FAcbb7AD4e71DB763"" }, receipt={ ""_type"": ""TransactionReceipt"", ""blobGasPrice"": null, ""blobGasUsed"": null, ""blockHash"": ""0x9e02d627b544185491f26",CALL_EXCEPTION,0x23b744c28a3ced28c52694d45383c8287915c22782076b036355676f68b1dd56
2026-09-03T21:38:52.573Z,ui,84,,0,ERROR,0x6165b37f248347612e12759FAcbb7AD4e71DB763,,,,,,,,,,,,,,,,,,,,,,,,,,,testnet autopilot curve trade,"transaction execution reverted | transaction execution reverted (action=""sendTransaction"", data=null, reason=null, invocation=null, revert=null, transaction={ ""data"": """", ""from"": ""0x204446eCe552edAda8e4521DE23A5404b2F624af"", ""to"": ""0x6165b37f248347612e12759FAcbb7AD4e71DB763"" }, receipt={ ""_type"": ""TransactionReceipt"", ""blobGasPrice"": null, ""blobGasUsed"": null, ""blockHash"": ""0x8b08a4aebb7580b090356",CALL_EXCEPTION,0xf2ebeb626de4d403d9b4661723f162d07574ad53592c86e1c0a31f5eb1160b31
2026-09-03T21:38:52.574Z,ui,85,,0,ERROR,0x6165b37f248347612e12759FAcbb7AD4e71DB763,,,,,,,,,,,,,,,,,,,,,,,,,,,testnet autopilot curve trade,"transaction execution reverted | transaction execution reverted (action=""sendTransaction"", data=null, reason=null, invocation=null, revert=null, transaction={ ""data"": """", ""from"": ""0x09e52116F36a17264415cFE5871ed645D6286Ea1"", ""to"": ""0x6165b37f248347612e12759FAcbb7AD4e71DB763"" }, receipt={ ""_type"": ""TransactionReceipt"", ""blobGasPrice"": null, ""blobGasUsed"": null, ""blockHash"": ""0xf6851253227906cbfe3f2",CALL_EXCEPTION,0x7f97565ea396c2904ed60d7a48196d5e68c10dced65039eea46e650cb3092ba5
2026-09-03T21:39:18.627Z,ui,86,,0,ERROR,0x6165b37f248347612e12759FAcbb7AD4e71DB763,,,,,,,,,,,,,,,,,,,,,,,,,,,testnet autopilot curve trade,"transaction execution reverted | transaction execution reverted (action=""sendTransaction"", data=null, reason=null, invocation=null, revert=null, transaction={ ""data"": """", ""from"": ""0x204446eCe552edAda8e4521DE23A5404b2F624af"", ""to"": ""0x6165b37f248347612e12759FAcbb7AD4e71DB763"" }, receipt={ ""_type"": ""TransactionReceipt"", ""blobGasPrice"": null, ""blobGasUsed"": null, ""blockHash"": ""0x00ddd9d94466fd27e6217",CALL_EXCEPTION,0xf29863e7d8174b53acf35c7e0bf8db3b371f7a68571f92d99f074dca4cb9623f
2026-09-03T21:39:26.631Z,ui,87,,0,ERROR,0x6165b37f248347612e12759FAcbb7AD4e71DB763,,,,,,,,,,,,,,,,,,,,,,,,,,,testnet autopilot curve trade,"transaction execution reverted | transaction execution reverted (action=""sendTransaction"", data=null, reason=null, invocation=null, revert=null, transaction={ ""data"": """", ""from"": ""0x09e52116F36a17264415cFE5871ed645D6286Ea1"", ""to"": ""0x6165b37f248347612e12759FAcbb7AD4e71DB763"" }, receipt={ ""_type"": ""TransactionReceipt"", ""blobGasPrice"": null, ""blobGasUsed"": null, ""blockHash"": ""0x915943b66c2c6b8bd0a87",CALL_EXCEPTION,0x936a9d9ffc4ce527f491a956414b50ffeca8db173321929526338ef3f495ad5d
2026-09-03T21:39:26.631Z,ui,88,,0,ERROR,0x6165b37f248347612e12759FAcbb7AD4e71DB763,,,,,,,,,,,,,,,,,,,,,,,,,,,testnet autopilot curve trade,"transaction execution reverted | transaction execution reverted (action=""sendTransaction"", data=null, reason=null, invocation=null, revert=null, transaction={ ""data"": """", ""from"": ""0xdad17F5C62C8001B379F5454DAAE3776226699eB"", ""to"": ""0x6165b37f248347612e12759FAcbb7AD4e71DB763"" }, receipt={ ""_type"": ""TransactionReceipt"", ""blobGasPrice"": null, ""blobGasUsed"": null, ""blockHash"": ""0x0db3913a11a1c19f87ef2",CALL_EXCEPTION,0xbf3a03c779d4199b8f388b6528e551294055b6bd5cc4c99609da15a8771d5104
2026-09-03T21:39:26.631Z,ui,89,,0,ERROR,0x6165b37f248347612e12759FAcbb7AD4e71DB763,,,,,,,,,,,,,,,,,,,,,,,,,,,testnet autopilot curve trade,"transaction execution reverted | transaction execution reverted (action=""sendTransaction"", data=null, reason=null, invocation=null, revert=null, transaction={ ""data"": """", ""from"": ""0xAA80E56882F007cA18AA28ADda39a61eb9CC18f2"", ""to"": ""0x6165b37f248347612e12759FAcbb7AD4e71DB763"" }, receipt={ ""_type"": ""TransactionReceipt"", ""blobGasPrice"": null, ""blobGasUsed"": null, ""blockHash"": ""0xe6a4105bc1e61cb7e1b36",CALL_EXCEPTION,0x56a2803cd3a1fafdb0f52c82d3e900d44d52c92d820b6cfea7e71156e11fde62
2026-09-03T21:39:46.566Z,ui,90,,0,ERROR,0x6165b37f248347612e12759FAcbb7AD4e71DB763,,,,,,,,,,,,,,,,,,,,,,,,,,,testnet autopilot curve trade,"transaction execution reverted | transaction execution reverted (action=""sendTransaction"", data=null, reason=null, invocation=null, revert=null, transaction={ ""data"": """", ""from"": ""0x3c7a1BDBE022A46Af5a35696F310DcC3D29829fb"", ""to"": ""0x6165b37f248347612e12759FAcbb7AD4e71DB763"" }, receipt={ ""_type"": ""TransactionReceipt"", ""blobGasPrice"": null, ""blobGasUsed"": null, ""blockHash"": ""0x80990889d1ad774050b7e",CALL_EXCEPTION,0x1867a89148612d3eb753387f8af3752e290401685ce89c13a1d2ddb226707afa
2026-09-03T21:39:46.567Z,ui,91,,0,ERROR,0x6165b37f248347612e12759FAcbb7AD4e71DB763,,,,,,,,,,,,,,,,,,,,,,,,,,,testnet autopilot curve trade,"transaction execution reverted | transaction execution reverted (action=""sendTransaction"", data=null, reason=null, invocation=null, revert=null, transaction={ ""data"": """", ""from"": ""0x204446eCe552edAda8e4521DE23A5404b2F624af"", ""to"": ""0x6165b37f248347612e12759FAcbb7AD4e71DB763"" }, receipt={ ""_type"": ""TransactionReceipt"", ""blobGasPrice"": null, ""blobGasUsed"": null, ""blockHash"": ""0x7b5cc3206dd2403182650",CALL_EXCEPTION,0x0b5d2bf8b38b4092c47ddc566c1a5307c41174dbe91fccc17a0ed47e4c17e546
2026-09-03T21:40:04.606Z,ui,92,,0,ERROR,0x6165b37f248347612e12759FAcbb7AD4e71DB763,,,,,,,,,,,,,,,,,,,,,,,,,,,testnet autopilot curve trade,"transaction execution reverted | transaction execution reverted (action=""sendTransaction"", data=null, reason=null, invocation=null, revert=null, transaction={ ""data"": """", ""from"": ""0x3c7a1BDBE022A46Af5a35696F310DcC3D29829fb"", ""to"": ""0x6165b37f248347612e12759FAcbb7AD4e71DB763"" }, receipt={ ""_type"": ""TransactionReceipt"", ""blobGasPrice"": null, ""blobGasUsed"": null, ""blockHash"": ""0x45a82b9bbc7e0fdf52694",CALL_EXCEPTION,0x95e7be45b0dc83535bd3a0be5910b52799288aacb2828a413a8ebfd2a0c4e0a5
2026-09-03T21:40:07.585Z,ui,93,,0,ERROR,0x6165b37f248347612e12759FAcbb7AD4e71DB763,,,,,,,,,,,,,,,,,,,,,,,,,,,testnet autopilot curve trade,"transaction execution reverted | transaction execution reverted (action=""sendTransaction"", data=null, reason=null, invocation=null, revert=null, transaction={ ""data"": """", ""from"": ""0xAA80E56882F007cA18AA28ADda39a61eb9CC18f2"", ""to"": ""0x6165b37f248347612e12759FAcbb7AD4e71DB763"" }, receipt={ ""_type"": ""TransactionReceipt"", ""blobGasPrice"": null, ""blobGasUsed"": null, ""blockHash"": ""0x40e912c43a3552dae2e61",CALL_EXCEPTION,0xd5ed0abe6d798aaaa1283bdc9316142144684b6b2d9dc8057b67094cee2c29b3
2026-09-03T21:40:12.592Z,ui,94,,0,ERROR,0x6165b37f248347612e12759FAcbb7AD4e71DB763,,,,,,,,,,,,,,,,,,,,,,,,,,,testnet autopilot curve trade,"transaction execution reverted | transaction execution reverted (action=""sendTransaction"", data=null, reason=null, invocation=null, revert=null, transaction={ ""data"": """", ""from"": ""0x09e52116F36a17264415cFE5871ed645D6286Ea1"", ""to"": ""0x6165b37f248347612e12759FAcbb7AD4e71DB763"" }, receipt={ ""_type"": ""TransactionReceipt"", ""blobGasPrice"": null, ""blobGasUsed"": null, ""blockHash"": ""0xa6305a3057b01ffb6a8a2",CALL_EXCEPTION,0x273abb5c77dfd6e65345e40eecd84711dcb22f54f75426b8de9c9584659065e1
2026-09-03T21:40:19.781Z,ui,95,,0,ERROR,0x6165b37f248347612e12759FAcbb7AD4e71DB763,,,,,,,,,,,,,,,,,,,,,,,,,,,testnet autopilot curve trade,"transaction execution reverted | transaction execution reverted (action=""sendTransaction"", data=null, reason=null, invocation=null, revert=null, transaction={ ""data"": """", ""from"": ""0xAA80E56882F007cA18AA28ADda39a61eb9CC18f2"", ""to"": ""0x6165b37f248347612e12759FAcbb7AD4e71DB763"" }, receipt={ ""_type"": ""TransactionReceipt"", ""blobGasPrice"": null, ""blobGasUsed"": null, ""blockHash"": ""0xe258c9bd5ee282903bf71",CALL_EXCEPTION,0xd8f9809c957c4518ee14329c74ac8cfeb137476906842559888d924e2c6fa821
2026-09-03T21:40:34.561Z,ui,96,,0,ERROR,0x6165b37f248347612e12759FAcbb7AD4e71DB763,,,,,,,,,,,,,,,,,,,,,,,,,,,testnet autopilot curve trade,"transaction execution reverted | transaction execution reverted (action=""sendTransaction"", data=null, reason=null, invocation=null, revert=null, transaction={ ""data"": """", ""from"": ""0x09e52116F36a17264415cFE5871ed645D6286Ea1"", ""to"": ""0x6165b37f248347612e12759FAcbb7AD4e71DB763"" }, receipt={ ""_type"": ""TransactionReceipt"", ""blobGasPrice"": null, ""blobGasUsed"": null, ""blockHash"": ""0xa121c391e7753f3f83365",CALL_EXCEPTION,0xfb0ded346eb1b6c510fd3962c1629407db9c1375242e54300f202c4fc9abe5c5
2026-09-03T21:40:52.612Z,ui,97,,0,ERROR,0x6165b37f248347612e12759FAcbb7AD4e71DB763,,,,,,,,,,,,,,,,,,,,,,,,,,,testnet autopilot curve trade,"transaction execution reverted | transaction execution reverted (action=""sendTransaction"", data=null, reason=null, invocation=null, revert=null, transaction={ ""data"": """", ""from"": ""0xdad17F5C62C8001B379F5454DAAE3776226699eB"", ""to"": ""0x6165b37f248347612e12759FAcbb7AD4e71DB763"" }, receipt={ ""_type"": ""TransactionReceipt"", ""blobGasPrice"": null, ""blobGasUsed"": null, ""blockHash"": ""0x07298ba3509e5a0088c86",CALL_EXCEPTION,0xc6f22be2e7bd4d6aa9d0e19d483946ff711ec39c4b5df0b82084cc327607aafe
2026-09-03T21:41:11.572Z,ui,98,,0,ERROR,0x6165b37f248347612e12759FAcbb7AD4e71DB763,,,,,,,,,,,,,,,,,,,,,,,,,,,testnet autopilot curve trade,"transaction execution reverted | transaction execution reverted (action=""sendTransaction"", data=null, reason=null, invocation=null, revert=null, transaction={ ""data"": """", ""from"": ""0x204446eCe552edAda8e4521DE23A5404b2F624af"", ""to"": ""0x6165b37f248347612e12759FAcbb7AD4e71DB763"" }, receipt={ ""_type"": ""TransactionReceipt"", ""blobGasPrice"": null, ""blobGasUsed"": null, ""blockHash"": ""0x3dc515cdf8f4477ccd934",CALL_EXCEPTION,0x95a6b74952c31eee854ce43def096b2f02ffee70087a8e13f1f6aca7fc233e4a
2026-09-03T21:41:13.572Z,ui,99,,0,ERROR,0x6165b37f248347612e12759FAcbb7AD4e71DB763,,,,,,,,,,,,,,,,,,,,,,,,,,,testnet autopilot curve trade,"transaction execution reverted | transaction execution reverted (action=""sendTransaction"", data=null, reason=null, invocation=null, revert=null, transaction={ ""data"": """", ""from"": ""0xdad17F5C62C8001B379F5454DAAE3776226699eB"", ""to"": ""0x6165b37f248347612e12759FAcbb7AD4e71DB763"" }, receipt={ ""_type"": ""TransactionReceipt"", ""blobGasPrice"": null, ""blobGasUsed"": null, ""blockHash"": ""0xf8af598f9d1d4015dc283",CALL_EXCEPTION,0xa604ded97fa9eb9606abce61cf4479f269f7cffd7916419be4f955a91fb48c30
2026-09-03T21:41:19.579Z,ui,100,,0,ERROR,0x6165b37f248347612e12759FAcbb7AD4e71DB763,,,,,,,,,,,,,,,,,,,,,,,,,,,testnet autopilot curve trade,"transaction execution reverted | transaction execution reverted (action=""sendTransaction"", data=null, reason=null, invocation=null, revert=null, transaction={ ""data"": """", ""from"": ""0xa72873EF7a11FcefA8EA728F8CCdE84F18cc95ce"", ""to"": ""0x6165b37f248347612e12759FAcbb7AD4e71DB763"" }, receipt={ ""_type"": ""TransactionReceipt"", ""blobGasPrice"": null, ""blobGasUsed"": null, ""blockHash"": ""0xb5833b1ed4eb9c9b74510",CALL_EXCEPTION,0x52020544c8c98329fda8ee760adeb3af6c19c8f965cc8ee6e488e566ef43e32d
2026-09-03T21:41:33.916Z,ui,101,,0,ERROR,0x6165b37f248347612e12759FAcbb7AD4e71DB763,,,,,,,,,,,,,,,,,,,,,,,,,,,testnet autopilot curve trade,"transaction execution reverted | transaction execution reverted (action=""sendTransaction"", data=null, reason=null, invocation=null, revert=null, transaction={ ""data"": """", ""from"": ""0x3c7a1BDBE022A46Af5a35696F310DcC3D29829fb"", ""to"": ""0x6165b37f248347612e12759FAcbb7AD4e71DB763"" }, receipt={ ""_type"": ""TransactionReceipt"", ""blobGasPrice"": null, ""blobGasUsed"": null, ""blockHash"": ""0x44e51e5896584cc6b50ca",CALL_EXCEPTION,0xfdd72c69a463b93962e000ea52ecd7f11dc3dee6471f7e5e0925ad9489a4b805
2026-09-03T21:41:44.529Z,ui,102,,0,ERROR,0x6165b37f248347612e12759FAcbb7AD4e71DB763,,,,,,,,,,,,,,,,,,,,,,,,,,,testnet autopilot curve trade,"transaction execution reverted | transaction execution reverted (action=""sendTransaction"", data=null, reason=null, invocation=null, revert=null, transaction={ ""data"": """", ""from"": ""0xa72873EF7a11FcefA8EA728F8CCdE84F18cc95ce"", ""to"": ""0x6165b37f248347612e12759FAcbb7AD4e71DB763"" }, receipt={ ""_type"": ""TransactionReceipt"", ""blobGasPrice"": null, ""blobGasUsed"": null, ""blockHash"": ""0xd56bd058bd13713d801e1",CALL_EXCEPTION,0xe86263c36a197298e2cc4d22afeaf9babdb6c90b176570c887b6de71a7ff4ba2
2026-09-03T21:41:47.657Z,ui,103,,0,ERROR,0x6165b37f248347612e12759FAcbb7AD4e71DB763,,,,,,,,,,,,,,,,,,,,,,,,,,,testnet autopilot curve trade,"transaction execution reverted | transaction execution reverted (action=""sendTransaction"", data=null, reason=null, invocation=null, revert=null, transaction={ ""data"": """", ""from"": ""0x09e52116F36a17264415cFE5871ed645D6286Ea1"", ""to"": ""0x6165b37f248347612e12759FAcbb7AD4e71DB763"" }, receipt={ ""_type"": ""TransactionReceipt"", ""blobGasPrice"": null, ""blobGasUsed"": null, ""blockHash"": ""0xa87776d81bd881df6156f",CALL_EXCEPTION,0x040459a748214d8dde219cc0a2a167f973848b9219dff6b938516385eeb2a7af
2026-09-03T21:41:54.611Z,ui,104,,0,ERROR,0x6165b37f248347612e12759FAcbb7AD4e71DB763,,,,,,,,,,,,,,,,,,,,,,,,,,,testnet autopilot curve trade,"transaction execution reverted | transaction execution reverted (action=""sendTransaction"", data=null, reason=null, invocation=null, revert=null, transaction={ ""data"": """", ""from"": ""0x3c7a1BDBE022A46Af5a35696F310DcC3D29829fb"", ""to"": ""0x6165b37f248347612e12759FAcbb7AD4e71DB763"" }, receipt={ ""_type"": ""TransactionReceipt"", ""blobGasPrice"": null, ""blobGasUsed"": null, ""blockHash"": ""0xc4db9f773295d63ec3ad1",CALL_EXCEPTION,0x644bc4363be18eac439a78e1e067670ce8b8388bd4c00e683638ce9ab7c8cb1c
2026-09-03T21:42:02.673Z,ui,105,,0,ERROR,0x6165b37f248347612e12759FAcbb7AD4e71DB763,,,,,,,,,,,,,,,,,,,,,,,,,,,testnet autopilot curve trade,"transaction execution reverted | transaction execution reverted (action=""sendTransaction"", data=null, reason=null, invocation=null, revert=null, transaction={ ""data"": """", ""from"": ""0x204446eCe552edAda8e4521DE23A5404b2F624af"", ""to"": ""0x6165b37f248347612e12759FAcbb7AD4e71DB763"" }, receipt={ ""_type"": ""TransactionReceipt"", ""blobGasPrice"": null, ""blobGasUsed"": null, ""blockHash"": ""0x348e870c06cbbe5dbec80",CALL_EXCEPTION,0x184acebd68c7e7a5d71afad3cc671846f3ffc26b92d7b74817890e402def9458
2026-09-03T21:42:08.902Z,ui,106,,0,ERROR,0x6165b37f248347612e12759FAcbb7AD4e71DB763,,,,,,,,,,,,,,,,,,,,,,,,,,,testnet autopilot curve trade,"transaction execution reverted | transaction execution reverted (action=""sendTransaction"", data=null, reason=null, invocation=null, revert=null, transaction={ ""data"": """", ""from"": ""0x09e52116F36a17264415cFE5871ed645D6286Ea1"", ""to"": ""0x6165b37f248347612e12759FAcbb7AD4e71DB763"" }, receipt={ ""_type"": ""TransactionReceipt"", ""blobGasPrice"": null, ""blobGasUsed"": null, ""blockHash"": ""0xaa17feee6d5f6dd963513",CALL_EXCEPTION,0x3cc4cb932c0c62a7b910e9fbe705afd019d10a8ada39e6feab1bffbde8d1f514
2026-09-03T21:42:08.902Z,ui,107,,0,ERROR,0x6165b37f248347612e12759FAcbb7AD4e71DB763,,,,,,,,,,,,,,,,,,,,,,,,,,,testnet autopilot curve trade,"transaction execution reverted | transaction execution reverted (action=""sendTransaction"", data=null, reason=null, invocation=null, revert=null, transaction={ ""data"": """", ""from"": ""0x3c7a1BDBE022A46Af5a35696F310DcC3D29829fb"", ""to"": ""0x6165b37f248347612e12759FAcbb7AD4e71DB763"" }, receipt={ ""_type"": ""TransactionReceipt"", ""blobGasPrice"": null, ""blobGasUsed"": null, ""blockHash"": ""0xedf73fc4e1658d673e982",CALL_EXCEPTION,0xe158e637dac81212b4ff96a4549fc2c39eaba2473f1ba35b1a85cad48ff58055
2026-09-03T21:42:16.552Z,ui,108,,0,ERROR,0x6165b37f248347612e12759FAcbb7AD4e71DB763,,,,,,,,,,,,,,,,,,,,,,,,,,,testnet autopilot curve trade,"transaction execution reverted | transaction execution reverted (action=""sendTransaction"", data=null, reason=null, invocation=null, revert=null, transaction={ ""data"": """", ""from"": ""0xa72873EF7a11FcefA8EA728F8CCdE84F18cc95ce"", ""to"": ""0x6165b37f248347612e12759FAcbb7AD4e71DB763"" }, receipt={ ""_type"": ""TransactionReceipt"", ""blobGasPrice"": null, ""blobGasUsed"": null, ""blockHash"": ""0x324224f4e98f9603401c8",CALL_EXCEPTION,0x823fe348d165dd95c3d9a700fc96bee23e66f30968a08afbf04bf64d75483d8a
2026-09-03T21:42:31.701Z,ui,109,,0,ERROR,0x6165b37f248347612e12759FAcbb7AD4e71DB763,,,,,,,,,,,,,,,,,,,,,,,,,,,testnet autopilot curve trade,"transaction execution reverted | transaction execution reverted (action=""sendTransaction"", data=null, reason=null, invocation=null, revert=null, transaction={ ""data"": """", ""from"": ""0x204446eCe552edAda8e4521DE23A5404b2F624af"", ""to"": ""0x6165b37f248347612e12759FAcbb7AD4e71DB763"" }, receipt={ ""_type"": ""TransactionReceipt"", ""blobGasPrice"": null, ""blobGasUsed"": null, ""blockHash"": ""0x78ab62543e5d996c82d60",CALL_EXCEPTION,0x17ee43547981bc1895d0badc2757f9401dad1dd111da110aafe22af6671d8792
2026-09-03T21:42:32.635Z,ui,110,,0,ERROR,0x6165b37f248347612e12759FAcbb7AD4e71DB763,,,,,,,,,,,,,,,,,,,,,,,,,,,testnet autopilot curve trade,"transaction execution reverted | transaction execution reverted (action=""sendTransaction"", data=null, reason=null, invocation=null, revert=null, transaction={ ""data"": """", ""from"": ""0x09e52116F36a17264415cFE5871ed645D6286Ea1"", ""to"": ""0x6165b37f248347612e12759FAcbb7AD4e71DB763"" }, receipt={ ""_type"": ""TransactionReceipt"", ""blobGasPrice"": null, ""blobGasUsed"": null, ""blockHash"": ""0x623d6d952bf766c720c29",CALL_EXCEPTION,0x8a60175eb19954957e6abfdcf4e5232422c9c2dc99d2b7913947981c8c688960
2026-09-03T21:42:43.568Z,ui,111,,0,ERROR,0x6165b37f248347612e12759FAcbb7AD4e71DB763,,,,,,,,,,,,,,,,,,,,,,,,,,,testnet autopilot curve trade,"transaction execution reverted | transaction execution reverted (action=""sendTransaction"", data=null, reason=null, invocation=null, revert=null, transaction={ ""data"": """", ""from"": ""0x204446eCe552edAda8e4521DE23A5404b2F624af"", ""to"": ""0x6165b37f248347612e12759FAcbb7AD4e71DB763"" }, receipt={ ""_type"": ""TransactionReceipt"", ""blobGasPrice"": null, ""blobGasUsed"": null, ""blockHash"": ""0xa7a1020f42df91cd23594",CALL_EXCEPTION,0x700500b6195bf654f8ef808c151a06da206bd11e2179720d1ca066c83644d16e
2026-09-03T21:42:43.568Z,ui,112,,0,ERROR,0x6165b37f248347612e12759FAcbb7AD4e71DB763,,,,,,,,,,,,,,,,,,,,,,,,,,,testnet autopilot curve trade,"transaction execution reverted | transaction execution reverted (action=""sendTransaction"", data=null, reason=null, invocation=null, revert=null, transaction={ ""data"": """", ""from"": ""0xAA80E56882F007cA18AA28ADda39a61eb9CC18f2"", ""to"": ""0x6165b37f248347612e12759FAcbb7AD4e71DB763"" }, receipt={ ""_type"": ""TransactionReceipt"", ""blobGasPrice"": null, ""blobGasUsed"": null, ""blockHash"": ""0xc7df46786f23f4047e79b",CALL_EXCEPTION,0xd2fedfdd02a8b138051155636c5d6fe29e400eb57e120cd5d922ce17dc6d7c92
2026-09-03T21:43:00.545Z,ui,113,,0,ERROR,0x6165b37f248347612e12759FAcbb7AD4e71DB763,,,,,,,,,,,,,,,,,,,,,,,,,,,testnet autopilot curve trade,"transaction execution reverted | transaction execution reverted (action=""sendTransaction"", data=null, reason=null, invocation=null, revert=null, transaction={ ""data"": """", ""from"": ""0xdad17F5C62C8001B379F5454DAAE3776226699eB"", ""to"": ""0x6165b37f248347612e12759FAcbb7AD4e71DB763"" }, receipt={ ""_type"": ""TransactionReceipt"", ""blobGasPrice"": null, ""blobGasUsed"": null, ""blockHash"": ""0xb7237b1339306b5d93bfe",CALL_EXCEPTION,0x675bdb9fe377dc4c785a96210ee664bf6ffc03157b135a3d166bb1021eddd475
2026-09-03T21:43:04.616Z,ui,114,,0,ERROR,0x6165b37f248347612e12759FAcbb7AD4e71DB763,,,,,,,,,,,,,,,,,,,,,,,,,,,testnet autopilot curve trade,"transaction execution reverted | transaction execution reverted (action=""sendTransaction"", data=null, reason=null, invocation=null, revert=null, transaction={ ""data"": """", ""from"": ""0x3c7a1BDBE022A46Af5a35696F310DcC3D29829fb"", ""to"": ""0x6165b37f248347612e12759FAcbb7AD4e71DB763"" }, receipt={ ""_type"": ""TransactionReceipt"", ""blobGasPrice"": null, ""blobGasUsed"": null, ""blockHash"": ""0x0c5772dd3b09ae9347da7",CALL_EXCEPTION,0x2a648ea6212754afeb72a9cb640e11516fa53c89372794318882d941f49cd868
2026-09-03T21:43:04.616Z,ui,115,,0,ERROR,0x6165b37f248347612e12759FAcbb7AD4e71DB763,,,,,,,,,,,,,,,,,,,,,,,,,,,testnet autopilot curve trade,"transaction execution reverted | transaction execution reverted (action=""sendTransaction"", data=null, reason=null, invocation=null, revert=null, transaction={ ""data"": """", ""from"": ""0x204446eCe552edAda8e4521DE23A5404b2F624af"", ""to"": ""0x6165b37f248347612e12759FAcbb7AD4e71DB763"" }, receipt={ ""_type"": ""TransactionReceipt"", ""blobGasPrice"": null, ""blobGasUsed"": null, ""blockHash"": ""0x337595ce30aac13721d8b",CALL_EXCEPTION,0x0b2fe53060f7ed08af341a6709c58adf7729553a33565ec8827b1e94abbbd102
2026-09-03T21:43:17.632Z,ui,116,,0,ERROR,0x6165b37f248347612e12759FAcbb7AD4e71DB763,,,,,,,,,,,,,,,,,,,,,,,,,,,testnet autopilot curve trade,"transaction execution reverted | transaction execution reverted (action=""sendTransaction"", data=null, reason=null, invocation=null, revert=null, transaction={ ""data"": """", ""from"": ""0x09e52116F36a17264415cFE5871ed645D6286Ea1"", ""to"": ""0x6165b37f248347612e12759FAcbb7AD4e71DB763"" }, receipt={ ""_type"": ""TransactionReceipt"", ""blobGasPrice"": null, ""blobGasUsed"": null, ""blockHash"": ""0x50a843996f8cc6c488418",CALL_EXCEPTION,0xc19daafed7b98275f7eceb67a32626c4f11fc8d4930cd95b9ab90ce283301105
2026-09-03T21:43:17.633Z,ui,117,,0,ERROR,0x6165b37f248347612e12759FAcbb7AD4e71DB763,,,,,,,,,,,,,,,,,,,,,,,,,,,testnet autopilot curve trade,"transaction execution reverted | transaction execution reverted (action=""sendTransaction"", data=null, reason=null, invocation=null, revert=null, transaction={ ""data"": """", ""from"": ""0x204446eCe552edAda8e4521DE23A5404b2F624af"", ""to"": ""0x6165b37f248347612e12759FAcbb7AD4e71DB763"" }, receipt={ ""_type"": ""TransactionReceipt"", ""blobGasPrice"": null, ""blobGasUsed"": null, ""blockHash"": ""0xb5ee964a294861a572eba",CALL_EXCEPTION,0x4a7ec27c3817de5ca350f41d725cd7aaf79c540c6ed8f276f14f09c212887a2f
2026-09-03T21:43:19.665Z,ui,118,,0,ERROR,0x6165b37f248347612e12759FAcbb7AD4e71DB763,,,,,,,,,,,,,,,,,,,,,,,,,,,testnet autopilot curve trade,"transaction execution reverted | transaction execution reverted (action=""sendTransaction"", data=null, reason=null, invocation=null, revert=null, transaction={ ""data"": """", ""from"": ""0xdad17F5C62C8001B379F5454DAAE3776226699eB"", ""to"": ""0x6165b37f248347612e12759FAcbb7AD4e71DB763"" }, receipt={ ""_type"": ""TransactionReceipt"", ""blobGasPrice"": null, ""blobGasUsed"": null, ""blockHash"": ""0x4baba5f34b97147b8bee5",CALL_EXCEPTION,0x84982fb1485aa26bd9a25a5d092fd250f2afb36167f7b45379afc6069a14cb61
2026-09-03T21:43:24.651Z,ui,119,,0,ERROR,0x6165b37f248347612e12759FAcbb7AD4e71DB763,,,,,,,,,,,,,,,,,,,,,,,,,,,testnet autopilot curve trade,"transaction execution reverted | transaction execution reverted (action=""sendTransaction"", data=null, reason=null, invocation=null, revert=null, transaction={ ""data"": """", ""from"": ""0xa72873EF7a11FcefA8EA728F8CCdE84F18cc95ce"", ""to"": ""0x6165b37f248347612e12759FAcbb7AD4e71DB763"" }, receipt={ ""_type"": ""TransactionReceipt"", ""blobGasPrice"": null, ""blobGasUsed"": null, ""blockHash"": ""0xfb5b553daefe5cbce8fd2",CALL_EXCEPTION,0xb244c854cb50bee53f6d261c72c91759ca23b61e734f48473df2a76b38f1e4d0
2026-09-03T21:43:24.651Z,ui,120,,0,ERROR,0x6165b37f248347612e12759FAcbb7AD4e71DB763,,,,,,,,,,,,,,,,,,,,,,,,,,,testnet autopilot curve trade,"transaction execution reverted | transaction execution reverted (action=""sendTransaction"", data=null, reason=null, invocation=null, revert=null, transaction={ ""data"": """", ""from"": ""0xAA80E56882F007cA18AA28ADda39a61eb9CC18f2"", ""to"": ""0x6165b37f248347612e12759FAcbb7AD4e71DB763"" }, receipt={ ""_type"": ""TransactionReceipt"", ""blobGasPrice"": null, ""blobGasUsed"": null, ""blockHash"": ""0x3bdeab84d803c1377ae46",CALL_EXCEPTION,0xd3b277a15237d859bad9f8cd4867a05a7c7a73a4c50164ac11f3e2d63401dc66
2026-09-03T21:43:31.741Z,ui,121,,0,ERROR,0x6165b37f248347612e12759FAcbb7AD4e71DB763,,,,,,,,,,,,,,,,,,,,,,,,,,,testnet autopilot curve trade,"transaction execution reverted | transaction execution reverted (action=""sendTransaction"", data=null, reason=null, invocation=null, revert=null, transaction={ ""data"": """", ""from"": ""0x09e52116F36a17264415cFE5871ed645D6286Ea1"", ""to"": ""0x6165b37f248347612e12759FAcbb7AD4e71DB763"" }, receipt={ ""_type"": ""TransactionReceipt"", ""blobGasPrice"": null, ""blobGasUsed"": null, ""blockHash"": ""0x2d1456da7beba70f532dc",CALL_EXCEPTION,0xe08f0591b2b1ebda8d9859ecf3d9289183d05cb8e77935c47f086ef45e490700
2026-09-03T21:43:42.600Z,ui,122,,0,ERROR,0x6165b37f248347612e12759FAcbb7AD4e71DB763,,,,,,,,,,,,,,,,,,,,,,,,,,,testnet autopilot curve trade,"transaction execution reverted | transaction execution reverted (action=""sendTransaction"", data=null, reason=null, invocation=null, revert=null, transaction={ ""data"": """", ""from"": ""0x09e52116F36a17264415cFE5871ed645D6286Ea1"", ""to"": ""0x6165b37f248347612e12759FAcbb7AD4e71DB763"" }, receipt={ ""_type"": ""TransactionReceipt"", ""blobGasPrice"": null, ""blobGasUsed"": null, ""blockHash"": ""0x4faadb47d24f07d6cbed7",CALL_EXCEPTION,0x46398caf390106617b2a196a67358e38a9aa6924d1e1f2c020ce0d743b2a872e
2026-09-03T21:43:52.340Z,frontend,48,fe-1788376109599-opun7g,,ERROR,,,,,,,,,,,,,,,,,,,,,,,,,,,,Buy failed,"user rejected action | user rejected action (action=""sendTransaction"", reason=""rejected"", info={ ""error"": { ""code"": 4001, ""data"": { ""cause"": ""rejectAllApprovals"" }, ""message"": ""ethers-user-denied: MetaMask Tx Signature: User denied transaction signature."" }, ""payload"": { ""id"": 50, ""jsonrpc"": ""2.0"", ""method"": ""eth_sendTransaction"", ""params"": [ { ""data"": ""0xd6febde80000000000000000000000000000000000000000000000000063802b33091cb500000000000000000000000000000000000000000000a904385011c6879732c2"", ""fr",ACTION_REJECTED,
2026-09-03T21:44:11.557Z,ui,123,,0,ERROR,0x6165b37f248347612e12759FAcbb7AD4e71DB763,,,,,,,,,,,,,,,,,,,,,,,,,,,testnet autopilot curve trade,"transaction execution reverted | transaction execution reverted (action=""sendTransaction"", data=null, reason=null, invocation=null, revert=null, transaction={ ""data"": """", ""from"": ""0xAA80E56882F007cA18AA28ADda39a61eb9CC18f2"", ""to"": ""0x6165b37f248347612e12759FAcbb7AD4e71DB763"" }, receipt={ ""_type"": ""TransactionReceipt"", ""blobGasPrice"": null, ""blobGasUsed"": null, ""blockHash"": ""0xf57643c50308eb0b04b7b",CALL_EXCEPTION,0xbbe710a6f13de8e500a336559d664c4b97c0181bc70ec1ab1ea8c9afc6dfb5b0
2026-09-03T21:44:17.488Z,frontend,49,fe-1788376109599-opun7g,,ERROR,,,,,,,,,,,,,,,,,,,,,,,,,,,,Buy failed,"transaction execution reverted | transaction execution reverted (action=""sendTransaction"", data=null, reason=null, invocation=null, revert=null, transaction={ ""data"": """", ""from"": ""0x667eb85F074446353FE49F75517808dA549e785e"", ""to"": ""0x6165b37f248347612e12759FAcbb7AD4e71DB763"" }, receipt={ ""_type"": ""TransactionReceipt"", ""blobGasPrice"": null, ""blobGasUsed"": null, ""blockHash"": ""0x0548f4f8bae3e00a255585b994c6629627657fc852763b02b8e7dbce8afdfc55"", ""blockNumber"": 112511451, ""contractAddress"": null, ""cu",CALL_EXCEPTION,0x58d9e33e6577e1a901f2485035ed37b27f60d6bb9d3fd9afd1958a0259fba6ea
2026-09-03T21:44:18.656Z,ui,124,,0,ERROR,0x6165b37f248347612e12759FAcbb7AD4e71DB763,,,,,,,,,,,,,,,,,,,,,,,,,,,testnet autopilot curve trade,"transaction execution reverted | transaction execution reverted (action=""sendTransaction"", data=null, reason=null, invocation=null, revert=null, transaction={ ""data"": """", ""from"": ""0x09e52116F36a17264415cFE5871ed645D6286Ea1"", ""to"": ""0x6165b37f248347612e12759FAcbb7AD4e71DB763"" }, receipt={ ""_type"": ""TransactionReceipt"", ""blobGasPrice"": null, ""blobGasUsed"": null, ""blockHash"": ""0x8e9412748a8f92943a626",CALL_EXCEPTION,0x3e28788732ca2f47115e10f4984acf9cfb49b016f17bb67a3087e135bae1d713
2026-09-03T21:44:20.750Z,ui,125,,0,ERROR,0x6165b37f248347612e12759FAcbb7AD4e71DB763,,,,,,,,,,,,,,,,,,,,,,,,,,,testnet autopilot curve trade,"transaction execution reverted | transaction execution reverted (action=""sendTransaction"", data=null, reason=null, invocation=null, revert=null, transaction={ ""data"": """", ""from"": ""0x204446eCe552edAda8e4521DE23A5404b2F624af"", ""to"": ""0x6165b37f248347612e12759FAcbb7AD4e71DB763"" }, receipt={ ""_type"": ""TransactionReceipt"", ""blobGasPrice"": null, ""blobGasUsed"": null, ""blockHash"": ""0x08f2d942f2d9d8481b42c",CALL_EXCEPTION,0x6c733100f251803e416bf82fa7b144f2992ea765447a67279b2a1aac6a877629
2026-09-03T21:44:34.086Z,ui,126,,0,ERROR,0x6165b37f248347612e12759FAcbb7AD4e71DB763,,,,,,,,,,,,,,,,,,,,,,,,,,,testnet autopilot curve trade,"transaction execution reverted | transaction execution reverted (action=""sendTransaction"", data=null, reason=null, invocation=null, revert=null, transaction={ ""data"": """", ""from"": ""0xdad17F5C62C8001B379F5454DAAE3776226699eB"", ""to"": ""0x6165b37f248347612e12759FAcbb7AD4e71DB763"" }, receipt={ ""_type"": ""TransactionReceipt"", ""blobGasPrice"": null, ""blobGasUsed"": null, ""blockHash"": ""0x024eaef97be2707397914",CALL_EXCEPTION,0xa36a26add318f9dfd9d26f08c7232f8b45dbbcabb159ab882d0bf5b8edaf9d06
2026-09-03T21:44:38.579Z,ui,127,,0,ERROR,0x6165b37f248347612e12759FAcbb7AD4e71DB763,,,,,,,,,,,,,,,,,,,,,,,,,,,testnet autopilot curve trade,"transaction execution reverted | transaction execution reverted (action=""sendTransaction"", data=null, reason=null, invocation=null, revert=null, transaction={ ""data"": """", ""from"": ""0x09e52116F36a17264415cFE5871ed645D6286Ea1"", ""to"": ""0x6165b37f248347612e12759FAcbb7AD4e71DB763"" }, receipt={ ""_type"": ""TransactionReceipt"", ""blobGasPrice"": null, ""blobGasUsed"": null, ""blockHash"": ""0xc8c669e1fb68113211383",CALL_EXCEPTION,0xc280e314d4bc9db3301a0c8c4d690e6a4393b69e7d5e68f6dda8226efb10b378
2026-09-03T21:44:41.198Z,ui,128,,0,ERROR,0x6165b37f248347612e12759FAcbb7AD4e71DB763,,,,,,,,,,,,,,,,,,,,,,,,,,,testnet autopilot curve trade,"transaction execution reverted | transaction execution reverted (action=""sendTransaction"", data=null, reason=null, invocation=null, revert=null, transaction={ ""data"": """", ""from"": ""0xdad17F5C62C8001B379F5454DAAE3776226699eB"", ""to"": ""0x6165b37f248347612e12759FAcbb7AD4e71DB763"" }, receipt={ ""_type"": ""TransactionReceipt"", ""blobGasPrice"": null, ""blobGasUsed"": null, ""blockHash"": ""0x5b0d14204cee2a4481c8f",CALL_EXCEPTION,0x0bf16e0ebe7ec5fbf7938589b69fefb862ede48c56a4a7a8cd92015c3b12deec
2026-09-03T21:44:45.913Z,ui,129,,0,ERROR,0x6165b37f248347612e12759FAcbb7AD4e71DB763,,,,,,,,,,,,,,,,,,,,,,,,,,,testnet autopilot curve trade,"transaction execution reverted | transaction execution reverted (action=""sendTransaction"", data=null, reason=null, invocation=null, revert=null, transaction={ ""data"": """", ""from"": ""0x09e52116F36a17264415cFE5871ed645D6286Ea1"", ""to"": ""0x6165b37f248347612e12759FAcbb7AD4e71DB763"" }, receipt={ ""_type"": ""TransactionReceipt"", ""blobGasPrice"": null, ""blobGasUsed"": null, ""blockHash"": ""0x92ebb07fed2403ac13826",CALL_EXCEPTION,0x7c573820e4836535ee561e5aaccceede38447559727cd195e12c786d47682585
2026-09-03T21:45:46.736Z,ui,130,,0,ERROR,0x6165b37f248347612e12759FAcbb7AD4e71DB763,,,,,,,,,,,,,,,,,,,,,,,,,,,testnet autopilot curve trade,"transaction execution reverted | transaction execution reverted (action=""sendTransaction"", data=null, reason=null, invocation=null, revert=null, transaction={ ""data"": """", ""from"": ""0x09e52116F36a17264415cFE5871ed645D6286Ea1"", ""to"": ""0x6165b37f248347612e12759FAcbb7AD4e71DB763"" }, receipt={ ""_type"": ""TransactionReceipt"", ""blobGasPrice"": null, ""blobGasUsed"": null, ""blockHash"": ""0x4b0a6f155b5a7d1e603d2",CALL_EXCEPTION,0x1b6b7c2a8d53774bdf61fdad2fa51ecf8279c14e99aa0a0e0b1b004e61c4282a
2026-09-03T21:45:54.604Z,ui,131,,0,ERROR,0x6165b37f248347612e12759FAcbb7AD4e71DB763,,,,,,,,,,,,,,,,,,,,,,,,,,,testnet autopilot curve trade,"transaction execution reverted | transaction execution reverted (action=""sendTransaction"", data=null, reason=null, invocation=null, revert=null, transaction={ ""data"": """", ""from"": ""0xAA80E56882F007cA18AA28ADda39a61eb9CC18f2"", ""to"": ""0x6165b37f248347612e12759FAcbb7AD4e71DB763"" }, receipt={ ""_type"": ""TransactionReceipt"", ""blobGasPrice"": null, ""blobGasUsed"": null, ""blockHash"": ""0xc4c1990de0d512da34c7e",CALL_EXCEPTION,0x034644fa156da52f259ff0472f1b2217600dcc7a381bee7e35a1bc962aab60ad
2026-09-03T21:46:06.564Z,ui,132,,0,ERROR,0x6165b37f248347612e12759FAcbb7AD4e71DB763,,,,,,,,,,,,,,,,,,,,,,,,,,,testnet autopilot curve trade,"transaction execution reverted | transaction execution reverted (action=""sendTransaction"", data=null, reason=null, invocation=null, revert=null, transaction={ ""data"": """", ""from"": ""0xAA80E56882F007cA18AA28ADda39a61eb9CC18f2"", ""to"": ""0x6165b37f248347612e12759FAcbb7AD4e71DB763"" }, receipt={ ""_type"": ""TransactionReceipt"", ""blobGasPrice"": null, ""blobGasUsed"": null, ""blockHash"": ""0x92900cbee02e021cb0587",CALL_EXCEPTION,0xb38c2d4622e92324e8b553be5d6b77b79b849361258a1bfbf9b270e097e9ca9c
2026-09-03T21:46:11.558Z,ui,133,,0,ERROR,0x6165b37f248347612e12759FAcbb7AD4e71DB763,,,,,,,,,,,,,,,,,,,,,,,,,,,testnet autopilot curve trade,"transaction execution reverted | transaction execution reverted (action=""sendTransaction"", data=null, reason=null, invocation=null, revert=null, transaction={ ""data"": """", ""from"": ""0xdad17F5C62C8001B379F5454DAAE3776226699eB"", ""to"": ""0x6165b37f248347612e12759FAcbb7AD4e71DB763"" }, receipt={ ""_type"": ""TransactionReceipt"", ""blobGasPrice"": null, ""blobGasUsed"": null, ""blockHash"": ""0xa8b9caca9fd671d9ae98d",CALL_EXCEPTION,0x7bb29439ae46738f616ce622fcf2e409151f28ac70ee0054333e86a979b2e5c3
2026-09-03T21:46:11.559Z,ui,134,,0,ERROR,0x6165b37f248347612e12759FAcbb7AD4e71DB763,,,,,,,,,,,,,,,,,,,,,,,,,,,testnet autopilot curve trade,"transaction execution reverted | transaction execution reverted (action=""sendTransaction"", data=null, reason=null, invocation=null, revert=null, transaction={ ""data"": """", ""from"": ""0xa72873EF7a11FcefA8EA728F8CCdE84F18cc95ce"", ""to"": ""0x6165b37f248347612e12759FAcbb7AD4e71DB763"" }, receipt={ ""_type"": ""TransactionReceipt"", ""blobGasPrice"": null, ""blobGasUsed"": null, ""blockHash"": ""0xcd3a7a73d2204819d4b9d",CALL_EXCEPTION,0x83e7ac9e690f2093d7b6b9314cb6d7c41b07ee11127c6503d16f44138710ca44
2026-09-03T21:46:18.613Z,ui,135,,0,ERROR,0x6165b37f248347612e12759FAcbb7AD4e71DB763,,,,,,,,,,,,,,,,,,,,,,,,,,,testnet autopilot curve trade,"transaction execution reverted | transaction execution reverted (action=""sendTransaction"", data=null, reason=null, invocation=null, revert=null, transaction={ ""data"": """", ""from"": ""0x3c7a1BDBE022A46Af5a35696F310DcC3D29829fb"", ""to"": ""0x6165b37f248347612e12759FAcbb7AD4e71DB763"" }, receipt={ ""_type"": ""TransactionReceipt"", ""blobGasPrice"": null, ""blobGasUsed"": null, ""blockHash"": ""0xf68722f5f40c5c1889986",CALL_EXCEPTION,0xdb03045ede48dfc129568596007177f43a7773661a040a0a80f26bf9b6227878
2026-09-03T21:46:18.613Z,ui,136,,0,ERROR,0x6165b37f248347612e12759FAcbb7AD4e71DB763,,,,,,,,,,,,,,,,,,,,,,,,,,,testnet autopilot curve trade,"transaction execution reverted | transaction execution reverted (action=""sendTransaction"", data=null, reason=null, invocation=null, revert=null, transaction={ ""data"": """", ""from"": ""0x204446eCe552edAda8e4521DE23A5404b2F624af"", ""to"": ""0x6165b37f248347612e12759FAcbb7AD4e71DB763"" }, receipt={ ""_type"": ""TransactionReceipt"", ""blobGasPrice"": null, ""blobGasUsed"": null, ""blockHash"": ""0x2e68c2217fa35c84cc91c",CALL_EXCEPTION,0xdb1110106c0cf5e2be34e497c64ee578e1937d2c66b076e72fd87b045174fc40
2026-09-03T21:46:26.639Z,ui,137,,0,ERROR,0x6165b37f248347612e12759FAcbb7AD4e71DB763,,,,,,,,,,,,,,,,,,,,,,,,,,,testnet autopilot curve trade,"transaction execution reverted | transaction execution reverted (action=""sendTransaction"", data=null, reason=null, invocation=null, revert=null, transaction={ ""data"": """", ""from"": ""0xdad17F5C62C8001B379F5454DAAE3776226699eB"", ""to"": ""0x6165b37f248347612e12759FAcbb7AD4e71DB763"" }, receipt={ ""_type"": ""TransactionReceipt"", ""blobGasPrice"": null, ""blobGasUsed"": null, ""blockHash"": ""0x36cc4cada36572d3ed0a7",CALL_EXCEPTION,0x387ad8e7341f4dc0e68fbc8dcebbca9245f6ce8771cb34d16fc30543cd789749
2026-09-03T21:46:35.558Z,ui,138,,0,ERROR,0x6165b37f248347612e12759FAcbb7AD4e71DB763,,,,,,,,,,,,,,,,,,,,,,,,,,,testnet autopilot curve trade,"transaction execution reverted | transaction execution reverted (action=""sendTransaction"", data=null, reason=null, invocation=null, revert=null, transaction={ ""data"": """", ""from"": ""0xAA80E56882F007cA18AA28ADda39a61eb9CC18f2"", ""to"": ""0x6165b37f248347612e12759FAcbb7AD4e71DB763"" }, receipt={ ""_type"": ""TransactionReceipt"", ""blobGasPrice"": null, ""blobGasUsed"": null, ""blockHash"": ""0x4eac8849bf38eb3d9942c",CALL_EXCEPTION,0x369f905ba59551ed946d402daad278fb260b2fc672158e972ff5a7dcfa62dadc
2026-09-03T21:46:36.588Z,ui,139,,0,ERROR,0x6165b37f248347612e12759FAcbb7AD4e71DB763,,,,,,,,,,,,,,,,,,,,,,,,,,,testnet autopilot curve trade,"transaction execution reverted | transaction execution reverted (action=""sendTransaction"", data=null, reason=null, invocation=null, revert=null, transaction={ ""data"": """", ""from"": ""0x204446eCe552edAda8e4521DE23A5404b2F624af"", ""to"": ""0x6165b37f248347612e12759FAcbb7AD4e71DB763"" }, receipt={ ""_type"": ""TransactionReceipt"", ""blobGasPrice"": null, ""blobGasUsed"": null, ""blockHash"": ""0x3ff709403d33e3290eea3",CALL_EXCEPTION,0x7da476f04424b63a812dd1df46567d4c3441c22fc8c0db3d79c956aad887c80b
2026-09-03T21:46:37.590Z,ui,140,,0,ERROR,0x6165b37f248347612e12759FAcbb7AD4e71DB763,,,,,,,,,,,,,,,,,,,,,,,,,,,testnet autopilot curve trade,"transaction execution reverted | transaction execution reverted (action=""sendTransaction"", data=null, reason=null, invocation=null, revert=null, transaction={ ""data"": """", ""from"": ""0x09e52116F36a17264415cFE5871ed645D6286Ea1"", ""to"": ""0x6165b37f248347612e12759FAcbb7AD4e71DB763"" }, receipt={ ""_type"": ""TransactionReceipt"", ""blobGasPrice"": null, ""blobGasUsed"": null, ""blockHash"": ""0xc31a63bb9e5c5e5dca499",CALL_EXCEPTION,0x9d9dfda58c0737a8616ef70a48c837ae9be3be610194422b92afa6599d0fbdea
2026-09-03T21:46:52.556Z,ui,141,,0,ERROR,0x6165b37f248347612e12759FAcbb7AD4e71DB763,,,,,,,,,,,,,,,,,,,,,,,,,,,testnet autopilot curve trade,"transaction execution reverted | transaction execution reverted (action=""sendTransaction"", data=null, reason=null, invocation=null, revert=null, transaction={ ""data"": """", ""from"": ""0xdad17F5C62C8001B379F5454DAAE3776226699eB"", ""to"": ""0x6165b37f248347612e12759FAcbb7AD4e71DB763"" }, receipt={ ""_type"": ""TransactionReceipt"", ""blobGasPrice"": null, ""blobGasUsed"": null, ""blockHash"": ""0x73c2322fa997b7695428f",CALL_EXCEPTION,0xa00e075ed8d0f93fe331e02baa2f2b276301d4f6e6367c28e82481cb76a46c34
2026-09-03T21:46:59.617Z,ui,142,,0,ERROR,0x6165b37f248347612e12759FAcbb7AD4e71DB763,,,,,,,,,,,,,,,,,,,,,,,,,,,testnet autopilot curve trade,"transaction execution reverted | transaction execution reverted (action=""sendTransaction"", data=null, reason=null, invocation=null, revert=null, transaction={ ""data"": """", ""from"": ""0x3c7a1BDBE022A46Af5a35696F310DcC3D29829fb"", ""to"": ""0x6165b37f248347612e12759FAcbb7AD4e71DB763"" }, receipt={ ""_type"": ""TransactionReceipt"", ""blobGasPrice"": null, ""blobGasUsed"": null, ""blockHash"": ""0xfbc14be662508665fc39e",CALL_EXCEPTION,0x35a81529f964a363797516d9eb817717c3b7876fbde46c07aabfa92a80d25727
2026-09-03T21:47:17.570Z,ui,143,,0,ERROR,0x6165b37f248347612e12759FAcbb7AD4e71DB763,,,,,,,,,,,,,,,,,,,,,,,,,,,testnet autopilot curve trade,"transaction execution reverted | transaction execution reverted (action=""sendTransaction"", data=null, reason=null, invocation=null, revert=null, transaction={ ""data"": """", ""from"": ""0x3c7a1BDBE022A46Af5a35696F310DcC3D29829fb"", ""to"": ""0x6165b37f248347612e12759FAcbb7AD4e71DB763"" }, receipt={ ""_type"": ""TransactionReceipt"", ""blobGasPrice"": null, ""blobGasUsed"": null, ""blockHash"": ""0x430ae500281772ab1cb77",CALL_EXCEPTION,0x69a6ce2c2348b78879d12d8a90166647667245eef7e5fc083bfb45b1b5ca1b9f
2026-09-03T21:47:17.570Z,ui,144,,0,ERROR,0x6165b37f248347612e12759FAcbb7AD4e71DB763,,,,,,,,,,,,,,,,,,,,,,,,,,,testnet autopilot curve trade,"transaction execution reverted | transaction execution reverted (action=""sendTransaction"", data=null, reason=null, invocation=null, revert=null, transaction={ ""data"": """", ""from"": ""0x09e52116F36a17264415cFE5871ed645D6286Ea1"", ""to"": ""0x6165b37f248347612e12759FAcbb7AD4e71DB763"" }, receipt={ ""_type"": ""TransactionReceipt"", ""blobGasPrice"": null, ""blobGasUsed"": null, ""blockHash"": ""0x92816e74ffc4e24f0defd",CALL_EXCEPTION,0x6046e2272c53e3d20225bbaa9b0b8bffaf9ad653870e7527daaac81652ae293a
2026-09-03T21:47:19.702Z,ui,145,,0,ERROR,0x6165b37f248347612e12759FAcbb7AD4e71DB763,,,,,,,,,,,,,,,,,,,,,,,,,,,testnet autopilot curve trade,"transaction execution reverted | transaction execution reverted (action=""sendTransaction"", data=null, reason=null, invocation=null, revert=null, transaction={ ""data"": """", ""from"": ""0xa72873EF7a11FcefA8EA728F8CCdE84F18cc95ce"", ""to"": ""0x6165b37f248347612e12759FAcbb7AD4e71DB763"" }, receipt={ ""_type"": ""TransactionReceipt"", ""blobGasPrice"": null, ""blobGasUsed"": null, ""blockHash"": ""0x2e6a7d01c059bd0a8f9a7",CALL_EXCEPTION,0xbf30af84c5904e665ecd9adec52519984a020806b058d410c577960ef451ebbf
2026-09-03T21:48:21.711Z,ui,146,,0,ERROR,0x6165b37f248347612e12759FAcbb7AD4e71DB763,,,,,,,,,,,,,,,,,,,,,,,,,,,testnet autopilot amm trade,"transaction execution reverted | transaction execution reverted (action=""sendTransaction"", data=null, reason=null, invocation=null, revert=null, transaction={ ""data"": """", ""from"": ""0xAA80E56882F007cA18AA28ADda39a61eb9CC18f2"", ""to"": ""0x6165b37f248347612e12759FAcbb7AD4e71DB763"" }, receipt={ ""_type"": ""TransactionReceipt"", ""blobGasPrice"": null, ""blobGasUsed"": null, ""blockHash"": ""0x67ad4b857a077a71cd4ce",CALL_EXCEPTION,0x997e5d043d4cd8454fa437afd4e9e3fd1de931132e206b22e69641d52da16e27
2026-09-03T21:48:27.795Z,ui,147,,0,ERROR,,,,,,,,,,,,,,,,,,,,,,,,,,,,testnet autopilot lyc trade,"nonce has already been used | nonce has already been used (transaction=""0x02f88d82b62647808401312d008307a120945304cec594b88cc091f0d43ca189c2577d327b8880a48839c75700000000000000000000000000000000000000000000003b5ac35d48cd5ba000c001a02948fb43abc9d0aa52e68a4365e7688d2ec5108e17409702707861e5d92408b6a0324348e04f340592bc2bb608fba6482b336530f1a27c5f5bfaa501c89a92376e"", info={ ""error"": { ""code"": -32000, """,NONCE_EXPIRED,
2026-09-03T21:48:55.546Z,ui,148,,0,ERROR,0x6165b37f248347612e12759FAcbb7AD4e71DB763,,,,,,,,,,,,,,,,,,,,,,,,,,,testnet autopilot amm trade,"transaction execution reverted | transaction execution reverted (action=""sendTransaction"", data=null, reason=null, invocation=null, revert=null, transaction={ ""data"": """", ""from"": ""0xdad17F5C62C8001B379F5454DAAE3776226699eB"", ""to"": ""0x6165b37f248347612e12759FAcbb7AD4e71DB763"" }, receipt={ ""_type"": ""TransactionReceipt"", ""blobGasPrice"": null, ""blobGasUsed"": null, ""blockHash"": ""0xb5cf9d0e891bc80151355",CALL_EXCEPTION,0xfe9bcb3f6b597b3d6e8119c2b6d3727776d9cb37ede2ea1d30985907c1b5d557
2026-09-04T13:51:15.862Z,frontend,50,fe-1788376109599-opun7g,,ERROR,,,,,,,,,,,,,,,,,,,,,,,,,,,,Could not update follow,Could not save the follow — try again.,,
2026-09-04T22:06:51.717Z,ui,149,,0,ERROR,0x6165b37f248347612e12759FAcbb7AD4e71DB763,,,,,,,,,,,,,,,,,,,,,,,,,,,testnet autopilot amm trade,"transaction execution reverted | transaction execution reverted (action=""sendTransaction"", data=null, reason=null, invocation=null, revert=null, transaction={ ""data"": """", ""from"": ""0xAA80E56882F007cA18AA28ADda39a61eb9CC18f2"", ""to"": ""0x6165b37f248347612e12759FAcbb7AD4e71DB763"" }, receipt={ ""_type"": ""TransactionReceipt"", ""blobGasPrice"": null, ""blobGasUsed"": null, ""blockHash"": ""0x5e03c0dfa2792a770208a",CALL_EXCEPTION,0x4662f4539f6e1af5692332c539796e66350aee9d6fc216c7a9be910df1ebf210
2026-09-04T22:33:05.450Z,frontend,51,fe-1788376109599-opun7g,,ERROR,,,,,,,,,,,,,,,,,,,,,,,,,,,,Mint failed,"ambiguous function description (i.e. matches ""mintWithCollateral(address,uint256,address)"", ""mintWithCollateral(address,uint256)"") | ambiguous function description (i.e. matches ""mintWithCollateral(address,uint256,address)"", ""mintWithCollateral(address,uint256)"") (argument=""key"", value=""mintWithCollateral"", code=INVALID_ARGUMENT, version=6.17.0)",INVALID_ARGUMENT,
2026-09-04T22:33:17.311Z,frontend,52,fe-1788376109599-opun7g,,ERROR,,,,,,,,,,,,,,,,,,,,,,,,,,,,Mint failed,"ambiguous function description (i.e. matches ""mintWithCollateral(address,uint256,address)"", ""mintWithCollateral(address,uint256)"") | ambiguous function description (i.e. matches ""mintWithCollateral(address,uint256,address)"", ""mintWithCollateral(address,uint256)"") (argument=""key"", value=""mintWithCollateral"", code=INVALID_ARGUMENT, version=6.17.0)",INVALID_ARGUMENT,
2026-09-05T03:58:40.707Z,ui,150,,0,ERROR,,,,,,,,,,,,,,,,,,,,,,,,,,,,testnet autopilot lyc trade,"ambiguous function description (i.e. matches ""mintWithEth()"", ""mintWithEth(address)"") | ambiguous function description (i.e. matches ""mintWithEth()"", ""mintWithEth(address)"") (argument=""key"", value=""mintWithEth"", code=INVALID_ARGUMENT, version=6.17.0)",INVALID_ARGUMENT,
2026-09-05T03:58:58.509Z,ui,151,,0,ERROR,,,,,,,,,,,,,,,,,,,,,,,,,,,,testnet autopilot lyc trade,"ambiguous function description (i.e. matches ""mintWithEth()"", ""mintWithEth(address)"") | ambiguous function description (i.e. matches ""mintWithEth()"", ""mintWithEth(address)"") (argument=""key"", value=""mintWithEth"", code=INVALID_ARGUMENT, version=6.17.0)",INVALID_ARGUMENT,
2026-09-05T03:59:49.803Z,ui,152,,0,ERROR,,,,,,,,,,,,,,,,,,,,,,,,,,,,testnet autopilot lyc trade,"ambiguous function description (i.e. matches ""mintWithEth()"", ""mintWithEth(address)"") | ambiguous function description (i.e. matches ""mintWithEth()"", ""mintWithEth(address)"") (argument=""key"", value=""mintWithEth"", code=INVALID_ARGUMENT, version=6.17.0)",INVALID_ARGUMENT,
2026-09-05T04:00:51.349Z,ui,153,,0,ERROR,,,,,,,,,,,,,,,,,,,,,,,,,,,,testnet autopilot lyc trade,"ambiguous function description (i.e. matches ""mintWithEth()"", ""mintWithEth(address)"") | ambiguous function description (i.e. matches ""mintWithEth()"", ""mintWithEth(address)"") (argument=""key"", value=""mintWithEth"", code=INVALID_ARGUMENT, version=6.17.0)",INVALID_ARGUMENT,
2026-09-05T04:01:30.911Z,ui,154,,0,ERROR,,,,,,,,,,,,,,,,,,,,,,,,,,,,testnet autopilot lyc trade,"ambiguous function description (i.e. matches ""mintWithEth()"", ""mintWithEth(address)"") | ambiguous function description (i.e. matches ""mintWithEth()"", ""mintWithEth(address)"") (argument=""key"", value=""mintWithEth"", code=INVALID_ARGUMENT, version=6.17.0)",INVALID_ARGUMENT,
2026-09-05T04:02:32.834Z,ui,155,,0,ERROR,,,,,,,,,,,,,,,,,,,,,,,,,,,,testnet autopilot lyc trade,"ambiguous function description (i.e. matches ""mintWithEth()"", ""mintWithEth(address)"") | ambiguous function description (i.e. matches ""mintWithEth()"", ""mintWithEth(address)"") (argument=""key"", value=""mintWithEth"", code=INVALID_ARGUMENT, version=6.17.0)",INVALID_ARGUMENT,
2026-09-05T04:03:34.793Z,ui,156,,0,ERROR,,,,,,,,,,,,,,,,,,,,,,,,,,,,testnet autopilot lyc trade,"ambiguous function description (i.e. matches ""mintWithEth()"", ""mintWithEth(address)"") | ambiguous function description (i.e. matches ""mintWithEth()"", ""mintWithEth(address)"") (argument=""key"", value=""mintWithEth"", code=INVALID_ARGUMENT, version=6.17.0)",INVALID_ARGUMENT,
2026-09-05T04:04:33.891Z,ui,157,,0,ERROR,,,,,,,,,,,,,,,,,,,,,,,,,,,,testnet autopilot lyc trade,"ambiguous function description (i.e. matches ""mintWithEth()"", ""mintWithEth(address)"") | ambiguous function description (i.e. matches ""mintWithEth()"", ""mintWithEth(address)"") (argument=""key"", value=""mintWithEth"", code=INVALID_ARGUMENT, version=6.17.0)",INVALID_ARGUMENT,
2026-09-05T04:05:32.783Z,ui,158,,0,ERROR,,,,,,,,,,,,,,,,,,,,,,,,,,,,testnet autopilot lyc trade,"ambiguous function description (i.e. matches ""mintWithEth()"", ""mintWithEth(address)"") | ambiguous function description (i.e. matches ""mintWithEth()"", ""mintWithEth(address)"") (argument=""key"", value=""mintWithEth"", code=INVALID_ARGUMENT, version=6.17.0)",INVALID_ARGUMENT,
2026-09-05T04:06:34.786Z,ui,159,,0,ERROR,,,,,,,,,,,,,,,,,,,,,,,,,,,,testnet autopilot lyc trade,"ambiguous function description (i.e. matches ""mintWithEth()"", ""mintWithEth(address)"") | ambiguous function description (i.e. matches ""mintWithEth()"", ""mintWithEth(address)"") (argument=""key"", value=""mintWithEth"", code=INVALID_ARGUMENT, version=6.17.0)",INVALID_ARGUMENT,
2026-09-05T04:06:49.535Z,frontend,53,fe-1788376109599-opun7g,,MINT,,,,,,,,,,,,,,,,,,,,,,,cash,49950000000000000000000,50000000000000000000000,,,,,,
2026-09-05T04:07:36.863Z,ui,160,,0,ERROR,,,,,,,,,,,,,,,,,,,,,,,,,,,,testnet autopilot lyc trade,"ambiguous function description (i.e. matches ""mintWithEth()"", ""mintWithEth(address)"") | ambiguous function description (i.e. matches ""mintWithEth()"", ""mintWithEth(address)"") (argument=""key"", value=""mintWithEth"", code=INVALID_ARGUMENT, version=6.17.0)",INVALID_ARGUMENT,
2026-09-05T04:08:36.222Z,ui,161,,0,ERROR,,,,,,,,,,,,,,,,,,,,,,,,,,,,testnet autopilot lyc trade,"ambiguous function description (i.e. matches ""mintWithEth()"", ""mintWithEth(address)"") | ambiguous function description (i.e. matches ""mintWithEth()"", ""mintWithEth(address)"") (argument=""key"", value=""mintWithEth"", code=INVALID_ARGUMENT, version=6.17.0)",INVALID_ARGUMENT,
2026-09-05T04:09:14.460Z,ui,162,,0,ERROR,,,,,,,,,,,,,,,,,,,,,,,,,,,,testnet autopilot lyc trade,"ambiguous function description (i.e. matches ""mintWithEth()"", ""mintWithEth(address)"") | ambiguous function description (i.e. matches ""mintWithEth()"", ""mintWithEth(address)"") (argument=""key"", value=""mintWithEth"", code=INVALID_ARGUMENT, version=6.17.0)",INVALID_ARGUMENT,
2026-09-05T04:09:48.982Z,ui,163,,0,ERROR,,,,,,,,,,,,,,,,,,,,,,,,,,,,testnet autopilot lyc trade,"ambiguous function description (i.e. matches ""mintWithEth()"", ""mintWithEth(address)"") | ambiguous function description (i.e. matches ""mintWithEth()"", ""mintWithEth(address)"") (argument=""key"", value=""mintWithEth"", code=INVALID_ARGUMENT, version=6.17.0)",INVALID_ARGUMENT,
2026-09-05T04:10:23.169Z,ui,164,,0,ERROR,,,,,,,,,,,,,,,,,,,,,,,,,,,,testnet autopilot lyc trade,"ambiguous function description (i.e. matches ""mintWithEth()"", ""mintWithEth(address)"") | ambiguous function description (i.e. matches ""mintWithEth()"", ""mintWithEth(address)"") (argument=""key"", value=""mintWithEth"", code=INVALID_ARGUMENT, version=6.17.0)",INVALID_ARGUMENT,
2026-09-05T04:10:52.550Z,ui,165,,0,ERROR,,,,,,,,,,,,,,,,,,,,,,,,,,,,testnet autopilot lyc trade,"ambiguous function description (i.e. matches ""mintWithEth()"", ""mintWithEth(address)"") | ambiguous function description (i.e. matches ""mintWithEth()"", ""mintWithEth(address)"") (argument=""key"", value=""mintWithEth"", code=INVALID_ARGUMENT, version=6.17.0)",INVALID_ARGUMENT,
2026-09-05T04:10:58.344Z,ui,166,,0,ERROR,,,,,,,,,,,,,,,,,,,,,,,,,,,,testnet autopilot lyc trade,"ambiguous function description (i.e. matches ""mintWithEth()"", ""mintWithEth(address)"") | ambiguous function description (i.e. matches ""mintWithEth()"", ""mintWithEth(address)"") (argument=""key"", value=""mintWithEth"", code=INVALID_ARGUMENT, version=6.17.0)",INVALID_ARGUMENT,
2026-09-05T04:11:29.956Z,ui,167,,0,ERROR,,,,,,,,,,,,,,,,,,,,,,,,,,,,testnet autopilot lyc trade,"ambiguous function description (i.e. matches ""mintWithEth()"", ""mintWithEth(address)"") | ambiguous function description (i.e. matches ""mintWithEth()"", ""mintWithEth(address)"") (argument=""key"", value=""mintWithEth"", code=INVALID_ARGUMENT, version=6.17.0)",INVALID_ARGUMENT,
2026-09-05T04:11:40.655Z,ui,168,,0,ERROR,,,,,,,,,,,,,,,,,,,,,,,,,,,,testnet autopilot lyc trade,"ambiguous function description (i.e. matches ""mintWithEth()"", ""mintWithEth(address)"") | ambiguous function description (i.e. matches ""mintWithEth()"", ""mintWithEth(address)"") (argument=""key"", value=""mintWithEth"", code=INVALID_ARGUMENT, version=6.17.0)",INVALID_ARGUMENT,
2026-09-05T04:11:56.816Z,ui,169,,0,ERROR,,,,,,,,,,,,,,,,,,,,,,,,,,,,testnet autopilot lyc trade,"ambiguous function description (i.e. matches ""mintWithEth()"", ""mintWithEth(address)"") | ambiguous function description (i.e. matches ""mintWithEth()"", ""mintWithEth(address)"") (argument=""key"", value=""mintWithEth"", code=INVALID_ARGUMENT, version=6.17.0)",INVALID_ARGUMENT,
2026-09-05T04:12:24.783Z,ui,170,,0,ERROR,,,,,,,,,,,,,,,,,,,,,,,,,,,,testnet autopilot lyc trade,"ambiguous function description (i.e. matches ""mintWithEth()"", ""mintWithEth(address)"") | ambiguous function description (i.e. matches ""mintWithEth()"", ""mintWithEth(address)"") (argument=""key"", value=""mintWithEth"", code=INVALID_ARGUMENT, version=6.17.0)",INVALID_ARGUMENT,
2026-09-05T04:12:25.786Z,ui,171,,0,ERROR,,,,,,,,,,,,,,,,,,,,,,,,,,,,testnet autopilot lyc trade,"ambiguous function description (i.e. matches ""mintWithEth()"", ""mintWithEth(address)"") | ambiguous function description (i.e. matches ""mintWithEth()"", ""mintWithEth(address)"") (argument=""key"", value=""mintWithEth"", code=INVALID_ARGUMENT, version=6.17.0)",INVALID_ARGUMENT,
2026-09-05T04:13:09.884Z,ui,172,,0,ERROR,,,,,,,,,,,,,,,,,,,,,,,,,,,,testnet autopilot lyc trade,"ambiguous function description (i.e. matches ""mintWithEth()"", ""mintWithEth(address)"") | ambiguous function description (i.e. matches ""mintWithEth()"", ""mintWithEth(address)"") (argument=""key"", value=""mintWithEth"", code=INVALID_ARGUMENT, version=6.17.0)",INVALID_ARGUMENT,
2026-09-05T04:13:12.776Z,ui,173,,0,ERROR,0xBDAA6D90cb68fF80F4C28AA3dB2fC083fFD00F91,,,,,,,,,,,,,,,,,,,,,,,,,,,testnet autopilot curve trade,"transaction execution reverted | transaction execution reverted (action=""sendTransaction"", data=null, reason=null, invocation=null, revert=null, transaction={ ""data"": """", ""from"": ""0xA9fed88F7269b9E428a0062E410dEEd1244B7F5b"", ""to"": ""0xBDAA6D90cb68fF80F4C28AA3dB2fC083fFD00F91"" }, receipt={ ""_type"": ""TransactionReceipt"", ""blobGasPrice"": null, ""blobGasUsed"": null, ""blockHash"": ""0x827bfc82a6ba2a80b815a",CALL_EXCEPTION,0xd9cac26840025dd321a19df6c94bf4b5903b5cede96ab8e4b93e36e94552ddc6
2026-09-05T04:13:23.797Z,ui,174,,0,ERROR,,,,,,,,,,,,,,,,,,,,,,,,,,,,testnet autopilot lyc trade,"ambiguous function description (i.e. matches ""mintWithEth()"", ""mintWithEth(address)"") | ambiguous function description (i.e. matches ""mintWithEth()"", ""mintWithEth(address)"") (argument=""key"", value=""mintWithEth"", code=INVALID_ARGUMENT, version=6.17.0)",INVALID_ARGUMENT,
2026-09-05T04:13:50.800Z,ui,175,,0,ERROR,,,,,,,,,,,,,,,,,,,,,,,,,,,,testnet autopilot lyc trade,"ambiguous function description (i.e. matches ""mintWithEth()"", ""mintWithEth(address)"") | ambiguous function description (i.e. matches ""mintWithEth()"", ""mintWithEth(address)"") (argument=""key"", value=""mintWithEth"", code=INVALID_ARGUMENT, version=6.17.0)",INVALID_ARGUMENT,
2026-09-05T04:13:59.881Z,ui,176,,0,ERROR,0xBDAA6D90cb68fF80F4C28AA3dB2fC083fFD00F91,,,,,,,,,,,,,,,,,,,,,,,,,,,testnet autopilot curve trade,"transaction execution reverted | transaction execution reverted (action=""sendTransaction"", data=null, reason=null, invocation=null, revert=null, transaction={ ""data"": """", ""from"": ""0xE13118c675571f798E76946a906624Bd45Af8Fd8"", ""to"": ""0xBDAA6D90cb68fF80F4C28AA3dB2fC083fFD00F91"" }, receipt={ ""_type"": ""TransactionReceipt"", ""blobGasPrice"": null, ""blobGasUsed"": null, ""blockHash"": ""0x70ed35007434d27f21121",CALL_EXCEPTION,0xd58bfee146451da5ae5f57c2d5ef37fda3009557843843489f88bf2ebb33fb23
2026-09-05T04:14:25.812Z,ui,177,,0,ERROR,,,,,,,,,,,,,,,,,,,,,,,,,,,,testnet autopilot lyc trade,"ambiguous function description (i.e. matches ""mintWithEth()"", ""mintWithEth(address)"") | ambiguous function description (i.e. matches ""mintWithEth()"", ""mintWithEth(address)"") (argument=""key"", value=""mintWithEth"", code=INVALID_ARGUMENT, version=6.17.0)",INVALID_ARGUMENT,
2026-09-05T04:14:39.811Z,ui,178,,0,ERROR,,,,,,,,,,,,,,,,,,,,,,,,,,,,testnet autopilot lyc trade,"ambiguous function description (i.e. matches ""mintWithEth()"", ""mintWithEth(address)"") | ambiguous function description (i.e. matches ""mintWithEth()"", ""mintWithEth(address)"") (argument=""key"", value=""mintWithEth"", code=INVALID_ARGUMENT, version=6.17.0)",INVALID_ARGUMENT,
2026-09-05T04:15:31.869Z,ui,179,,0,ERROR,0x62fEA5d520370853503B80389Effb10A1a70Ee19,,,,,,,,,,,,,,,,,,,,,,,,,,,testnet autopilot curve trade,"transaction execution reverted | transaction execution reverted (action=""sendTransaction"", data=null, reason=null, invocation=null, revert=null, transaction={ ""data"": """", ""from"": ""0xA9fed88F7269b9E428a0062E410dEEd1244B7F5b"", ""to"": ""0x62fEA5d520370853503B80389Effb10A1a70Ee19"" }, receipt={ ""_type"": ""TransactionReceipt"", ""blobGasPrice"": null, ""blobGasUsed"": null, ""blockHash"": ""0x9de6eb0830cd739102c66",CALL_EXCEPTION,0xc146f306e2c5e136ab7f4d39efc2e424495fd47089e84d42be89996605e29a13
2026-09-05T04:15:33.802Z,ui,180,,0,ERROR,,,,,,,,,,,,,,,,,,,,,,,,,,,,testnet autopilot lyc trade,"ambiguous function description (i.e. matches ""mintWithEth()"", ""mintWithEth(address)"") | ambiguous function description (i.e. matches ""mintWithEth()"", ""mintWithEth(address)"") (argument=""key"", value=""mintWithEth"", code=INVALID_ARGUMENT, version=6.17.0)",INVALID_ARGUMENT,
2026-09-05T04:15:47.892Z,ui,181,,0,ERROR,,,,,,,,,,,,,,,,,,,,,,,,,,,,testnet autopilot lyc trade,"ambiguous function description (i.e. matches ""mintWithEth()"", ""mintWithEth(address)"") | ambiguous function description (i.e. matches ""mintWithEth()"", ""mintWithEth(address)"") (argument=""key"", value=""mintWithEth"", code=INVALID_ARGUMENT, version=6.17.0)",INVALID_ARGUMENT,
2026-09-05T04:16:16.805Z,ui,182,,0,ERROR,,,,,,,,,,,,,,,,,,,,,,,,,,,,testnet autopilot lyc trade,"ambiguous function description (i.e. matches ""mintWithEth()"", ""mintWithEth(address)"") | ambiguous function description (i.e. matches ""mintWithEth()"", ""mintWithEth(address)"") (argument=""key"", value=""mintWithEth"", code=INVALID_ARGUMENT, version=6.17.0)",INVALID_ARGUMENT,
2026-09-05T04:16:18.844Z,ui,183,,0,ERROR,0x62fEA5d520370853503B80389Effb10A1a70Ee19,,,,,,,,,,,,,,,,,,,,,,,,,,,testnet autopilot curve trade,"transaction execution reverted | transaction execution reverted (action=""sendTransaction"", data=null, reason=null, invocation=null, revert=null, transaction={ ""data"": """", ""from"": ""0xA9fed88F7269b9E428a0062E410dEEd1244B7F5b"", ""to"": ""0x62fEA5d520370853503B80389Effb10A1a70Ee19"" }, receipt={ ""_type"": ""TransactionReceipt"", ""blobGasPrice"": null, ""blobGasUsed"": null, ""blockHash"": ""0x7d92b53df4daa62cafa8b",CALL_EXCEPTION,0x2695470c2203687605f560580260c1e6084f8bc4686180395ed665f4792afce0
2026-09-05T04:16:44.817Z,ui,184,,0,ERROR,,,,,,,,,,,,,,,,,,,,,,,,,,,,testnet autopilot lyc trade,"ambiguous function description (i.e. matches ""mintWithEth()"", ""mintWithEth(address)"") | ambiguous function description (i.e. matches ""mintWithEth()"", ""mintWithEth(address)"") (argument=""key"", value=""mintWithEth"", code=INVALID_ARGUMENT, version=6.17.0)",INVALID_ARGUMENT,
2026-09-05T04:16:45.815Z,ui,185,,0,ERROR,0x62fEA5d520370853503B80389Effb10A1a70Ee19,,,,,,,,,,,,,,,,,,,,,,,,,,,testnet autopilot curve trade,"transaction execution reverted | transaction execution reverted (action=""sendTransaction"", data=null, reason=null, invocation=null, revert=null, transaction={ ""data"": """", ""from"": ""0xE13118c675571f798E76946a906624Bd45Af8Fd8"", ""to"": ""0x62fEA5d520370853503B80389Effb10A1a70Ee19"" }, receipt={ ""_type"": ""TransactionReceipt"", ""blobGasPrice"": null, ""blobGasUsed"": null, ""blockHash"": ""0xc0279e9b0e013c99cfc6b",CALL_EXCEPTION,0x16fad07f0909c27636c2dfab1f573f06734e81cd1970687ab0da82d0a8fddb9e
2026-09-05T04:16:57.860Z,ui,186,,0,ERROR,0xBDAA6D90cb68fF80F4C28AA3dB2fC083fFD00F91,,,,,,,,,,,,,,,,,,,,,,,,,,,testnet autopilot curve trade,"transaction execution reverted | transaction execution reverted (action=""sendTransaction"", data=null, reason=null, invocation=null, revert=null, transaction={ ""data"": """", ""from"": ""0xE13118c675571f798E76946a906624Bd45Af8Fd8"", ""to"": ""0xBDAA6D90cb68fF80F4C28AA3dB2fC083fFD00F91"" }, receipt={ ""_type"": ""TransactionReceipt"", ""blobGasPrice"": null, ""blobGasUsed"": null, ""blockHash"": ""0x6fce0de5be13de9f6c892",CALL_EXCEPTION,0x5f976674873196debb10c1f7bd0a7035eed8b34137ae64cd4ec37d65f65f6f9e
2026-09-05T04:17:07.821Z,ui,187,,0,ERROR,0x62fEA5d520370853503B80389Effb10A1a70Ee19,,,,,,,,,,,,,,,,,,,,,,,,,,,testnet autopilot curve trade,"transaction execution reverted | transaction execution reverted (action=""sendTransaction"", data=null, reason=null, invocation=null, revert=null, transaction={ ""data"": """", ""from"": ""0xA9fed88F7269b9E428a0062E410dEEd1244B7F5b"", ""to"": ""0x62fEA5d520370853503B80389Effb10A1a70Ee19"" }, receipt={ ""_type"": ""TransactionReceipt"", ""blobGasPrice"": null, ""blobGasUsed"": null, ""blockHash"": ""0x15e056127a6560ee194de",CALL_EXCEPTION,0x9e40bf03d48ab26be25d444e6f5f2aac6a8ed803f34ddf6a8d17f9a3bebf2bff
2026-09-05T04:17:08.867Z,ui,188,,0,ERROR,0xBDAA6D90cb68fF80F4C28AA3dB2fC083fFD00F91,,,,,,,,,,,,,,,,,,,,,,,,,,,testnet autopilot curve trade,Failed to fetch,,
2026-09-05T04:17:22.814Z,ui,189,,0,ERROR,,,,,,,,,,,,,,,,,,,,,,,,,,,,testnet autopilot lyc trade,"ambiguous function description (i.e. matches ""mintWithEth()"", ""mintWithEth(address)"") | ambiguous function description (i.e. matches ""mintWithEth()"", ""mintWithEth(address)"") (argument=""key"", value=""mintWithEth"", code=INVALID_ARGUMENT, version=6.17.0)",INVALID_ARGUMENT,
2026-09-05T04:17:45.859Z,ui,190,,0,ERROR,,,,,,,,,,,,,,,,,,,,,,,,,,,,testnet autopilot lyc trade,"ambiguous function description (i.e. matches ""mintWithEth()"", ""mintWithEth(address)"") | ambiguous function description (i.e. matches ""mintWithEth()"", ""mintWithEth(address)"") (argument=""key"", value=""mintWithEth"", code=INVALID_ARGUMENT, version=6.17.0)",INVALID_ARGUMENT,
2026-09-05T04:17:57.876Z,ui,191,,0,ERROR,,,,,,,,,,,,,,,,,,,,,,,,,,,,testnet autopilot lyc trade,"ambiguous function description (i.e. matches ""mintWithEth()"", ""mintWithEth(address)"") | ambiguous function description (i.e. matches ""mintWithEth()"", ""mintWithEth(address)"") (argument=""key"", value=""mintWithEth"", code=INVALID_ARGUMENT, version=6.17.0)",INVALID_ARGUMENT,
2026-09-05T04:18:21.807Z,ui,192,,0,ERROR,0xBDAA6D90cb68fF80F4C28AA3dB2fC083fFD00F91,,,,,,,,,,,,,,,,,,,,,,,,,,,testnet autopilot curve trade,"transaction execution reverted | transaction execution reverted (action=""sendTransaction"", data=null, reason=null, invocation=null, revert=null, transaction={ ""data"": """", ""from"": ""0xA9fed88F7269b9E428a0062E410dEEd1244B7F5b"", ""to"": ""0xBDAA6D90cb68fF80F4C28AA3dB2fC083fFD00F91"" }, receipt={ ""_type"": ""TransactionReceipt"", ""blobGasPrice"": null, ""blobGasUsed"": null, ""blockHash"": ""0x4999c27a6770515f5ef62",CALL_EXCEPTION,0xb595ff6f771cd6ef4124ed59c8b2f14359254cbe26fe59a20d582bcceaeded90
2026-09-05T04:18:45.863Z,ui,193,,0,ERROR,0xBDAA6D90cb68fF80F4C28AA3dB2fC083fFD00F91,,,,,,,,,,,,,,,,,,,,,,,,,,,testnet autopilot curve trade,"transaction execution reverted | transaction execution reverted (action=""sendTransaction"", data=null, reason=null, invocation=null, revert=null, transaction={ ""data"": """", ""from"": ""0xA9fed88F7269b9E428a0062E410dEEd1244B7F5b"", ""to"": ""0xBDAA6D90cb68fF80F4C28AA3dB2fC083fFD00F91"" }, receipt={ ""_type"": ""TransactionReceipt"", ""blobGasPrice"": null, ""blobGasUsed"": null, ""blockHash"": ""0xba2942af5bf2e5c26758d",CALL_EXCEPTION,0x881630de22847b5c6f2434e5618861a81cc0531fad56f209ffd1dc52df3e6666
2026-09-05T04:18:50.904Z,ui,194,,0,ERROR,,,,,,,,,,,,,,,,,,,,,,,,,,,,testnet autopilot lyc trade,"ambiguous function description (i.e. matches ""mintWithEth()"", ""mintWithEth(address)"") | ambiguous function description (i.e. matches ""mintWithEth()"", ""mintWithEth(address)"") (argument=""key"", value=""mintWithEth"", code=INVALID_ARGUMENT, version=6.17.0)",INVALID_ARGUMENT,
2026-09-05T04:18:59.811Z,ui,195,,0,ERROR,,,,,,,,,,,,,,,,,,,,,,,,,,,,testnet autopilot lyc trade,"ambiguous function description (i.e. matches ""mintWithEth()"", ""mintWithEth(address)"") | ambiguous function description (i.e. matches ""mintWithEth()"", ""mintWithEth(address)"") (argument=""key"", value=""mintWithEth"", code=INVALID_ARGUMENT, version=6.17.0)",INVALID_ARGUMENT,
2026-09-05T04:19:17.854Z,ui,196,,0,ERROR,0x62fEA5d520370853503B80389Effb10A1a70Ee19,,,,,,,,,,,,,,,,,,,,,,,,,,,testnet autopilot curve trade,"transaction execution reverted | transaction execution reverted (action=""sendTransaction"", data=null, reason=null, invocation=null, revert=null, transaction={ ""data"": """", ""from"": ""0xE13118c675571f798E76946a906624Bd45Af8Fd8"", ""to"": ""0x62fEA5d520370853503B80389Effb10A1a70Ee19"" }, receipt={ ""_type"": ""TransactionReceipt"", ""blobGasPrice"": null, ""blobGasUsed"": null, ""blockHash"": ""0x5a33709f0397a94f1b433",CALL_EXCEPTION,0xeb2a11f035e4f16f4a66f2d70055bac59b8efe2d1cc8e8ef01562e1f30962fb0
2026-09-05T04:19:28.863Z,ui,197,,0,ERROR,,,,,,,,,,,,,,,,,,,,,,,,,,,,testnet autopilot lyc trade,"ambiguous function description (i.e. matches ""mintWithEth()"", ""mintWithEth(address)"") | ambiguous function description (i.e. matches ""mintWithEth()"", ""mintWithEth(address)"") (argument=""key"", value=""mintWithEth"", code=INVALID_ARGUMENT, version=6.17.0)",INVALID_ARGUMENT,
2026-09-05T04:19:55.893Z,ui,198,,0,ERROR,,,,,,,,,,,,,,,,,,,,,,,,,,,,testnet autopilot lyc trade,"ambiguous function description (i.e. matches ""mintWithEth()"", ""mintWithEth(address)"") | ambiguous function description (i.e. matches ""mintWithEth()"", ""mintWithEth(address)"") (argument=""key"", value=""mintWithEth"", code=INVALID_ARGUMENT, version=6.17.0)",INVALID_ARGUMENT,
2026-09-05T04:20:04.805Z,ui,199,,0,ERROR,0xBDAA6D90cb68fF80F4C28AA3dB2fC083fFD00F91,,,,,,,,,,,,,,,,,,,,,,,,,,,testnet autopilot curve trade,"transaction execution reverted | transaction execution reverted (action=""sendTransaction"", data=null, reason=null, invocation=null, revert=null, transaction={ ""data"": """", ""from"": ""0xA9fed88F7269b9E428a0062E410dEEd1244B7F5b"", ""to"": ""0xBDAA6D90cb68fF80F4C28AA3dB2fC083fFD00F91"" }, receipt={ ""_type"": ""TransactionReceipt"", ""blobGasPrice"": null, ""blobGasUsed"": null, ""blockHash"": ""0x903abf3876c0f09a740fa",CALL_EXCEPTION,0xfdf38169050e1c859768ac396fb42b4151ad9b6b51530c0e261694e17339aec3
2026-09-05T04:20:12.898Z,ui,200,,0,ERROR,,,,,,,,,,,,,,,,,,,,,,,,,,,,testnet autopilot lyc trade,"ambiguous function description (i.e. matches ""mintWithEth()"", ""mintWithEth(address)"") | ambiguous function description (i.e. matches ""mintWithEth()"", ""mintWithEth(address)"") (argument=""key"", value=""mintWithEth"", code=INVALID_ARGUMENT, version=6.17.0)",INVALID_ARGUMENT,
2026-09-05T04:20:47.805Z,ui,201,,0,ERROR,,,,,,,,,,,,,,,,,,,,,,,,,,,,testnet autopilot lyc trade,"ambiguous function description (i.e. matches ""mintWithEth()"", ""mintWithEth(address)"") | ambiguous function description (i.e. matches ""mintWithEth()"", ""mintWithEth(address)"") (argument=""key"", value=""mintWithEth"", code=INVALID_ARGUMENT, version=6.17.0)",INVALID_ARGUMENT,
2026-09-05T04:20:54.841Z,ui,202,,0,ERROR,,,,,,,,,,,,,,,,,,,,,,,,,,,,testnet autopilot lyc trade,"ambiguous function description (i.e. matches ""mintWithEth()"", ""mintWithEth(address)"") | ambiguous function description (i.e. matches ""mintWithEth()"", ""mintWithEth(address)"") (argument=""key"", value=""mintWithEth"", code=INVALID_ARGUMENT, version=6.17.0)",INVALID_ARGUMENT,
2026-09-05T04:20:56.821Z,ui,203,,0,ERROR,0x62fEA5d520370853503B80389Effb10A1a70Ee19,,,,,,,,,,,,,,,,,,,,,,,,,,,testnet autopilot curve trade,"transaction execution reverted | transaction execution reverted (action=""sendTransaction"", data=null, reason=null, invocation=null, revert=null, transaction={ ""data"": """", ""from"": ""0xE13118c675571f798E76946a906624Bd45Af8Fd8"", ""to"": ""0x62fEA5d520370853503B80389Effb10A1a70Ee19"" }, receipt={ ""_type"": ""TransactionReceipt"", ""blobGasPrice"": null, ""blobGasUsed"": null, ""blockHash"": ""0xffff3908ab8913a0978c9",CALL_EXCEPTION,0xa3fc51d2c165ddd20fd22959d5f8b03fb30071a63d2126cfef3b831b9974c89d
2026-09-05T04:21:01.797Z,ui,204,,0,ERROR,0xBDAA6D90cb68fF80F4C28AA3dB2fC083fFD00F91,,,,,,,,,,,,,,,,,,,,,,,,,,,testnet autopilot curve trade,Failed to fetch,,
2026-09-05T04:21:12.836Z,ui,205,,0,ERROR,,,,,,,,,,,,,,,,,,,,,,,,,,,,testnet autopilot lyc trade,"ambiguous function description (i.e. matches ""mintWithEth()"", ""mintWithEth(address)"") | ambiguous function description (i.e. matches ""mintWithEth()"", ""mintWithEth(address)"") (argument=""key"", value=""mintWithEth"", code=INVALID_ARGUMENT, version=6.17.0)",INVALID_ARGUMENT,
2026-09-05T04:21:29.831Z,ui,206,,0,ERROR,,,,,,,,,,,,,,,,,,,,,,,,,,,,testnet autopilot lyc trade,"ambiguous function description (i.e. matches ""mintWithEth()"", ""mintWithEth(address)"") | ambiguous function description (i.e. matches ""mintWithEth()"", ""mintWithEth(address)"") (argument=""key"", value=""mintWithEth"", code=INVALID_ARGUMENT, version=6.17.0)",INVALID_ARGUMENT,
2026-09-05T04:21:42.843Z,ui,207,,0,ERROR,0xBDAA6D90cb68fF80F4C28AA3dB2fC083fFD00F91,,,,,,,,,,,,,,,,,,,,,,,,,,,testnet autopilot curve trade,"transaction execution reverted | transaction execution reverted (action=""sendTransaction"", data=null, reason=null, invocation=null, revert=null, transaction={ ""data"": """", ""from"": ""0xE13118c675571f798E76946a906624Bd45Af8Fd8"", ""to"": ""0xBDAA6D90cb68fF80F4C28AA3dB2fC083fFD00F91"" }, receipt={ ""_type"": ""TransactionReceipt"", ""blobGasPrice"": null, ""blobGasUsed"": null, ""blockHash"": ""0x7ef8ced59e18d432508aa",CALL_EXCEPTION,0x4d85378760f5a953846687952d6c199f88127f068dfaa7354a2349f00e5f928a
2026-09-05T04:22:01.800Z,ui,208,,0,ERROR,0xBDAA6D90cb68fF80F4C28AA3dB2fC083fFD00F91,,,,,,,,,,,,,,,,,,,,,,,,,,,testnet autopilot curve trade,"transaction execution reverted | transaction execution reverted (action=""sendTransaction"", data=null, reason=null, invocation=null, revert=null, transaction={ ""data"": """", ""from"": ""0xE13118c675571f798E76946a906624Bd45Af8Fd8"", ""to"": ""0xBDAA6D90cb68fF80F4C28AA3dB2fC083fFD00F91"" }, receipt={ ""_type"": ""TransactionReceipt"", ""blobGasPrice"": null, ""blobGasUsed"": null, ""blockHash"": ""0xd6ad7dd634527c2f79b8c",CALL_EXCEPTION,0xc526d6c869f260415d9c708b9964e744c1cef15a9da0744a345ac89f1c749a83
2026-09-05T04:22:03.815Z,ui,209,,0,ERROR,,,,,,,,,,,,,,,,,,,,,,,,,,,,testnet autopilot lyc trade,"ambiguous function description (i.e. matches ""mintWithEth()"", ""mintWithEth(address)"") | ambiguous function description (i.e. matches ""mintWithEth()"", ""mintWithEth(address)"") (argument=""key"", value=""mintWithEth"", code=INVALID_ARGUMENT, version=6.17.0)",INVALID_ARGUMENT,
2026-09-05T04:22:17.812Z,ui,210,,0,ERROR,0xBDAA6D90cb68fF80F4C28AA3dB2fC083fFD00F91,,,,,,,,,,,,,,,,,,,,,,,,,,,testnet autopilot curve trade,"transaction execution reverted | transaction execution reverted (action=""sendTransaction"", data=null, reason=null, invocation=null, revert=null, transaction={ ""data"": """", ""from"": ""0xA9fed88F7269b9E428a0062E410dEEd1244B7F5b"", ""to"": ""0xBDAA6D90cb68fF80F4C28AA3dB2fC083fFD00F91"" }, receipt={ ""_type"": ""TransactionReceipt"", ""blobGasPrice"": null, ""blobGasUsed"": null, ""blockHash"": ""0x9baa1ef2e81d9e8677373",CALL_EXCEPTION,0x32231b1ba1c5b6cb78411dab811e0e1d2349bd8248d7ed84aeb382f274d3bb7d
2026-09-05T04:22:31.835Z,ui,211,,0,ERROR,,,,,,,,,,,,,,,,,,,,,,,,,,,,testnet autopilot lyc trade,"ambiguous function description (i.e. matches ""mintWithEth()"", ""mintWithEth(address)"") | ambiguous function description (i.e. matches ""mintWithEth()"", ""mintWithEth(address)"") (argument=""key"", value=""mintWithEth"", code=INVALID_ARGUMENT, version=6.17.0)",INVALID_ARGUMENT,
2026-09-05T04:22:53.860Z,ui,212,,0,ERROR,,,,,,,,,,,,,,,,,,,,,,,,,,,,testnet autopilot lyc trade,"ambiguous function description (i.e. matches ""mintWithEth()"", ""mintWithEth(address)"") | ambiguous function description (i.e. matches ""mintWithEth()"", ""mintWithEth(address)"") (argument=""key"", value=""mintWithEth"", code=INVALID_ARGUMENT, version=6.17.0)",INVALID_ARGUMENT,
2026-09-05T04:23:03.815Z,ui,213,,0,ERROR,0x62fEA5d520370853503B80389Effb10A1a70Ee19,,,,,,,,,,,,,,,,,,,,,,,,,,,testnet autopilot curve trade,Failed to fetch,,
2026-09-05T04:23:03.815Z,ui,214,,0,ERROR,0xBDAA6D90cb68fF80F4C28AA3dB2fC083fFD00F91,,,,,,,,,,,,,,,,,,,,,,,,,,,testnet autopilot curve trade,Failed to fetch,,
2026-09-05T04:23:04.864Z,ui,215,,0,ERROR,0xBDAA6D90cb68fF80F4C28AA3dB2fC083fFD00F91,,,,,,,,,,,,,,,,,,,,,,,,,,,testnet autopilot curve trade,Failed to fetch,,
2026-09-05T04:23:06.827Z,ui,216,,0,ERROR,,,,,,,,,,,,,,,,,,,,,,,,,,,,testnet autopilot lyc trade,"ambiguous function description (i.e. matches ""mintWithEth()"", ""mintWithEth(address)"") | ambiguous function description (i.e. matches ""mintWithEth()"", ""mintWithEth(address)"") (argument=""key"", value=""mintWithEth"", code=INVALID_ARGUMENT, version=6.17.0)",INVALID_ARGUMENT,
2026-09-05T04:23:20.590Z,ui,217,,0,ERROR,0xBDAA6D90cb68fF80F4C28AA3dB2fC083fFD00F91,,,,,,,,,,,,,,,,,,,,,,,,,,,testnet autopilot curve trade,"transaction execution reverted | transaction execution reverted (action=""sendTransaction"", data=null, reason=null, invocation=null, revert=null, transaction={ ""data"": """", ""from"": ""0xE13118c675571f798E76946a906624Bd45Af8Fd8"", ""to"": ""0xBDAA6D90cb68fF80F4C28AA3dB2fC083fFD00F91"" }, receipt={ ""_type"": ""TransactionReceipt"", ""blobGasPrice"": null, ""blobGasUsed"": null, ""blockHash"": ""0x440047dfd1560ef994d81",CALL_EXCEPTION,0x0a1d906b869e5f3385b6a151598a082c4abc89d4bba49fd48ccc6c6783896fe8
2026-09-05T04:23:24.870Z,ui,218,,0,ERROR,0xBDAA6D90cb68fF80F4C28AA3dB2fC083fFD00F91,,,,,,,,,,,,,,,,,,,,,,,,,,,testnet autopilot curve trade,Failed to fetch,,
2026-09-05T04:23:25.454Z,ui,219,,0,ERROR,,,,,,,,,,,,,,,,,,,,,,,,,,,,testnet autopilot lyc trade,"ambiguous function description (i.e. matches ""mintWithEth()"", ""mintWithEth(address)"") | ambiguous function description (i.e. matches ""mintWithEth()"", ""mintWithEth(address)"") (argument=""key"", value=""mintWithEth"", code=INVALID_ARGUMENT, version=6.17.0)",INVALID_ARGUMENT,
2026-09-05T04:23:25.491Z,ui,220,,0,ERROR,0x62fEA5d520370853503B80389Effb10A1a70Ee19,,,,,,,,,,,,,,,,,,,,,,,,,,,testnet autopilot curve trade,Failed to fetch,,
2026-09-05T04:23:26.133Z,ui,221,,0,ERROR,0xBDAA6D90cb68fF80F4C28AA3dB2fC083fFD00F91,,,,,,,,,,,,,,,,,,,,,,,,,,,testnet autopilot curve trade,Failed to fetch,,
2026-09-05T04:23:26.359Z,ui,222,,0,ERROR,,,,,,,,,,,,,,,,,,,,,,,,,,,,testnet autopilot lyc trade,Failed to fetch,,
2026-09-05T04:23:26.918Z,ui,223,,0,ERROR,0x62fEA5d520370853503B80389Effb10A1a70Ee19,,,,,,,,,,,,,,,,,,,,,,,,,,,testnet autopilot curve trade,Failed to fetch,,
2026-09-05T04:23:27.274Z,ui,225,,0,ERROR,0xBDAA6D90cb68fF80F4C28AA3dB2fC083fFD00F91,,,,,,,,,,,,,,,,,,,,,,,,,,,testnet autopilot curve trade,Failed to fetch,,
2026-09-05T04:23:27.274Z,ui,224,,0,ERROR,0xBDAA6D90cb68fF80F4C28AA3dB2fC083fFD00F91,,,,,,,,,,,,,,,,,,,,,,,,,,,testnet autopilot curve trade,Failed to fetch,,
2026-09-05T04:23:28.005Z,ui,226,,0,ERROR,0xBDAA6D90cb68fF80F4C28AA3dB2fC083fFD00F91,,,,,,,,,,,,,,,,,,,,,,,,,,,testnet autopilot curve trade,Failed to fetch,,
2026-09-05T04:23:28.005Z,ui,227,,0,ERROR,0x62fEA5d520370853503B80389Effb10A1a70Ee19,,,,,,,,,,,,,,,,,,,,,,,,,,,testnet autopilot curve trade,Failed to fetch,,
2026-09-05T04:23:28.342Z,ui,228,,0,ERROR,0xBDAA6D90cb68fF80F4C28AA3dB2fC083fFD00F91,,,,,,,,,,,,,,,,,,,,,,,,,,,testnet autopilot curve trade,Failed to fetch,,
2026-09-05T04:23:29.099Z,ui,230,,0,ERROR,0xBDAA6D90cb68fF80F4C28AA3dB2fC083fFD00F91,,,,,,,,,,,,,,,,,,,,,,,,,,,testnet autopilot curve trade,Failed to fetch,,
2026-09-05T04:23:29.099Z,ui,229,,0,ERROR,0xBDAA6D90cb68fF80F4C28AA3dB2fC083fFD00F91,,,,,,,,,,,,,,,,,,,,,,,,,,,testnet autopilot curve trade,Failed to fetch,,
2026-09-05T04:23:29.817Z,ui,231,,0,ERROR,0x62fEA5d520370853503B80389Effb10A1a70Ee19,,,,,,,,,,,,,,,,,,,,,,,,,,,testnet autopilot curve trade,Failed to fetch,,
2026-09-05T04:23:29.817Z,ui,232,,0,ERROR,0x62fEA5d520370853503B80389Effb10A1a70Ee19,,,,,,,,,,,,,,,,,,,,,,,,,,,testnet autopilot curve trade,Failed to fetch,,
2026-09-05T04:23:30.144Z,ui,233,,0,ERROR,0x62fEA5d520370853503B80389Effb10A1a70Ee19,,,,,,,,,,,,,,,,,,,,,,,,,,,testnet autopilot curve trade,Failed to fetch,,
2026-09-05T04:23:30.552Z,ui,234,,0,ERROR,0xBDAA6D90cb68fF80F4C28AA3dB2fC083fFD00F91,,,,,,,,,,,,,,,,,,,,,,,,,,,testnet autopilot curve trade,Failed to fetch,,
2026-09-05T04:23:30.552Z,ui,235,,0,ERROR,0xBDAA6D90cb68fF80F4C28AA3dB2fC083fFD00F91,,,,,,,,,,,,,,,,,,,,,,,,,,,testnet autopilot curve trade,Failed to fetch,,
2026-09-05T04:23:30.906Z,ui,236,,0,ERROR,0x62fEA5d520370853503B80389Effb10A1a70Ee19,,,,,,,,,,,,,,,,,,,,,,,,,,,testnet autopilot curve trade,Failed to fetch,,
2026-09-05T04:23:31.600Z,ui,237,,0,ERROR,0xBDAA6D90cb68fF80F4C28AA3dB2fC083fFD00F91,,,,,,,,,,,,,,,,,,,,,,,,,,,testnet autopilot curve trade,Failed to fetch,,
2026-09-05T04:23:31.600Z,ui,238,,0,ERROR,0xBDAA6D90cb68fF80F4C28AA3dB2fC083fFD00F91,,,,,,,,,,,,,,,,,,,,,,,,,,,testnet autopilot curve trade,Failed to fetch,,
2026-09-05T04:23:36.328Z,ui,239,,0,ERROR,,,,,,,,,,,,,,,,,,,,,,,,,,,,testnet autopilot lyc trade,"ambiguous function description (i.e. matches ""mintWithEth()"", ""mintWithEth(address)"") | ambiguous function description (i.e. matches ""mintWithEth()"", ""mintWithEth(address)"") (argument=""key"", value=""mintWithEth"", code=INVALID_ARGUMENT, version=6.17.0)",INVALID_ARGUMENT,
2026-09-05T04:23:52.160Z,ui,240,,0,ERROR,,,,,,,,,,,,,,,,,,,,,,,,,,,,testnet autopilot lyc trade,"ambiguous function description (i.e. matches ""mintWithEth()"", ""mintWithEth(address)"") | ambiguous function description (i.e. matches ""mintWithEth()"", ""mintWithEth(address)"") (argument=""key"", value=""mintWithEth"", code=INVALID_ARGUMENT, version=6.17.0)",INVALID_ARGUMENT,
2026-09-05T04:23:55.719Z,ui,241,,0,ERROR,0xBDAA6D90cb68fF80F4C28AA3dB2fC083fFD00F91,,,,,,,,,,,,,,,,,,,,,,,,,,,testnet autopilot curve trade,"transaction execution reverted | transaction execution reverted (action=""sendTransaction"", data=null, reason=null, invocation=null, revert=null, transaction={ ""data"": """", ""from"": ""0xE13118c675571f798E76946a906624Bd45Af8Fd8"", ""to"": ""0xBDAA6D90cb68fF80F4C28AA3dB2fC083fFD00F91"" }, receipt={ ""_type"": ""TransactionReceipt"", ""blobGasPrice"": null, ""blobGasUsed"": null, ""blockHash"": ""0x0290eb55011e0a7945ca3",CALL_EXCEPTION,0x2035e12f67bffca15e784bdc811ddc28961bf1f42a48d851843e3aac0dd33924
2026-09-05T04:23:58.996Z,ui,242,,0,ERROR,,,,,,,,,,,,,,,,,,,,,,,,,,,,testnet autopilot lyc trade,"ambiguous function description (i.e. matches ""mintWithEth()"", ""mintWithEth(address)"") | ambiguous function description (i.e. matches ""mintWithEth()"", ""mintWithEth(address)"") (argument=""key"", value=""mintWithEth"", code=INVALID_ARGUMENT, version=6.17.0)",INVALID_ARGUMENT,
2026-09-05T04:23:59.389Z,ui,243,,0,ERROR,0x62fEA5d520370853503B80389Effb10A1a70Ee19,,,,,,,,,,,,,,,,,,,,,,,,,,,testnet autopilot curve trade,"transaction execution reverted | transaction execution reverted (action=""sendTransaction"", data=null, reason=null, invocation=null, revert=null, transaction={ ""data"": """", ""from"": ""0xE13118c675571f798E76946a906624Bd45Af8Fd8"", ""to"": ""0x62fEA5d520370853503B80389Effb10A1a70Ee19"" }, receipt={ ""_type"": ""TransactionReceipt"", ""blobGasPrice"": null, ""blobGasUsed"": null, ""blockHash"": ""0x10bde71c85258c6ea4e5f",CALL_EXCEPTION,0x6a1e86f7886bdda6e75e9203c8160c0db1932b1c5dff8da1cf9502f93bd32daf
2026-09-05T04:24:17.221Z,ui,244,,0,ERROR,,,,,,,,,,,,,,,,,,,,,,,,,,,,testnet autopilot lyc trade,"ambiguous function description (i.e. matches ""mintWithEth()"", ""mintWithEth(address)"") | ambiguous function description (i.e. matches ""mintWithEth()"", ""mintWithEth(address)"") (argument=""key"", value=""mintWithEth"", code=INVALID_ARGUMENT, version=6.17.0)",INVALID_ARGUMENT,
2026-09-05T04:24:17.221Z,ui,245,,0,ERROR,,,,,,,,,,,,,,,,,,,,,,,,,,,,testnet autopilot lyc trade,"ambiguous function description (i.e. matches ""mintWithEth()"", ""mintWithEth(address)"") | ambiguous function description (i.e. matches ""mintWithEth()"", ""mintWithEth(address)"") (argument=""key"", value=""mintWithEth"", code=INVALID_ARGUMENT, version=6.17.0)",INVALID_ARGUMENT,
2026-09-05T04:24:20.884Z,ui,246,,0,ERROR,0xBDAA6D90cb68fF80F4C28AA3dB2fC083fFD00F91,,,,,,,,,,,,,,,,,,,,,,,,,,,testnet autopilot curve trade,"transaction execution reverted | transaction execution reverted (action=""sendTransaction"", data=null, reason=null, invocation=null, revert=null, transaction={ ""data"": """", ""from"": ""0xE13118c675571f798E76946a906624Bd45Af8Fd8"", ""to"": ""0xBDAA6D90cb68fF80F4C28AA3dB2fC083fFD00F91"" }, receipt={ ""_type"": ""TransactionReceipt"", ""blobGasPrice"": null, ""blobGasUsed"": null, ""blockHash"": ""0x804a5954f215038bf0655",CALL_EXCEPTION,0x2f3430ac85d3c7459431a0bdf26d56c1175fd566cf78e69b291d22e97b228fb9
2026-09-05T04:24:43.830Z,ui,247,,0,ERROR,,,,,,,,,,,,,,,,,,,,,,,,,,,,testnet autopilot lyc trade,"ambiguous function description (i.e. matches ""mintWithEth()"", ""mintWithEth(address)"") | ambiguous function description (i.e. matches ""mintWithEth()"", ""mintWithEth(address)"") (argument=""key"", value=""mintWithEth"", code=INVALID_ARGUMENT, version=6.17.0)",INVALID_ARGUMENT,
2026-09-05T04:24:49.803Z,ui,248,,0,ERROR,,,,,,,,,,,,,,,,,,,,,,,,,,,,testnet autopilot lyc trade,"ambiguous function description (i.e. matches ""mintWithEth()"", ""mintWithEth(address)"") | ambiguous function description (i.e. matches ""mintWithEth()"", ""mintWithEth(address)"") (argument=""key"", value=""mintWithEth"", code=INVALID_ARGUMENT, version=6.17.0)",INVALID_ARGUMENT,
2026-09-05T04:24:58.814Z,ui,249,,0,ERROR,0xBDAA6D90cb68fF80F4C28AA3dB2fC083fFD00F91,,,,,,,,,,,,,,,,,,,,,,,,,,,testnet autopilot curve trade,"transaction execution reverted | transaction execution reverted (action=""sendTransaction"", data=null, reason=null, invocation=null, revert=null, transaction={ ""data"": """", ""from"": ""0xE13118c675571f798E76946a906624Bd45Af8Fd8"", ""to"": ""0xBDAA6D90cb68fF80F4C28AA3dB2fC083fFD00F91"" }, receipt={ ""_type"": ""TransactionReceipt"", ""blobGasPrice"": null, ""blobGasUsed"": null, ""blockHash"": ""0x9e3be5d20a551a26ecc55",CALL_EXCEPTION,0x16ecfee0dcf9bd382dde862376612e763ca713f07bf85d9ef0515341dc1ac384
2026-09-05T04:25:42.804Z,ui,250,,0,ERROR,,,,,,,,,,,,,,,,,,,,,,,,,,,,testnet autopilot lyc trade,"ambiguous function description (i.e. matches ""mintWithEth()"", ""mintWithEth(address)"") | ambiguous function description (i.e. matches ""mintWithEth()"", ""mintWithEth(address)"") (argument=""key"", value=""mintWithEth"", code=INVALID_ARGUMENT, version=6.17.0)",INVALID_ARGUMENT,
2026-09-05T04:25:49.806Z,ui,251,,0,ERROR,0x62fEA5d520370853503B80389Effb10A1a70Ee19,,,,,,,,,,,,,,,,,,,,,,,,,,,testnet autopilot curve trade,"transaction execution reverted | transaction execution reverted (action=""sendTransaction"", data=null, reason=null, invocation=null, revert=null, transaction={ ""data"": """", ""from"": ""0xE13118c675571f798E76946a906624Bd45Af8Fd8"", ""to"": ""0x62fEA5d520370853503B80389Effb10A1a70Ee19"" }, receipt={ ""_type"": ""TransactionReceipt"", ""blobGasPrice"": null, ""blobGasUsed"": null, ""blockHash"": ""0x16da4c84b34740226d554",CALL_EXCEPTION,0xe9619db539654305bc39646c1532917d2740d7b6233a7cab691a8940aa1909a3
2026-09-05T04:25:51.872Z,ui,252,,0,ERROR,,,,,,,,,,,,,,,,,,,,,,,,,,,,testnet autopilot lyc trade,"ambiguous function description (i.e. matches ""mintWithEth()"", ""mintWithEth(address)"") | ambiguous function description (i.e. matches ""mintWithEth()"", ""mintWithEth(address)"") (argument=""key"", value=""mintWithEth"", code=INVALID_ARGUMENT, version=6.17.0)",INVALID_ARGUMENT,
2026-09-05T04:26:17.820Z,ui,253,,0,ERROR,,,,,,,,,,,,,,,,,,,,,,,,,,,,testnet autopilot lyc trade,"ambiguous function description (i.e. matches ""mintWithEth()"", ""mintWithEth(address)"") | ambiguous function description (i.e. matches ""mintWithEth()"", ""mintWithEth(address)"") (argument=""key"", value=""mintWithEth"", code=INVALID_ARGUMENT, version=6.17.0)",INVALID_ARGUMENT,
2026-09-05T04:26:29.336Z,ui,254,,0,ERROR,0x62fEA5d520370853503B80389Effb10A1a70Ee19,,,,,,,,,,,,,,,,,,,,,,,,,,,testnet autopilot curve trade,"transaction execution reverted | transaction execution reverted (action=""sendTransaction"", data=null, reason=null, invocation=null, revert=null, transaction={ ""data"": """", ""from"": ""0xE13118c675571f798E76946a906624Bd45Af8Fd8"", ""to"": ""0x62fEA5d520370853503B80389Effb10A1a70Ee19"" }, receipt={ ""_type"": ""TransactionReceipt"", ""blobGasPrice"": null, ""blobGasUsed"": null, ""blockHash"": ""0x0cabcf3abfa89dc45614a",CALL_EXCEPTION,0xa27bec49b12bc669ef83ff865c56eb66d89602b463ba4345ef7faff5bdc2ac36
2026-09-05T04:26:33.190Z,ui,255,,0,ERROR,,,,,,,,,,,,,,,,,,,,,,,,,,,,testnet autopilot lyc trade,"ambiguous function description (i.e. matches ""mintWithEth()"", ""mintWithEth(address)"") | ambiguous function description (i.e. matches ""mintWithEth()"", ""mintWithEth(address)"") (argument=""key"", value=""mintWithEth"", code=INVALID_ARGUMENT, version=6.17.0)",INVALID_ARGUMENT,
2026-09-05T04:26:53.808Z,ui,256,,0,ERROR,,,,,,,,,,,,,,,,,,,,,,,,,,,,testnet autopilot lyc trade,"ambiguous function description (i.e. matches ""mintWithEth()"", ""mintWithEth(address)"") | ambiguous function description (i.e. matches ""mintWithEth()"", ""mintWithEth(address)"") (argument=""key"", value=""mintWithEth"", code=INVALID_ARGUMENT, version=6.17.0)",INVALID_ARGUMENT,
2026-09-05T04:27:06.861Z,ui,257,,0,ERROR,,,,,,,,,,,,,,,,,,,,,,,,,,,,testnet autopilot lyc trade,"ambiguous function description (i.e. matches ""mintWithEth()"", ""mintWithEth(address)"") | ambiguous function description (i.e. matches ""mintWithEth()"", ""mintWithEth(address)"") (argument=""key"", value=""mintWithEth"", code=INVALID_ARGUMENT, version=6.17.0)",INVALID_ARGUMENT,
2026-09-05T04:27:22.819Z,ui,258,,0,ERROR,,,,,,,,,,,,,,,,,,,,,,,,,,,,testnet autopilot lyc trade,"ambiguous function description (i.e. matches ""mintWithEth()"", ""mintWithEth(address)"") | ambiguous function description (i.e. matches ""mintWithEth()"", ""mintWithEth(address)"") (argument=""key"", value=""mintWithEth"", code=INVALID_ARGUMENT, version=6.17.0)",INVALID_ARGUMENT,
2026-09-05T04:27:41.816Z,ui,259,,0,ERROR,0xBDAA6D90cb68fF80F4C28AA3dB2fC083fFD00F91,,,,,,,,,,,,,,,,,,,,,,,,,,,testnet autopilot curve trade,"transaction execution reverted | transaction execution reverted (action=""sendTransaction"", data=null, reason=null, invocation=null, revert=null, transaction={ ""data"": """", ""from"": ""0xA9fed88F7269b9E428a0062E410dEEd1244B7F5b"", ""to"": ""0xBDAA6D90cb68fF80F4C28AA3dB2fC083fFD00F91"" }, receipt={ ""_type"": ""TransactionReceipt"", ""blobGasPrice"": null, ""blobGasUsed"": null, ""blockHash"": ""0x6ec31e1776f2053b7e16a",CALL_EXCEPTION,0xbf86ed8ac93e51980652e0bcc3fe4c1563d86a978e25dd18684555edf52d2dbd
2026-09-05T04:27:49.836Z,ui,260,,0,ERROR,0x62fEA5d520370853503B80389Effb10A1a70Ee19,,,,,,,,,,,,,,,,,,,,,,,,,,,testnet autopilot curve trade,"transaction execution reverted | transaction execution reverted (action=""sendTransaction"", data=null, reason=null, invocation=null, revert=null, transaction={ ""data"": """", ""from"": ""0xA9fed88F7269b9E428a0062E410dEEd1244B7F5b"", ""to"": ""0x62fEA5d520370853503B80389Effb10A1a70Ee19"" }, receipt={ ""_type"": ""TransactionReceipt"", ""blobGasPrice"": null, ""blobGasUsed"": null, ""blockHash"": ""0x1e53147cc992f8f729962",CALL_EXCEPTION,0x53a31f276a16920bbe8f63e4d401fb315ca1439d1e9e1f407a9f301a07a1f235
2026-09-05T04:27:54.800Z,ui,261,,0,ERROR,,,,,,,,,,,,,,,,,,,,,,,,,,,,testnet autopilot lyc trade,"ambiguous function description (i.e. matches ""mintWithEth()"", ""mintWithEth(address)"") | ambiguous function description (i.e. matches ""mintWithEth()"", ""mintWithEth(address)"") (argument=""key"", value=""mintWithEth"", code=INVALID_ARGUMENT, version=6.17.0)",INVALID_ARGUMENT,
2026-09-05T04:28:07.818Z,ui,262,,0,ERROR,,,,,,,,,,,,,,,,,,,,,,,,,,,,testnet autopilot lyc trade,"ambiguous function description (i.e. matches ""mintWithEth()"", ""mintWithEth(address)"") | ambiguous function description (i.e. matches ""mintWithEth()"", ""mintWithEth(address)"") (argument=""key"", value=""mintWithEth"", code=INVALID_ARGUMENT, version=6.17.0)",INVALID_ARGUMENT,
2026-09-05T04:28:09.813Z,ui,263,,0,ERROR,0xBDAA6D90cb68fF80F4C28AA3dB2fC083fFD00F91,,,,,,,,,,,,,,,,,,,,,,,,,,,testnet autopilot curve trade,"transaction execution reverted | transaction execution reverted (action=""sendTransaction"", data=null, reason=null, invocation=null, revert=null, transaction={ ""data"": """", ""from"": ""0xE13118c675571f798E76946a906624Bd45Af8Fd8"", ""to"": ""0xBDAA6D90cb68fF80F4C28AA3dB2fC083fFD00F91"" }, receipt={ ""_type"": ""TransactionReceipt"", ""blobGasPrice"": null, ""blobGasUsed"": null, ""blockHash"": ""0x185009ccba632737b2d8f",CALL_EXCEPTION,0x51ce47d634c5b7b938f0af8203e1701529efad1d1155c86a2e9bd73f3e49346a
2026-09-05T04:28:20.820Z,ui,264,,0,ERROR,0xBDAA6D90cb68fF80F4C28AA3dB2fC083fFD00F91,,,,,,,,,,,,,,,,,,,,,,,,,,,testnet autopilot curve trade,"transaction execution reverted | transaction execution reverted (action=""sendTransaction"", data=null, reason=null, invocation=null, revert=null, transaction={ ""data"": """", ""from"": ""0xE13118c675571f798E76946a906624Bd45Af8Fd8"", ""to"": ""0xBDAA6D90cb68fF80F4C28AA3dB2fC083fFD00F91"" }, receipt={ ""_type"": ""TransactionReceipt"", ""blobGasPrice"": null, ""blobGasUsed"": null, ""blockHash"": ""0xe3af9b566e0f91809cdd6",CALL_EXCEPTION,0x1a60c0a034cb0fe34d209b66a43ee38965903f8a2f7510987dc65e207d1b5c70
2026-09-05T04:28:33.886Z,ui,265,,0,ERROR,,,,,,,,,,,,,,,,,,,,,,,,,,,,testnet autopilot lyc trade,"ambiguous function description (i.e. matches ""mintWithEth()"", ""mintWithEth(address)"") | ambiguous function description (i.e. matches ""mintWithEth()"", ""mintWithEth(address)"") (argument=""key"", value=""mintWithEth"", code=INVALID_ARGUMENT, version=6.17.0)",INVALID_ARGUMENT,
2026-09-05T04:28:44.883Z,ui,266,,0,ERROR,0xBDAA6D90cb68fF80F4C28AA3dB2fC083fFD00F91,,,,,,,,,,,,,,,,,,,,,,,,,,,testnet autopilot curve trade,"transaction execution reverted | transaction execution reverted (action=""sendTransaction"", data=null, reason=null, invocation=null, revert=null, transaction={ ""data"": """", ""from"": ""0xE13118c675571f798E76946a906624Bd45Af8Fd8"", ""to"": ""0xBDAA6D90cb68fF80F4C28AA3dB2fC083fFD00F91"" }, receipt={ ""_type"": ""TransactionReceipt"", ""blobGasPrice"": null, ""blobGasUsed"": null, ""blockHash"": ""0xa65c0e4a9258d582c0f6f",CALL_EXCEPTION,0x6d51be18e021545e6abe14f6b71ae50ae606f13c08059ff79e5c08af4a62ef85
2026-09-05T04:28:55.806Z,ui,267,,0,ERROR,0x62fEA5d520370853503B80389Effb10A1a70Ee19,,,,,,,,,,,,,,,,,,,,,,,,,,,testnet autopilot curve trade,"transaction execution reverted | transaction execution reverted (action=""sendTransaction"", data=null, reason=null, invocation=null, revert=null, transaction={ ""data"": """", ""from"": ""0xE13118c675571f798E76946a906624Bd45Af8Fd8"", ""to"": ""0x62fEA5d520370853503B80389Effb10A1a70Ee19"" }, receipt={ ""_type"": ""TransactionReceipt"", ""blobGasPrice"": null, ""blobGasUsed"": null, ""blockHash"": ""0x7e4412e428600d401870a",CALL_EXCEPTION,0xa7f3fdf2339e8d08f1c2ea4528e5f51627d757c7250fec16041d04d93e004419
2026-09-05T04:29:00.862Z,ui,268,,0,ERROR,,,,,,,,,,,,,,,,,,,,,,,,,,,,testnet autopilot lyc trade,"ambiguous function description (i.e. matches ""mintWithEth()"", ""mintWithEth(address)"") | ambiguous function description (i.e. matches ""mintWithEth()"", ""mintWithEth(address)"") (argument=""key"", value=""mintWithEth"", code=INVALID_ARGUMENT, version=6.17.0)",INVALID_ARGUMENT,
2026-09-05T04:29:09.811Z,ui,269,,0,ERROR,0x62fEA5d520370853503B80389Effb10A1a70Ee19,,,,,,,,,,,,,,,,,,,,,,,,,,,testnet autopilot curve trade,"transaction execution reverted | transaction execution reverted (action=""sendTransaction"", data=null, reason=null, invocation=null, revert=null, transaction={ ""data"": """", ""from"": ""0xE13118c675571f798E76946a906624Bd45Af8Fd8"", ""to"": ""0x62fEA5d520370853503B80389Effb10A1a70Ee19"" }, receipt={ ""_type"": ""TransactionReceipt"", ""blobGasPrice"": null, ""blobGasUsed"": null, ""blockHash"": ""0xfa9d978858a5436887c92",CALL_EXCEPTION,0x3c2825a1da3f376819f5721c3a1ec2360688e7b6c91006d5c62b2ba6e1b2f858
2026-09-05T04:29:32.848Z,ui,270,,0,ERROR,,,,,,,,,,,,,,,,,,,,,,,,,,,,testnet autopilot lyc trade,"ambiguous function description (i.e. matches ""mintWithEth()"", ""mintWithEth(address)"") | ambiguous function description (i.e. matches ""mintWithEth()"", ""mintWithEth(address)"") (argument=""key"", value=""mintWithEth"", code=INVALID_ARGUMENT, version=6.17.0)",INVALID_ARGUMENT,
2026-09-05T04:29:45.816Z,ui,271,,0,ERROR,,,,,,,,,,,,,,,,,,,,,,,,,,,,testnet autopilot lyc trade,"ambiguous function description (i.e. matches ""mintWithEth()"", ""mintWithEth(address)"") | ambiguous function description (i.e. matches ""mintWithEth()"", ""mintWithEth(address)"") (argument=""key"", value=""mintWithEth"", code=INVALID_ARGUMENT, version=6.17.0)",INVALID_ARGUMENT,
2026-09-05T04:30:04.827Z,ui,272,,0,ERROR,,,,,,,,,,,,,,,,,,,,,,,,,,,,testnet autopilot lyc trade,"ambiguous function description (i.e. matches ""mintWithEth()"", ""mintWithEth(address)"") | ambiguous function description (i.e. matches ""mintWithEth()"", ""mintWithEth(address)"") (argument=""key"", value=""mintWithEth"", code=INVALID_ARGUMENT, version=6.17.0)",INVALID_ARGUMENT,
2026-09-05T04:30:15.834Z,ui,273,,0,ERROR,0xBDAA6D90cb68fF80F4C28AA3dB2fC083fFD00F91,,,,,,,,,,,,,,,,,,,,,,,,,,,testnet autopilot curve trade,"transaction execution reverted | transaction execution reverted (action=""sendTransaction"", data=null, reason=null, invocation=null, revert=null, transaction={ ""data"": """", ""from"": ""0xE13118c675571f798E76946a906624Bd45Af8Fd8"", ""to"": ""0xBDAA6D90cb68fF80F4C28AA3dB2fC083fFD00F91"" }, receipt={ ""_type"": ""TransactionReceipt"", ""blobGasPrice"": null, ""blobGasUsed"": null, ""blockHash"": ""0xac0bd0069bd07cc637e99",CALL_EXCEPTION,0x075e0f7815a1edd5da2c820d3deb91400eb57a11724a166d096e7b88db86dc7a
2026-09-05T04:30:34.824Z,ui,274,,0,ERROR,0xBDAA6D90cb68fF80F4C28AA3dB2fC083fFD00F91,,,,,,,,,,,,,,,,,,,,,,,,,,,testnet autopilot curve trade,"transaction execution reverted | transaction execution reverted (action=""sendTransaction"", data=null, reason=null, invocation=null, revert=null, transaction={ ""data"": """", ""from"": ""0xE13118c675571f798E76946a906624Bd45Af8Fd8"", ""to"": ""0xBDAA6D90cb68fF80F4C28AA3dB2fC083fFD00F91"" }, receipt={ ""_type"": ""TransactionReceipt"", ""blobGasPrice"": null, ""blobGasUsed"": null, ""blockHash"": ""0x881f9a6a4d9da6e394e15",CALL_EXCEPTION,0x4f13f4584a294e99e2ab5c6312eac36235e517799ea486d2e6eb9473d5007eed
2026-09-05T04:30:36.830Z,ui,275,,0,ERROR,,,,,,,,,,,,,,,,,,,,,,,,,,,,testnet autopilot lyc trade,"ambiguous function description (i.e. matches ""mintWithEth()"", ""mintWithEth(address)"") | ambiguous function description (i.e. matches ""mintWithEth()"", ""mintWithEth(address)"") (argument=""key"", value=""mintWithEth"", code=INVALID_ARGUMENT, version=6.17.0)",INVALID_ARGUMENT,
2026-09-05T04:30:46.826Z,ui,276,,0,ERROR,,,,,,,,,,,,,,,,,,,,,,,,,,,,testnet autopilot lyc trade,"ambiguous function description (i.e. matches ""mintWithEth()"", ""mintWithEth(address)"") | ambiguous function description (i.e. matches ""mintWithEth()"", ""mintWithEth(address)"") (argument=""key"", value=""mintWithEth"", code=INVALID_ARGUMENT, version=6.17.0)",INVALID_ARGUMENT,
2026-09-05T04:30:55.816Z,ui,277,,0,ERROR,0xBDAA6D90cb68fF80F4C28AA3dB2fC083fFD00F91,,,,,,,,,,,,,,,,,,,,,,,,,,,testnet autopilot curve trade,"transaction execution reverted | transaction execution reverted (action=""sendTransaction"", data=null, reason=null, invocation=null, revert=null, transaction={ ""data"": """", ""from"": ""0xE13118c675571f798E76946a906624Bd45Af8Fd8"", ""to"": ""0xBDAA6D90cb68fF80F4C28AA3dB2fC083fFD00F91"" }, receipt={ ""_type"": ""TransactionReceipt"", ""blobGasPrice"": null, ""blobGasUsed"": null, ""blockHash"": ""0x6bd3a278f0f6286ed3836",CALL_EXCEPTION,0xee0e456dc1743f11a59f0cc28bd22689dd6311c7319eeff9ce07a13af16ca2ea
2026-09-05T04:31:08.819Z,ui,278,,0,ERROR,,,,,,,,,,,,,,,,,,,,,,,,,,,,testnet autopilot lyc trade,"ambiguous function description (i.e. matches ""mintWithEth()"", ""mintWithEth(address)"") | ambiguous function description (i.e. matches ""mintWithEth()"", ""mintWithEth(address)"") (argument=""key"", value=""mintWithEth"", code=INVALID_ARGUMENT, version=6.17.0)",INVALID_ARGUMENT,
2026-09-05T04:31:27.807Z,ui,279,,0,ERROR,0xBDAA6D90cb68fF80F4C28AA3dB2fC083fFD00F91,,,,,,,,,,,,,,,,,,,,,,,,,,,testnet autopilot curve trade,"transaction execution reverted | transaction execution reverted (action=""sendTransaction"", data=null, reason=null, invocation=null, revert=null, transaction={ ""data"": """", ""from"": ""0xE13118c675571f798E76946a906624Bd45Af8Fd8"", ""to"": ""0xBDAA6D90cb68fF80F4C28AA3dB2fC083fFD00F91"" }, receipt={ ""_type"": ""TransactionReceipt"", ""blobGasPrice"": null, ""blobGasUsed"": null, ""blockHash"": ""0x0cfd07c5b41ce4674f633",CALL_EXCEPTION,0x734cc3d72d52d0ae7c64444468f301a619a927b372ed72e0f8365b8b1046a378
2026-09-05T04:31:31.858Z,ui,280,,0,ERROR,,,,,,,,,,,,,,,,,,,,,,,,,,,,testnet autopilot lyc trade,"ambiguous function description (i.e. matches ""mintWithEth()"", ""mintWithEth(address)"") | ambiguous function description (i.e. matches ""mintWithEth()"", ""mintWithEth(address)"") (argument=""key"", value=""mintWithEth"", code=INVALID_ARGUMENT, version=6.17.0)",INVALID_ARGUMENT,
2026-09-05T04:31:42.871Z,ui,281,,0,ERROR,0x62fEA5d520370853503B80389Effb10A1a70Ee19,,,,,,,,,,,,,,,,,,,,,,,,,,,testnet autopilot curve trade,"transaction execution reverted | transaction execution reverted (action=""sendTransaction"", data=null, reason=null, invocation=null, revert=null, transaction={ ""data"": """", ""from"": ""0xA9fed88F7269b9E428a0062E410dEEd1244B7F5b"", ""to"": ""0x62fEA5d520370853503B80389Effb10A1a70Ee19"" }, receipt={ ""_type"": ""TransactionReceipt"", ""blobGasPrice"": null, ""blobGasUsed"": null, ""blockHash"": ""0xaabd88d30da5d6fc4fe14",CALL_EXCEPTION,0x92c757035560505d949047d2023c8fd6480e51762e6d1bc7ac3f95927c4c031c
2026-09-05T04:31:48.824Z,ui,282,,0,ERROR,,,,,,,,,,,,,,,,,,,,,,,,,,,,testnet autopilot lyc trade,"ambiguous function description (i.e. matches ""mintWithEth()"", ""mintWithEth(address)"") | ambiguous function description (i.e. matches ""mintWithEth()"", ""mintWithEth(address)"") (argument=""key"", value=""mintWithEth"", code=INVALID_ARGUMENT, version=6.17.0)",INVALID_ARGUMENT,
2026-09-05T04:32:03.849Z,ui,283,,0,ERROR,,,,,,,,,,,,,,,,,,,,,,,,,,,,testnet autopilot lyc trade,"ambiguous function description (i.e. matches ""mintWithEth()"", ""mintWithEth(address)"") | ambiguous function description (i.e. matches ""mintWithEth()"", ""mintWithEth(address)"") (argument=""key"", value=""mintWithEth"", code=INVALID_ARGUMENT, version=6.17.0)",INVALID_ARGUMENT,
2026-09-05T04:32:20.921Z,ui,284,,0,ERROR,,,,,,,,,,,,,,,,,,,,,,,,,,,,testnet autopilot lyc trade,"ambiguous function description (i.e. matches ""mintWithEth()"", ""mintWithEth(address)"") | ambiguous function description (i.e. matches ""mintWithEth()"", ""mintWithEth(address)"") (argument=""key"", value=""mintWithEth"", code=INVALID_ARGUMENT, version=6.17.0)",INVALID_ARGUMENT,
2026-09-05T04:32:22.854Z,ui,285,,0,ERROR,0x62fEA5d520370853503B80389Effb10A1a70Ee19,,,,,,,,,,,,,,,,,,,,,,,,,,,testnet autopilot curve trade,"transaction execution reverted | transaction execution reverted (action=""sendTransaction"", data=null, reason=null, invocation=null, revert=null, transaction={ ""data"": """", ""from"": ""0xA9fed88F7269b9E428a0062E410dEEd1244B7F5b"", ""to"": ""0x62fEA5d520370853503B80389Effb10A1a70Ee19"" }, receipt={ ""_type"": ""TransactionReceipt"", ""blobGasPrice"": null, ""blobGasUsed"": null, ""blockHash"": ""0xa5c6d94bd4397b80d41e0",CALL_EXCEPTION,0x8b7364e013b3e4a90d2c7ed0a593491bc84ac9bc32f240a60bd61b2ab3226ae1
2026-09-05T04:32:49.891Z,ui,286,,0,ERROR,0x62fEA5d520370853503B80389Effb10A1a70Ee19,,,,,,,,,,,,,,,,,,,,,,,,,,,testnet autopilot curve trade,"transaction execution reverted | transaction execution reverted (action=""sendTransaction"", data=null, reason=null, invocation=null, revert=null, transaction={ ""data"": """", ""from"": ""0xA9fed88F7269b9E428a0062E410dEEd1244B7F5b"", ""to"": ""0x62fEA5d520370853503B80389Effb10A1a70Ee19"" }, receipt={ ""_type"": ""TransactionReceipt"", ""blobGasPrice"": null, ""blobGasUsed"": null, ""blockHash"": ""0x04714ad19e9e18e112492",CALL_EXCEPTION,0x90ccabedf32addea86af46fb6b238d10fe20d8a86c9bef55a60d658eda86755e
2026-09-05T04:32:51.844Z,ui,287,,0,ERROR,,,,,,,,,,,,,,,,,,,,,,,,,,,,testnet autopilot lyc trade,"ambiguous function description (i.e. matches ""mintWithEth()"", ""mintWithEth(address)"") | ambiguous function description (i.e. matches ""mintWithEth()"", ""mintWithEth(address)"") (argument=""key"", value=""mintWithEth"", code=INVALID_ARGUMENT, version=6.17.0)",INVALID_ARGUMENT,
2026-09-05T04:33:03.913Z,ui,288,,0,ERROR,,,,,,,,,,,,,,,,,,,,,,,,,,,,testnet autopilot lyc trade,"ambiguous function description (i.e. matches ""mintWithEth()"", ""mintWithEth(address)"") | ambiguous function description (i.e. matches ""mintWithEth()"", ""mintWithEth(address)"") (argument=""key"", value=""mintWithEth"", code=INVALID_ARGUMENT, version=6.17.0)",INVALID_ARGUMENT,
2026-09-05T04:33:37.810Z,ui,289,,0,ERROR,0xBDAA6D90cb68fF80F4C28AA3dB2fC083fFD00F91,,,,,,,,,,,,,,,,,,,,,,,,,,,testnet autopilot curve trade,"transaction execution reverted | transaction execution reverted (action=""sendTransaction"", data=null, reason=null, invocation=null, revert=null, transaction={ ""data"": """", ""from"": ""0xA9fed88F7269b9E428a0062E410dEEd1244B7F5b"", ""to"": ""0xBDAA6D90cb68fF80F4C28AA3dB2fC083fFD00F91"" }, receipt={ ""_type"": ""TransactionReceipt"", ""blobGasPrice"": null, ""blobGasUsed"": null, ""blockHash"": ""0x565bd3eb6e0672f44c463",CALL_EXCEPTION,0xd5b67f8047db21dae54203a8ed89404210ae824c37d85db27853328269180fbf
2026-09-05T04:33:39.827Z,ui,290,,0,ERROR,,,,,,,,,,,,,,,,,,,,,,,,,,,,testnet autopilot lyc trade,"ambiguous function description (i.e. matches ""mintWithEth()"", ""mintWithEth(address)"") | ambiguous function description (i.e. matches ""mintWithEth()"", ""mintWithEth(address)"") (argument=""key"", value=""mintWithEth"", code=INVALID_ARGUMENT, version=6.17.0)",INVALID_ARGUMENT,
2026-09-05T04:33:46.902Z,ui,291,,0,ERROR,,,,,,,,,,,,,,,,,,,,,,,,,,,,testnet autopilot lyc trade,"ambiguous function description (i.e. matches ""mintWithEth()"", ""mintWithEth(address)"") | ambiguous function description (i.e. matches ""mintWithEth()"", ""mintWithEth(address)"") (argument=""key"", value=""mintWithEth"", code=INVALID_ARGUMENT, version=6.17.0)",INVALID_ARGUMENT,
2026-09-05T04:33:50.816Z,ui,292,,0,ERROR,0xBDAA6D90cb68fF80F4C28AA3dB2fC083fFD00F91,,,,,,,,,,,,,,,,,,,,,,,,,,,testnet autopilot curve trade,"transaction execution reverted | transaction execution reverted (action=""sendTransaction"", data=null, reason=null, invocation=null, revert=null, transaction={ ""data"": """", ""from"": ""0xA9fed88F7269b9E428a0062E410dEEd1244B7F5b"", ""to"": ""0xBDAA6D90cb68fF80F4C28AA3dB2fC083fFD00F91"" }, receipt={ ""_type"": ""TransactionReceipt"", ""blobGasPrice"": null, ""blobGasUsed"": null, ""blockHash"": ""0x3b0d3c9cb5e4a86a5b891",CALL_EXCEPTION,0x732fad82f99900e5a9f41174451dd498e17dfb3bc48b5377abb30640042fb86e
2026-09-05T04:34:08.823Z,ui,293,,0,ERROR,0x62fEA5d520370853503B80389Effb10A1a70Ee19,,,,,,,,,,,,,,,,,,,,,,,,,,,testnet autopilot curve trade,Failed to fetch,,
2026-09-05T04:34:08.824Z,ui,294,,0,ERROR,0x62fEA5d520370853503B80389Effb10A1a70Ee19,,,,,,,,,,,,,,,,,,,,,,,,,,,testnet autopilot curve trade,Failed to fetch,,
2026-09-05T04:34:10.822Z,ui,296,,0,ERROR,0xBDAA6D90cb68fF80F4C28AA3dB2fC083fFD00F91,,,,,,,,,,,,,,,,,,,,,,,,,,,testnet autopilot curve trade,Failed to fetch,,
2026-09-05T04:34:10.821Z,ui,295,,0,ERROR,0x62fEA5d520370853503B80389Effb10A1a70Ee19,,,,,,,,,,,,,,,,,,,,,,,,,,,testnet autopilot curve trade,Failed to fetch,,
2026-09-05T04:34:20.852Z,ui,297,,0,ERROR,,,,,,,,,,,,,,,,,,,,,,,,,,,,testnet autopilot lyc trade,"ambiguous function description (i.e. matches ""mintWithEth()"", ""mintWithEth(address)"") | ambiguous function description (i.e. matches ""mintWithEth()"", ""mintWithEth(address)"") (argument=""key"", value=""mintWithEth"", code=INVALID_ARGUMENT, version=6.17.0)",INVALID_ARGUMENT,
2026-09-05T04:34:31.823Z,ui,298,,0,ERROR,,,,,,,,,,,,,,,,,,,,,,,,,,,,testnet autopilot lyc trade,"ambiguous function description (i.e. matches ""mintWithEth()"", ""mintWithEth(address)"") | ambiguous function description (i.e. matches ""mintWithEth()"", ""mintWithEth(address)"") (argument=""key"", value=""mintWithEth"", code=INVALID_ARGUMENT, version=6.17.0)",INVALID_ARGUMENT,
2026-09-05T04:34:44.834Z,ui,299,,0,ERROR,0xBDAA6D90cb68fF80F4C28AA3dB2fC083fFD00F91,,,,,,,,,,,,,,,,,,,,,,,,,,,testnet autopilot curve trade,"transaction execution reverted | transaction execution reverted (action=""sendTransaction"", data=null, reason=null, invocation=null, revert=null, transaction={ ""data"": """", ""from"": ""0xE13118c675571f798E76946a906624Bd45Af8Fd8"", ""to"": ""0xBDAA6D90cb68fF80F4C28AA3dB2fC083fFD00F91"" }, receipt={ ""_type"": ""TransactionReceipt"", ""blobGasPrice"": null, ""blobGasUsed"": null, ""blockHash"": ""0x26c7f61553bfbacc2f781",CALL_EXCEPTION,0xf269dbb234caba70d362e2769999b9e3dfd23e856ebce05e45db5d43118a161b
2026-09-05T04:34:55.866Z,ui,300,,0,ERROR,0x62fEA5d520370853503B80389Effb10A1a70Ee19,,,,,,,,,,,,,,,,,,,,,,,,,,,testnet autopilot curve trade,"transaction execution reverted | transaction execution reverted (action=""sendTransaction"", data=null, reason=null, invocation=null, revert=null, transaction={ ""data"": """", ""from"": ""0xE13118c675571f798E76946a906624Bd45Af8Fd8"", ""to"": ""0x62fEA5d520370853503B80389Effb10A1a70Ee19"" }, receipt={ ""_type"": ""TransactionReceipt"", ""blobGasPrice"": null, ""blobGasUsed"": null, ""blockHash"": ""0xa4f5666dbf607f8b260d1",CALL_EXCEPTION,0x6053c1c4d4035300b6d0c194708f0b7f7f90ab773e6b00889f01800eace04de6
2026-09-05T04:35:06.826Z,ui,301,,0,ERROR,0x62fEA5d520370853503B80389Effb10A1a70Ee19,,,,,,,,,,,,,,,,,,,,,,,,,,,testnet autopilot curve trade,"transaction execution reverted | transaction execution reverted (action=""sendTransaction"", data=null, reason=null, invocation=null, revert=null, transaction={ ""data"": """", ""from"": ""0xE13118c675571f798E76946a906624Bd45Af8Fd8"", ""to"": ""0x62fEA5d520370853503B80389Effb10A1a70Ee19"" }, receipt={ ""_type"": ""TransactionReceipt"", ""blobGasPrice"": null, ""blobGasUsed"": null, ""blockHash"": ""0xf1d7295ceb1d6746c34f7",CALL_EXCEPTION,0x76ad23df8cff147aaec97a134b6972541f76f8bc38394aa6d63f5643b5b5df16
2026-09-05T04:35:10.890Z,ui,302,,0,ERROR,0x62fEA5d520370853503B80389Effb10A1a70Ee19,,,,,,,,,,,,,,,,,,,,,,,,,,,testnet autopilot curve trade,"transaction execution reverted | transaction execution reverted (action=""sendTransaction"", data=null, reason=null, invocation=null, revert=null, transaction={ ""data"": """", ""from"": ""0xA9fed88F7269b9E428a0062E410dEEd1244B7F5b"", ""to"": ""0x62fEA5d520370853503B80389Effb10A1a70Ee19"" }, receipt={ ""_type"": ""TransactionReceipt"", ""blobGasPrice"": null, ""blobGasUsed"": null, ""blockHash"": ""0x049ec54e3e589c35db9f6",CALL_EXCEPTION,0xa4d7fc6df6fdac1be7fec490be3d204694efd6e18f13bd4b6efc9e88834a5431
2026-09-05T04:35:12.882Z,ui,303,,0,ERROR,,,,,,,,,,,,,,,,,,,,,,,,,,,,testnet autopilot lyc trade,"ambiguous function description (i.e. matches ""mintWithEth()"", ""mintWithEth(address)"") | ambiguous function description (i.e. matches ""mintWithEth()"", ""mintWithEth(address)"") (argument=""key"", value=""mintWithEth"", code=INVALID_ARGUMENT, version=6.17.0)",INVALID_ARGUMENT,
2026-09-05T04:35:16.845Z,ui,304,,0,ERROR,,,,,,,,,,,,,,,,,,,,,,,,,,,,testnet autopilot lyc trade,"ambiguous function description (i.e. matches ""mintWithEth()"", ""mintWithEth(address)"") | ambiguous function description (i.e. matches ""mintWithEth()"", ""mintWithEth(address)"") (argument=""key"", value=""mintWithEth"", code=INVALID_ARGUMENT, version=6.17.0)",INVALID_ARGUMENT,
2026-09-05T04:35:27.831Z,ui,305,,0,ERROR,0x62fEA5d520370853503B80389Effb10A1a70Ee19,,,,,,,,,,,,,,,,,,,,,,,,,,,testnet autopilot curve trade,"transaction execution reverted | transaction execution reverted (action=""sendTransaction"", data=null, reason=null, invocation=null, revert=null, transaction={ ""data"": """", ""from"": ""0xE13118c675571f798E76946a906624Bd45Af8Fd8"", ""to"": ""0x62fEA5d520370853503B80389Effb10A1a70Ee19"" }, receipt={ ""_type"": ""TransactionReceipt"", ""blobGasPrice"": null, ""blobGasUsed"": null, ""blockHash"": ""0x90c211aa3a7f6ad874720",CALL_EXCEPTION,0x22855eaee2c47844e1969f7567b1514ea7b585712019719c9f84584e18683d3e
2026-09-05T04:35:38.898Z,ui,306,,0,ERROR,0xBDAA6D90cb68fF80F4C28AA3dB2fC083fFD00F91,,,,,,,,,,,,,,,,,,,,,,,,,,,testnet autopilot curve trade,"transaction execution reverted | transaction execution reverted (action=""sendTransaction"", data=null, reason=null, invocation=null, revert=null, transaction={ ""data"": """", ""from"": ""0xE13118c675571f798E76946a906624Bd45Af8Fd8"", ""to"": ""0xBDAA6D90cb68fF80F4C28AA3dB2fC083fFD00F91"" }, receipt={ ""_type"": ""TransactionReceipt"", ""blobGasPrice"": null, ""blobGasUsed"": null, ""blockHash"": ""0xe99c342efd92337b7aaab",CALL_EXCEPTION,0x9f8e172b4897abbc5fd0534aa2a1ba0d204adaba737e6815c5a954149036b5ac
2026-09-05T04:35:47.823Z,ui,307,,0,ERROR,0x62fEA5d520370853503B80389Effb10A1a70Ee19,,,,,,,,,,,,,,,,,,,,,,,,,,,testnet autopilot curve trade,"transaction execution reverted | transaction execution reverted (action=""sendTransaction"", data=null, reason=null, invocation=null, revert=null, transaction={ ""data"": """", ""from"": ""0xA9fed88F7269b9E428a0062E410dEEd1244B7F5b"", ""to"": ""0x62fEA5d520370853503B80389Effb10A1a70Ee19"" }, receipt={ ""_type"": ""TransactionReceipt"", ""blobGasPrice"": null, ""blobGasUsed"": null, ""blockHash"": ""0x7f6fa4a8e7dc809309980",CALL_EXCEPTION,0xf015ee30ead3b194dcc93fe9ee7b6b93d80f382d78b0a73e68fcf860b65a65ac
2026-09-05T04:35:49.814Z,ui,308,,0,ERROR,0x62fEA5d520370853503B80389Effb10A1a70Ee19,,,,,,,,,,,,,,,,,,,,,,,,,,,testnet autopilot curve trade,"transaction execution reverted | transaction execution reverted (action=""sendTransaction"", data=null, reason=null, invocation=null, revert=null, transaction={ ""data"": """", ""from"": ""0xE13118c675571f798E76946a906624Bd45Af8Fd8"", ""to"": ""0x62fEA5d520370853503B80389Effb10A1a70Ee19"" }, receipt={ ""_type"": ""TransactionReceipt"", ""blobGasPrice"": null, ""blobGasUsed"": null, ""blockHash"": ""0x709afe7271ad391349c86",CALL_EXCEPTION,0x8baa44529bb49678f3d27af09b4f7eb4e0860f7ec4251444d14071f38afb9ca3
2026-09-05T04:35:49.816Z,ui,309,,0,ERROR,,,,,,,,,,,,,,,,,,,,,,,,,,,,testnet autopilot lyc trade,"ambiguous function description (i.e. matches ""mintWithEth()"", ""mintWithEth(address)"") | ambiguous function description (i.e. matches ""mintWithEth()"", ""mintWithEth(address)"") (argument=""key"", value=""mintWithEth"", code=INVALID_ARGUMENT, version=6.17.0)",INVALID_ARGUMENT,
2026-09-05T04:35:51.918Z,ui,310,,0,ERROR,,,,,,,,,,,,,,,,,,,,,,,,,,,,testnet autopilot lyc trade,"ambiguous function description (i.e. matches ""mintWithEth()"", ""mintWithEth(address)"") | ambiguous function description (i.e. matches ""mintWithEth()"", ""mintWithEth(address)"") (argument=""key"", value=""mintWithEth"", code=INVALID_ARGUMENT, version=6.17.0)",INVALID_ARGUMENT,
2026-09-05T04:36:02.819Z,ui,311,,0,ERROR,0x62fEA5d520370853503B80389Effb10A1a70Ee19,,,,,,,,,,,,,,,,,,,,,,,,,,,testnet autopilot curve trade,"transaction execution reverted | transaction execution reverted (action=""sendTransaction"", data=null, reason=null, invocation=null, revert=null, transaction={ ""data"": """", ""from"": ""0xA9fed88F7269b9E428a0062E410dEEd1244B7F5b"", ""to"": ""0x62fEA5d520370853503B80389Effb10A1a70Ee19"" }, receipt={ ""_type"": ""TransactionReceipt"", ""blobGasPrice"": null, ""blobGasUsed"": null, ""blockHash"": ""0x6f4a3341ed8315118e3c4",CALL_EXCEPTION,0xf152ccb86c8a1594998266363e02633cee1942eae44325d812eb184de2fce0de
2026-09-05T04:36:07.831Z,ui,312,,0,ERROR,0x62fEA5d520370853503B80389Effb10A1a70Ee19,,,,,,,,,,,,,,,,,,,,,,,,,,,testnet autopilot curve trade,"transaction execution reverted | transaction execution reverted (action=""sendTransaction"", data=null, reason=null, invocation=null, revert=null, transaction={ ""data"": """", ""from"": ""0xE13118c675571f798E76946a906624Bd45Af8Fd8"", ""to"": ""0x62fEA5d520370853503B80389Effb10A1a70Ee19"" }, receipt={ ""_type"": ""TransactionReceipt"", ""blobGasPrice"": null, ""blobGasUsed"": null, ""blockHash"": ""0x428db397c5512b3417d46",CALL_EXCEPTION,0x2ee3ce2c756b4d81a7bee2853dc1ca1fa01523ce5707ec3b7fb694a8d567e54c
2026-09-05T04:36:18.958Z,ui,313,,0,ERROR,0x62fEA5d520370853503B80389Effb10A1a70Ee19,,,,,,,,,,,,,,,,,,,,,,,,,,,testnet autopilot curve trade,"transaction execution reverted | transaction execution reverted (action=""sendTransaction"", data=null, reason=null, invocation=null, revert=null, transaction={ ""data"": """", ""from"": ""0xA9fed88F7269b9E428a0062E410dEEd1244B7F5b"", ""to"": ""0x62fEA5d520370853503B80389Effb10A1a70Ee19"" }, receipt={ ""_type"": ""TransactionReceipt"", ""blobGasPrice"": null, ""blobGasUsed"": null, ""blockHash"": ""0x7bde4982ec90608e1eabe",CALL_EXCEPTION,0xf7c5d3d73696e1c8e4b2b95d8ab1c3af02bb849fab3c2a796d944fe9d9ccf61c
2026-09-05T04:36:28.967Z,ui,314,,0,ERROR,0x62fEA5d520370853503B80389Effb10A1a70Ee19,,,,,,,,,,,,,,,,,,,,,,,,,,,testnet autopilot curve trade,"transaction execution reverted | transaction execution reverted (action=""sendTransaction"", data=null, reason=null, invocation=null, revert=null, transaction={ ""data"": """", ""from"": ""0xA9fed88F7269b9E428a0062E410dEEd1244B7F5b"", ""to"": ""0x62fEA5d520370853503B80389Effb10A1a70Ee19"" }, receipt={ ""_type"": ""TransactionReceipt"", ""blobGasPrice"": null, ""blobGasUsed"": null, ""blockHash"": ""0xef2508f9b0c15516d98c7",CALL_EXCEPTION,0x5d54651a3cefa4530187678b120ec025862a7c946114ce9c09097d885f243858
2026-09-05T04:36:30.838Z,ui,315,,0,ERROR,,,,,,,,,,,,,,,,,,,,,,,,,,,,testnet autopilot lyc trade,"ambiguous function description (i.e. matches ""mintWithEth()"", ""mintWithEth(address)"") | ambiguous function description (i.e. matches ""mintWithEth()"", ""mintWithEth(address)"") (argument=""key"", value=""mintWithEth"", code=INVALID_ARGUMENT, version=6.17.0)",INVALID_ARGUMENT,
2026-09-05T04:36:41.003Z,ui,316,,0,ERROR,0x62fEA5d520370853503B80389Effb10A1a70Ee19,,,,,,,,,,,,,,,,,,,,,,,,,,,testnet autopilot curve trade,"transaction execution reverted | transaction execution reverted (action=""sendTransaction"", data=null, reason=null, invocation=null, revert=null, transaction={ ""data"": """", ""from"": ""0xE13118c675571f798E76946a906624Bd45Af8Fd8"", ""to"": ""0x62fEA5d520370853503B80389Effb10A1a70Ee19"" }, receipt={ ""_type"": ""TransactionReceipt"", ""blobGasPrice"": null, ""blobGasUsed"": null, ""blockHash"": ""0xe5404d52b0d716dc1d829",CALL_EXCEPTION,0xf6e6169559df206ba346af3cbf345630e53318bbfd7f0dfd288da5a645e0dcb2
2026-09-05T04:36:42.832Z,ui,317,,0,ERROR,,,,,,,,,,,,,,,,,,,,,,,,,,,,testnet autopilot lyc trade,"ambiguous function description (i.e. matches ""mintWithEth()"", ""mintWithEth(address)"") | ambiguous function description (i.e. matches ""mintWithEth()"", ""mintWithEth(address)"") (argument=""key"", value=""mintWithEth"", code=INVALID_ARGUMENT, version=6.17.0)",INVALID_ARGUMENT,
2026-09-05T04:37:01.812Z,ui,318,,0,ERROR,0x62fEA5d520370853503B80389Effb10A1a70Ee19,,,,,,,,,,,,,,,,,,,,,,,,,,,testnet autopilot curve trade,"transaction execution reverted | transaction execution reverted (action=""sendTransaction"", data=null, reason=null, invocation=null, revert=null, transaction={ ""data"": """", ""from"": ""0xE13118c675571f798E76946a906624Bd45Af8Fd8"", ""to"": ""0x62fEA5d520370853503B80389Effb10A1a70Ee19"" }, receipt={ ""_type"": ""TransactionReceipt"", ""blobGasPrice"": null, ""blobGasUsed"": null, ""blockHash"": ""0x8d64add0311cd502afed2",CALL_EXCEPTION,0xe1a0e75c40c122dd6366b5e45cccd9c35c0ed6e0a3105756ac53aa6d1ce08632
2026-09-05T04:37:03.831Z,ui,319,,0,ERROR,0x62fEA5d520370853503B80389Effb10A1a70Ee19,,,,,,,,,,,,,,,,,,,,,,,,,,,testnet autopilot curve trade,"transaction execution reverted | transaction execution reverted (action=""sendTransaction"", data=null, reason=null, invocation=null, revert=null, transaction={ ""data"": """", ""from"": ""0xA9fed88F7269b9E428a0062E410dEEd1244B7F5b"", ""to"": ""0x62fEA5d520370853503B80389Effb10A1a70Ee19"" }, receipt={ ""_type"": ""TransactionReceipt"", ""blobGasPrice"": null, ""blobGasUsed"": null, ""blockHash"": ""0x48044422c1fc69e01c42f",CALL_EXCEPTION,0x6495be0158c6c2d4e8d36984aa8273aeced8fe3bb95fe3ab1ad53c092a9e8987
2026-09-05T04:37:19.825Z,ui,320,,0,ERROR,0x62fEA5d520370853503B80389Effb10A1a70Ee19,,,,,,,,,,,,,,,,,,,,,,,,,,,testnet autopilot curve trade,"transaction execution reverted | transaction execution reverted (action=""sendTransaction"", data=null, reason=null, invocation=null, revert=null, transaction={ ""data"": """", ""from"": ""0xA9fed88F7269b9E428a0062E410dEEd1244B7F5b"", ""to"": ""0x62fEA5d520370853503B80389Effb10A1a70Ee19"" }, receipt={ ""_type"": ""TransactionReceipt"", ""blobGasPrice"": null, ""blobGasUsed"": null, ""blockHash"": ""0xa3edeae2559a74811b40c",CALL_EXCEPTION,0xaf61e09de4a8fada36feebd75dd53e818771f9834120c62730b569a00540317c
2026-09-05T04:37:21.846Z,ui,321,,0,ERROR,,,,,,,,,,,,,,,,,,,,,,,,,,,,testnet autopilot lyc trade,"ambiguous function description (i.e. matches ""mintWithEth()"", ""mintWithEth(address)"") | ambiguous function description (i.e. matches ""mintWithEth()"", ""mintWithEth(address)"") (argument=""key"", value=""mintWithEth"", code=INVALID_ARGUMENT, version=6.17.0)",INVALID_ARGUMENT,
2026-09-05T04:37:34.829Z,ui,322,,0,ERROR,0x62fEA5d520370853503B80389Effb10A1a70Ee19,,,,,,,,,,,,,,,,,,,,,,,,,,,testnet autopilot curve trade,"transaction execution reverted | transaction execution reverted (action=""sendTransaction"", data=null, reason=null, invocation=null, revert=null, transaction={ ""data"": """", ""from"": ""0xE13118c675571f798E76946a906624Bd45Af8Fd8"", ""to"": ""0x62fEA5d520370853503B80389Effb10A1a70Ee19"" }, receipt={ ""_type"": ""TransactionReceipt"", ""blobGasPrice"": null, ""blobGasUsed"": null, ""blockHash"": ""0xd003e904b37871243e54f",CALL_EXCEPTION,0xd0e64e7c189301ca355210c038cb3b3257b18a9a9530fc75ed2856c4378e9946
2026-09-05T04:37:36.846Z,ui,323,,0,ERROR,,,,,,,,,,,,,,,,,,,,,,,,,,,,testnet autopilot lyc trade,"ambiguous function description (i.e. matches ""mintWithEth()"", ""mintWithEth(address)"") | ambiguous function description (i.e. matches ""mintWithEth()"", ""mintWithEth(address)"") (argument=""key"", value=""mintWithEth"", code=INVALID_ARGUMENT, version=6.17.0)",INVALID_ARGUMENT,
2026-09-05T04:37:40.852Z,ui,324,,0,ERROR,0x62fEA5d520370853503B80389Effb10A1a70Ee19,,,,,,,,,,,,,,,,,,,,,,,,,,,testnet autopilot curve trade,"transaction execution reverted | transaction execution reverted (action=""sendTransaction"", data=null, reason=null, invocation=null, revert=null, transaction={ ""data"": """", ""from"": ""0xA9fed88F7269b9E428a0062E410dEEd1244B7F5b"", ""to"": ""0x62fEA5d520370853503B80389Effb10A1a70Ee19"" }, receipt={ ""_type"": ""TransactionReceipt"", ""blobGasPrice"": null, ""blobGasUsed"": null, ""blockHash"": ""0xc59cbf378633d61e73210",CALL_EXCEPTION,0x5d2c2e84b71371f37088c32debe9b2153c82120e113c64a10c00cc443a87abb8
2026-09-05T04:37:49.887Z,ui,325,,0,ERROR,,,,,,,,,,,,,,,,,,,,,,,,,,,,testnet autopilot lyc trade,"ambiguous function description (i.e. matches ""mintWithEth()"", ""mintWithEth(address)"") | ambiguous function description (i.e. matches ""mintWithEth()"", ""mintWithEth(address)"") (argument=""key"", value=""mintWithEth"", code=INVALID_ARGUMENT, version=6.17.0)",INVALID_ARGUMENT,
2026-09-05T04:37:51.834Z,ui,326,,0,ERROR,,,,,,,,,,,,,,,,,,,,,,,,,,,,testnet autopilot lyc trade,"ambiguous function description (i.e. matches ""mintWithEth()"", ""mintWithEth(address)"") | ambiguous function description (i.e. matches ""mintWithEth()"", ""mintWithEth(address)"") (argument=""key"", value=""mintWithEth"", code=INVALID_ARGUMENT, version=6.17.0)",INVALID_ARGUMENT,
2026-09-05T04:37:53.847Z,ui,327,,0,ERROR,,,,,,,,,,,,,,,,,,,,,,,,,,,,testnet autopilot lyc trade,"ambiguous function description (i.e. matches ""mintWithEth()"", ""mintWithEth(address)"") | ambiguous function description (i.e. matches ""mintWithEth()"", ""mintWithEth(address)"") (argument=""key"", value=""mintWithEth"", code=INVALID_ARGUMENT, version=6.17.0)",INVALID_ARGUMENT,
2026-09-05T04:37:55.836Z,ui,328,,0,ERROR,,,,,,,,,,,,,,,,,,,,,,,,,,,,testnet autopilot lyc trade,"ambiguous function description (i.e. matches ""mintWithEth()"", ""mintWithEth(address)"") | ambiguous function description (i.e. matches ""mintWithEth()"", ""mintWithEth(address)"") (argument=""key"", value=""mintWithEth"", code=INVALID_ARGUMENT, version=6.17.0)",INVALID_ARGUMENT,
2026-09-05T04:37:57.846Z,ui,329,,0,ERROR,,,,,,,,,,,,,,,,,,,,,,,,,,,,testnet autopilot lyc trade,"ambiguous function description (i.e. matches ""mintWithEth()"", ""mintWithEth(address)"") | ambiguous function description (i.e. matches ""mintWithEth()"", ""mintWithEth(address)"") (argument=""key"", value=""mintWithEth"", code=INVALID_ARGUMENT, version=6.17.0)",INVALID_ARGUMENT,
2026-09-05T04:37:59.848Z,ui,330,,0,ERROR,0x62fEA5d520370853503B80389Effb10A1a70Ee19,,,,,,,,,,,,,,,,,,,,,,,,,,,testnet autopilot curve trade,"transaction execution reverted | transaction execution reverted (action=""sendTransaction"", data=null, reason=null, invocation=null, revert=null, transaction={ ""data"": """", ""from"": ""0xA9fed88F7269b9E428a0062E410dEEd1244B7F5b"", ""to"": ""0x62fEA5d520370853503B80389Effb10A1a70Ee19"" }, receipt={ ""_type"": ""TransactionReceipt"", ""blobGasPrice"": null, ""blobGasUsed"": null, ""blockHash"": ""0x9f0954cf65339754005ea",CALL_EXCEPTION,0xe495edc82ff444ead80e504f7ce954e36f5a0a3764a87827eb4343df43123587
2026-09-05T04:37:59.850Z,ui,331,,0,ERROR,,,,,,,,,,,,,,,,,,,,,,,,,,,,testnet autopilot lyc trade,"ambiguous function description (i.e. matches ""mintWithEth()"", ""mintWithEth(address)"") | ambiguous function description (i.e. matches ""mintWithEth()"", ""mintWithEth(address)"") (argument=""key"", value=""mintWithEth"", code=INVALID_ARGUMENT, version=6.17.0)",INVALID_ARGUMENT,
2026-09-05T04:38:01.831Z,ui,332,,0,ERROR,,,,,,,,,,,,,,,,,,,,,,,,,,,,testnet autopilot lyc trade,"ambiguous function description (i.e. matches ""mintWithEth()"", ""mintWithEth(address)"") | ambiguous function description (i.e. matches ""mintWithEth()"", ""mintWithEth(address)"") (argument=""key"", value=""mintWithEth"", code=INVALID_ARGUMENT, version=6.17.0)",INVALID_ARGUMENT,
2026-09-05T04:38:01.831Z,ui,333,,0,ERROR,,,,,,,,,,,,,,,,,,,,,,,,,,,,testnet autopilot lyc trade,"ambiguous function description (i.e. matches ""mintWithEth()"", ""mintWithEth(address)"") | ambiguous function description (i.e. matches ""mintWithEth()"", ""mintWithEth(address)"") (argument=""key"", value=""mintWithEth"", code=INVALID_ARGUMENT, version=6.17.0)",INVALID_ARGUMENT,
2026-09-05T04:38:03.848Z,ui,334,,0,ERROR,,,,,,,,,,,,,,,,,,,,,,,,,,,,testnet autopilot lyc trade,"ambiguous function description (i.e. matches ""mintWithEth()"", ""mintWithEth(address)"") | ambiguous function description (i.e. matches ""mintWithEth()"", ""mintWithEth(address)"") (argument=""key"", value=""mintWithEth"", code=INVALID_ARGUMENT, version=6.17.0)",INVALID_ARGUMENT,
2026-09-05T04:38:05.883Z,ui,335,,0,ERROR,,,,,,,,,,,,,,,,,,,,,,,,,,,,testnet autopilot lyc trade,"ambiguous function description (i.e. matches ""mintWithEth()"", ""mintWithEth(address)"") | ambiguous function description (i.e. matches ""mintWithEth()"", ""mintWithEth(address)"") (argument=""key"", value=""mintWithEth"", code=INVALID_ARGUMENT, version=6.17.0)",INVALID_ARGUMENT,
2026-09-05T04:38:07.826Z,ui,336,,0,ERROR,,,,,,,,,,,,,,,,,,,,,,,,,,,,testnet autopilot lyc trade,"ambiguous function description (i.e. matches ""mintWithEth()"", ""mintWithEth(address)"") | ambiguous function description (i.e. matches ""mintWithEth()"", ""mintWithEth(address)"") (argument=""key"", value=""mintWithEth"", code=INVALID_ARGUMENT, version=6.17.0)",INVALID_ARGUMENT,
2026-09-05T04:38:09.838Z,ui,337,,0,ERROR,,,,,,,,,,,,,,,,,,,,,,,,,,,,testnet autopilot lyc trade,"ambiguous function description (i.e. matches ""mintWithEth()"", ""mintWithEth(address)"") | ambiguous function description (i.e. matches ""mintWithEth()"", ""mintWithEth(address)"") (argument=""key"", value=""mintWithEth"", code=INVALID_ARGUMENT, version=6.17.0)",INVALID_ARGUMENT,
2026-09-05T04:38:11.905Z,ui,338,,0,ERROR,,,,,,,,,,,,,,,,,,,,,,,,,,,,testnet autopilot lyc trade,"ambiguous function description (i.e. matches ""mintWithEth()"", ""mintWithEth(address)"") | ambiguous function description (i.e. matches ""mintWithEth()"", ""mintWithEth(address)"") (argument=""key"", value=""mintWithEth"", code=INVALID_ARGUMENT, version=6.17.0)",INVALID_ARGUMENT,
2026-09-05T04:38:13.828Z,ui,339,,0,ERROR,,,,,,,,,,,,,,,,,,,,,,,,,,,,testnet autopilot lyc trade,"ambiguous function description (i.e. matches ""mintWithEth()"", ""mintWithEth(address)"") | ambiguous function description (i.e. matches ""mintWithEth()"", ""mintWithEth(address)"") (argument=""key"", value=""mintWithEth"", code=INVALID_ARGUMENT, version=6.17.0)",INVALID_ARGUMENT,
2026-09-05T04:38:15.835Z,ui,340,,0,ERROR,,,,,,,,,,,,,,,,,,,,,,,,,,,,testnet autopilot lyc trade,"ambiguous function description (i.e. matches ""mintWithEth()"", ""mintWithEth(address)"") | ambiguous function description (i.e. matches ""mintWithEth()"", ""mintWithEth(address)"") (argument=""key"", value=""mintWithEth"", code=INVALID_ARGUMENT, version=6.17.0)",INVALID_ARGUMENT,
2026-09-05T04:38:17.856Z,ui,341,,0,ERROR,,,,,,,,,,,,,,,,,,,,,,,,,,,,testnet autopilot lyc trade,"ambiguous function description (i.e. matches ""mintWithEth()"", ""mintWithEth(address)"") | ambiguous function description (i.e. matches ""mintWithEth()"", ""mintWithEth(address)"") (argument=""key"", value=""mintWithEth"", code=INVALID_ARGUMENT, version=6.17.0)",INVALID_ARGUMENT,
2026-09-05T04:38:19.866Z,ui,342,,0,ERROR,,,,,,,,,,,,,,,,,,,,,,,,,,,,testnet autopilot lyc trade,"ambiguous function description (i.e. matches ""mintWithEth()"", ""mintWithEth(address)"") | ambiguous function description (i.e. matches ""mintWithEth()"", ""mintWithEth(address)"") (argument=""key"", value=""mintWithEth"", code=INVALID_ARGUMENT, version=6.17.0)",INVALID_ARGUMENT,
2026-09-05T04:38:21.832Z,ui,343,,0,ERROR,,,,,,,,,,,,,,,,,,,,,,,,,,,,testnet autopilot lyc trade,"ambiguous function description (i.e. matches ""mintWithEth()"", ""mintWithEth(address)"") | ambiguous function description (i.e. matches ""mintWithEth()"", ""mintWithEth(address)"") (argument=""key"", value=""mintWithEth"", code=INVALID_ARGUMENT, version=6.17.0)",INVALID_ARGUMENT,
2026-09-05T04:38:39.893Z,ui,344,,0,ERROR,0x62fEA5d520370853503B80389Effb10A1a70Ee19,,,,,,,,,,,,,,,,,,,,,,,,,,,testnet autopilot curve trade,"transaction execution reverted | transaction execution reverted (action=""sendTransaction"", data=null, reason=null, invocation=null, revert=null, transaction={ ""data"": """", ""from"": ""0xA9fed88F7269b9E428a0062E410dEEd1244B7F5b"", ""to"": ""0x62fEA5d520370853503B80389Effb10A1a70Ee19"" }, receipt={ ""_type"": ""TransactionReceipt"", ""blobGasPrice"": null, ""blobGasUsed"": null, ""blockHash"": ""0xedcfb4d8afeed89473fdf",CALL_EXCEPTION,0xd8b7a5f06cdc684b8f97bd7691bb1cd7309ac8638781ceab93b33d2634897371
2026-09-05T04:38:41.821Z,ui,345,,0,ERROR,,,,,,,,,,,,,,,,,,,,,,,,,,,,testnet autopilot lyc trade,"ambiguous function description (i.e. matches ""mintWithEth()"", ""mintWithEth(address)"") | ambiguous function description (i.e. matches ""mintWithEth()"", ""mintWithEth(address)"") (argument=""key"", value=""mintWithEth"", code=INVALID_ARGUMENT, version=6.17.0)",INVALID_ARGUMENT,
2026-09-05T04:39:21.828Z,ui,346,,0,ERROR,0x62fEA5d520370853503B80389Effb10A1a70Ee19,,,,,,,,,,,,,,,,,,,,,,,,,,,testnet autopilot curve trade,"transaction execution reverted | transaction execution reverted (action=""sendTransaction"", data=null, reason=null, invocation=null, revert=null, transaction={ ""data"": """", ""from"": ""0xA9fed88F7269b9E428a0062E410dEEd1244B7F5b"", ""to"": ""0x62fEA5d520370853503B80389Effb10A1a70Ee19"" }, receipt={ ""_type"": ""TransactionReceipt"", ""blobGasPrice"": null, ""blobGasUsed"": null, ""blockHash"": ""0x3d9f4149cc97c4696e75a",CALL_EXCEPTION,0xd64fe577d483c973b0bbd3262cb1120b35cee55f5db074b95021684af3768b5b
2026-09-05T04:39:23.832Z,ui,347,,0,ERROR,,,,,,,,,,,,,,,,,,,,,,,,,,,,testnet autopilot lyc trade,"ambiguous function description (i.e. matches ""mintWithEth()"", ""mintWithEth(address)"") | ambiguous function description (i.e. matches ""mintWithEth()"", ""mintWithEth(address)"") (argument=""key"", value=""mintWithEth"", code=INVALID_ARGUMENT, version=6.17.0)",INVALID_ARGUMENT,
2026-09-05T04:39:30.850Z,ui,348,,0,ERROR,,,,,,,,,,,,,,,,,,,,,,,,,,,,testnet autopilot lyc trade,"ambiguous function description (i.e. matches ""mintWithEth()"", ""mintWithEth(address)"") | ambiguous function description (i.e. matches ""mintWithEth()"", ""mintWithEth(address)"") (argument=""key"", value=""mintWithEth"", code=INVALID_ARGUMENT, version=6.17.0)",INVALID_ARGUMENT,
2026-09-05T04:39:41.847Z,ui,349,,0,ERROR,,,,,,,,,,,,,,,,,,,,,,,,,,,,testnet autopilot lyc trade,"ambiguous function description (i.e. matches ""mintWithEth()"", ""mintWithEth(address)"") | ambiguous function description (i.e. matches ""mintWithEth()"", ""mintWithEth(address)"") (argument=""key"", value=""mintWithEth"", code=INVALID_ARGUMENT, version=6.17.0)",INVALID_ARGUMENT,
2026-09-05T04:39:47.822Z,ui,350,,0,ERROR,0x62fEA5d520370853503B80389Effb10A1a70Ee19,,,,,,,,,,,,,,,,,,,,,,,,,,,testnet autopilot curve trade,"transaction execution reverted | transaction execution reverted (action=""sendTransaction"", data=null, reason=null, invocation=null, revert=null, transaction={ ""data"": """", ""from"": ""0xA9fed88F7269b9E428a0062E410dEEd1244B7F5b"", ""to"": ""0x62fEA5d520370853503B80389Effb10A1a70Ee19"" }, receipt={ ""_type"": ""TransactionReceipt"", ""blobGasPrice"": null, ""blobGasUsed"": null, ""blockHash"": ""0xf8bcf2a36feffa5cb4eee",CALL_EXCEPTION,0x2cad81f093f5984ff4901c0c4a651b451eae0ee6e045c04bac849091cdeabc04
2026-09-05T04:39:49.817Z,ui,351,,0,ERROR,,,,,,,,,,,,,,,,,,,,,,,,,,,,testnet autopilot lyc trade,"ambiguous function description (i.e. matches ""mintWithEth()"", ""mintWithEth(address)"") | ambiguous function description (i.e. matches ""mintWithEth()"", ""mintWithEth(address)"") (argument=""key"", value=""mintWithEth"", code=INVALID_ARGUMENT, version=6.17.0)",INVALID_ARGUMENT,
2026-09-05T04:40:05.820Z,ui,352,,0,ERROR,0x62fEA5d520370853503B80389Effb10A1a70Ee19,,,,,,,,,,,,,,,,,,,,,,,,,,,testnet autopilot curve trade,"transaction execution reverted | transaction execution reverted (action=""sendTransaction"", data=null, reason=null, invocation=null, revert=null, transaction={ ""data"": """", ""from"": ""0xA9fed88F7269b9E428a0062E410dEEd1244B7F5b"", ""to"": ""0x62fEA5d520370853503B80389Effb10A1a70Ee19"" }, receipt={ ""_type"": ""TransactionReceipt"", ""blobGasPrice"": null, ""blobGasUsed"": null, ""blockHash"": ""0x6ed5129ed8a541aa8c20c",CALL_EXCEPTION,0x5fd2b0767d9fb6fd5a60ecb7686521f8dbd0694ed86724a282e850ac56dd1fbe
2026-09-05T04:40:16.825Z,ui,353,,0,ERROR,0x62fEA5d520370853503B80389Effb10A1a70Ee19,,,,,,,,,,,,,,,,,,,,,,,,,,,testnet autopilot curve trade,"transaction execution reverted | transaction execution reverted (action=""sendTransaction"", data=null, reason=null, invocation=null, revert=null, transaction={ ""data"": """", ""from"": ""0xA9fed88F7269b9E428a0062E410dEEd1244B7F5b"", ""to"": ""0x62fEA5d520370853503B80389Effb10A1a70Ee19"" }, receipt={ ""_type"": ""TransactionReceipt"", ""blobGasPrice"": null, ""blobGasUsed"": null, ""blockHash"": ""0xd32eef2d664b054b9c6d3",CALL_EXCEPTION,0x5ab4b3aebc50fe28df43c4863dd7ec6bd1c5722aaebac3f8416df7e817f6c516
2026-09-05T04:40:18.852Z,ui,354,,0,ERROR,,,,,,,,,,,,,,,,,,,,,,,,,,,,testnet autopilot lyc trade,"ambiguous function description (i.e. matches ""mintWithEth()"", ""mintWithEth(address)"") | ambiguous function description (i.e. matches ""mintWithEth()"", ""mintWithEth(address)"") (argument=""key"", value=""mintWithEth"", code=INVALID_ARGUMENT, version=6.17.0)",INVALID_ARGUMENT,
2026-09-05T04:40:29.822Z,ui,355,,0,ERROR,0x62fEA5d520370853503B80389Effb10A1a70Ee19,,,,,,,,,,,,,,,,,,,,,,,,,,,testnet autopilot curve trade,"transaction execution reverted | transaction execution reverted (action=""sendTransaction"", data=null, reason=null, invocation=null, revert=null, transaction={ ""data"": """", ""from"": ""0xA9fed88F7269b9E428a0062E410dEEd1244B7F5b"", ""to"": ""0x62fEA5d520370853503B80389Effb10A1a70Ee19"" }, receipt={ ""_type"": ""TransactionReceipt"", ""blobGasPrice"": null, ""blobGasUsed"": null, ""blockHash"": ""0x05749ee296c0a41d2522c",CALL_EXCEPTION,0xd4004d8015c23e6c1d3e782b56828fa1291b64cf52da69d0c210737d7ed86de7
2026-09-05T04:40:45.838Z,ui,356,,0,ERROR,0x62fEA5d520370853503B80389Effb10A1a70Ee19,,,,,,,,,,,,,,,,,,,,,,,,,,,testnet autopilot curve trade,"transaction execution reverted | transaction execution reverted (action=""sendTransaction"", data=null, reason=null, invocation=null, revert=null, transaction={ ""data"": """", ""from"": ""0xA9fed88F7269b9E428a0062E410dEEd1244B7F5b"", ""to"": ""0x62fEA5d520370853503B80389Effb10A1a70Ee19"" }, receipt={ ""_type"": ""TransactionReceipt"", ""blobGasPrice"": null, ""blobGasUsed"": null, ""blockHash"": ""0x81af2616b26435fb5a326",CALL_EXCEPTION,0x46d9910bd776fcf728bb62068dd6a7c74906dc95c7c0efde2813376ee3e672ad
2026-09-05T04:40:58.830Z,ui,357,,0,ERROR,,,,,,,,,,,,,,,,,,,,,,,,,,,,testnet autopilot lyc trade,"ambiguous function description (i.e. matches ""mintWithEth()"", ""mintWithEth(address)"") | ambiguous function description (i.e. matches ""mintWithEth()"", ""mintWithEth(address)"") (argument=""key"", value=""mintWithEth"", code=INVALID_ARGUMENT, version=6.17.0)",INVALID_ARGUMENT,
2026-09-05T04:41:14.817Z,ui,358,,0,ERROR,0x62fEA5d520370853503B80389Effb10A1a70Ee19,,,,,,,,,,,,,,,,,,,,,,,,,,,testnet autopilot curve trade,"transaction execution reverted | transaction execution reverted (action=""sendTransaction"", data=null, reason=null, invocation=null, revert=null, transaction={ ""data"": """", ""from"": ""0xA9fed88F7269b9E428a0062E410dEEd1244B7F5b"", ""to"": ""0x62fEA5d520370853503B80389Effb10A1a70Ee19"" }, receipt={ ""_type"": ""TransactionReceipt"", ""blobGasPrice"": null, ""blobGasUsed"": null, ""blockHash"": ""0xa08f87ccdd07a33e0cb58",CALL_EXCEPTION,0xc2c4780a86919b7f14b83c07a732cdf9ecb07976886e1620c6f7042cf6251fe7
2026-09-05T04:41:19.839Z,ui,359,,0,ERROR,,,,,,,,,,,,,,,,,,,,,,,,,,,,testnet autopilot lyc trade,"ambiguous function description (i.e. matches ""mintWithEth()"", ""mintWithEth(address)"") | ambiguous function description (i.e. matches ""mintWithEth()"", ""mintWithEth(address)"") (argument=""key"", value=""mintWithEth"", code=INVALID_ARGUMENT, version=6.17.0)",INVALID_ARGUMENT,
2026-09-05T04:41:30.814Z,ui,360,,0,ERROR,0x62fEA5d520370853503B80389Effb10A1a70Ee19,,,,,,,,,,,,,,,,,,,,,,,,,,,testnet autopilot curve trade,"transaction execution reverted | transaction execution reverted (action=""sendTransaction"", data=null, reason=null, invocation=null, revert=null, transaction={ ""data"": """", ""from"": ""0xA9fed88F7269b9E428a0062E410dEEd1244B7F5b"", ""to"": ""0x62fEA5d520370853503B80389Effb10A1a70Ee19"" }, receipt={ ""_type"": ""TransactionReceipt"", ""blobGasPrice"": null, ""blobGasUsed"": null, ""blockHash"": ""0x46763062cac610282980c",CALL_EXCEPTION,0x48af2a817d3b0db29777ac18fbd73d5581e19db8dc11125803794d3efdb0e98c
2026-09-05T04:41:43.824Z,ui,361,,0,ERROR,,,,,,,,,,,,,,,,,,,,,,,,,,,,testnet autopilot lyc trade,"ambiguous function description (i.e. matches ""mintWithEth()"", ""mintWithEth(address)"") | ambiguous function description (i.e. matches ""mintWithEth()"", ""mintWithEth(address)"") (argument=""key"", value=""mintWithEth"", code=INVALID_ARGUMENT, version=6.17.0)",INVALID_ARGUMENT,
2026-09-05T04:42:05.815Z,ui,362,,0,ERROR,0x62fEA5d520370853503B80389Effb10A1a70Ee19,,,,,,,,,,,,,,,,,,,,,,,,,,,testnet autopilot curve trade,"transaction execution reverted | transaction execution reverted (action=""sendTransaction"", data=null, reason=null, invocation=null, revert=null, transaction={ ""data"": """", ""from"": ""0xA9fed88F7269b9E428a0062E410dEEd1244B7F5b"", ""to"": ""0x62fEA5d520370853503B80389Effb10A1a70Ee19"" }, receipt={ ""_type"": ""TransactionReceipt"", ""blobGasPrice"": null, ""blobGasUsed"": null, ""blockHash"": ""0x5a982a11f4acc12e060fe",CALL_EXCEPTION,0xcf3e18d6a0524ebd46254b46a1503c30d4dd3b34784ee64102d230b8c9d00d9a
2026-09-05T04:42:21.823Z,ui,363,,0,ERROR,0x62fEA5d520370853503B80389Effb10A1a70Ee19,,,,,,,,,,,,,,,,,,,,,,,,,,,testnet autopilot curve trade,"transaction execution reverted | transaction execution reverted (action=""sendTransaction"", data=null, reason=null, invocation=null, revert=null, transaction={ ""data"": """", ""from"": ""0xA9fed88F7269b9E428a0062E410dEEd1244B7F5b"", ""to"": ""0x62fEA5d520370853503B80389Effb10A1a70Ee19"" }, receipt={ ""_type"": ""TransactionReceipt"", ""blobGasPrice"": null, ""blobGasUsed"": null, ""blockHash"": ""0xe14f9cf0c934435b6ef49",CALL_EXCEPTION,0xafe93323ca96c3b705194b076045fd5621df8c8b29c9f65d8b3af442e3671cff
2026-09-05T04:42:37.843Z,ui,364,,0,ERROR,0x62fEA5d520370853503B80389Effb10A1a70Ee19,,,,,,,,,,,,,,,,,,,,,,,,,,,testnet autopilot curve trade,"transaction execution reverted | transaction execution reverted (action=""sendTransaction"", data=null, reason=null, invocation=null, revert=null, transaction={ ""data"": """", ""from"": ""0xA9fed88F7269b9E428a0062E410dEEd1244B7F5b"", ""to"": ""0x62fEA5d520370853503B80389Effb10A1a70Ee19"" }, receipt={ ""_type"": ""TransactionReceipt"", ""blobGasPrice"": null, ""blobGasUsed"": null, ""blockHash"": ""0x570f1c8766eadb3d98d36",CALL_EXCEPTION,0xd22fc23c1e7460db59d1f3c5d07fbb46af8f59d4f2cf2278957c5d6e26200152
2026-09-05T04:42:39.840Z,ui,365,,0,ERROR,,,,,,,,,,,,,,,,,,,,,,,,,,,,testnet autopilot lyc trade,"ambiguous function description (i.e. matches ""mintWithEth()"", ""mintWithEth(address)"") | ambiguous function description (i.e. matches ""mintWithEth()"", ""mintWithEth(address)"") (argument=""key"", value=""mintWithEth"", code=INVALID_ARGUMENT, version=6.17.0)",INVALID_ARGUMENT,
2026-09-05T04:42:58.818Z,ui,366,,0,ERROR,0x62fEA5d520370853503B80389Effb10A1a70Ee19,,,,,,,,,,,,,,,,,,,,,,,,,,,testnet autopilot curve trade,"transaction execution reverted | transaction execution reverted (action=""sendTransaction"", data=null, reason=null, invocation=null, revert=null, transaction={ ""data"": """", ""from"": ""0xA9fed88F7269b9E428a0062E410dEEd1244B7F5b"", ""to"": ""0x62fEA5d520370853503B80389Effb10A1a70Ee19"" }, receipt={ ""_type"": ""TransactionReceipt"", ""blobGasPrice"": null, ""blobGasUsed"": null, ""blockHash"": ""0x334237b82fcf602c268a4",CALL_EXCEPTION,0xbcce181f99aed5bbbde7cbd7f7e1c8805afccc861488350e8f5a63f72bf450e8
2026-09-05T04:43:14.815Z,ui,367,,0,ERROR,0x62fEA5d520370853503B80389Effb10A1a70Ee19,,,,,,,,,,,,,,,,,,,,,,,,,,,testnet autopilot curve trade,"transaction execution reverted | transaction execution reverted (action=""sendTransaction"", data=null, reason=null, invocation=null, revert=null, transaction={ ""data"": """", ""from"": ""0xA9fed88F7269b9E428a0062E410dEEd1244B7F5b"", ""to"": ""0x62fEA5d520370853503B80389Effb10A1a70Ee19"" }, receipt={ ""_type"": ""TransactionReceipt"", ""blobGasPrice"": null, ""blobGasUsed"": null, ""blockHash"": ""0xa15ec4c40f0b7264190c3",CALL_EXCEPTION,0x89889b020ea8d1724e5582ba3a0c160c8b120ff5e53c41cc0ba42f8e552d1d50
2026-09-05T04:43:24.881Z,ui,368,,0,ERROR,,,,,,,,,,,,,,,,,,,,,,,,,,,,testnet autopilot lyc trade,"ambiguous function description (i.e. matches ""mintWithEth()"", ""mintWithEth(address)"") | ambiguous function description (i.e. matches ""mintWithEth()"", ""mintWithEth(address)"") (argument=""key"", value=""mintWithEth"", code=INVALID_ARGUMENT, version=6.17.0)",INVALID_ARGUMENT,
2026-09-05T04:43:33.826Z,ui,369,,0,ERROR,0x62fEA5d520370853503B80389Effb10A1a70Ee19,,,,,,,,,,,,,,,,,,,,,,,,,,,testnet autopilot curve trade,"transaction execution reverted | transaction execution reverted (action=""sendTransaction"", data=null, reason=null, invocation=null, revert=null, transaction={ ""data"": """", ""from"": ""0xA9fed88F7269b9E428a0062E410dEEd1244B7F5b"", ""to"": ""0x62fEA5d520370853503B80389Effb10A1a70Ee19"" }, receipt={ ""_type"": ""TransactionReceipt"", ""blobGasPrice"": null, ""blobGasUsed"": null, ""blockHash"": ""0x577fd1a4462d85261d878",CALL_EXCEPTION,0xd3928ad6555523b95765e0e440a459558d3be027672442399ce6550c6d0b86da
2026-09-05T04:43:35.832Z,ui,370,,0,ERROR,,,,,,,,,,,,,,,,,,,,,,,,,,,,testnet autopilot lyc trade,"ambiguous function description (i.e. matches ""mintWithEth()"", ""mintWithEth(address)"") | ambiguous function description (i.e. matches ""mintWithEth()"", ""mintWithEth(address)"") (argument=""key"", value=""mintWithEth"", code=INVALID_ARGUMENT, version=6.17.0)",INVALID_ARGUMENT,
2026-09-05T04:43:35.833Z,ui,371,,0,ERROR,,,,,,,,,,,,,,,,,,,,,,,,,,,,testnet autopilot lyc trade,"ambiguous function description (i.e. matches ""mintWithEth()"", ""mintWithEth(address)"") | ambiguous function description (i.e. matches ""mintWithEth()"", ""mintWithEth(address)"") (argument=""key"", value=""mintWithEth"", code=INVALID_ARGUMENT, version=6.17.0)",INVALID_ARGUMENT,
2026-09-05T04:43:54.978Z,ui,372,,0,ERROR,0x62fEA5d520370853503B80389Effb10A1a70Ee19,,,,,,,,,,,,,,,,,,,,,,,,,,,testnet autopilot curve trade,"transaction execution reverted | transaction execution reverted (action=""sendTransaction"", data=null, reason=null, invocation=null, revert=null, transaction={ ""data"": """", ""from"": ""0xA9fed88F7269b9E428a0062E410dEEd1244B7F5b"", ""to"": ""0x62fEA5d520370853503B80389Effb10A1a70Ee19"" }, receipt={ ""_type"": ""TransactionReceipt"", ""blobGasPrice"": null, ""blobGasUsed"": null, ""blockHash"": ""0xc228b14b2bb1068193322",CALL_EXCEPTION,0x6ec75388152287d2e4c8326fbb1c6e5978f5c8f3118a3732b1f58105afd40dcd
2026-09-05T04:44:05.818Z,ui,373,,0,ERROR,0x62fEA5d520370853503B80389Effb10A1a70Ee19,,,,,,,,,,,,,,,,,,,,,,,,,,,testnet autopilot curve trade,"transaction execution reverted | transaction execution reverted (action=""sendTransaction"", data=null, reason=null, invocation=null, revert=null, transaction={ ""data"": """", ""from"": ""0xA9fed88F7269b9E428a0062E410dEEd1244B7F5b"", ""to"": ""0x62fEA5d520370853503B80389Effb10A1a70Ee19"" }, receipt={ ""_type"": ""TransactionReceipt"", ""blobGasPrice"": null, ""blobGasUsed"": null, ""blockHash"": ""0x65fd95ac8f7f806ec79ed",CALL_EXCEPTION,0xca1649b086af6828cb735bc47e0966f5944e2eb3bcb70014497767f7bd23a286
2026-09-05T04:44:19.828Z,ui,374,,0,ERROR,,,,,,,,,,,,,,,,,,,,,,,,,,,,testnet autopilot lyc trade,"ambiguous function description (i.e. matches ""mintWithEth()"", ""mintWithEth(address)"") | ambiguous function description (i.e. matches ""mintWithEth()"", ""mintWithEth(address)"") (argument=""key"", value=""mintWithEth"", code=INVALID_ARGUMENT, version=6.17.0)",INVALID_ARGUMENT,
2026-09-05T04:44:21.822Z,ui,375,,0,ERROR,0x62fEA5d520370853503B80389Effb10A1a70Ee19,,,,,,,,,,,,,,,,,,,,,,,,,,,testnet autopilot curve trade,"transaction execution reverted | transaction execution reverted (action=""sendTransaction"", data=null, reason=null, invocation=null, revert=null, transaction={ ""data"": """", ""from"": ""0xA9fed88F7269b9E428a0062E410dEEd1244B7F5b"", ""to"": ""0x62fEA5d520370853503B80389Effb10A1a70Ee19"" }, receipt={ ""_type"": ""TransactionReceipt"", ""blobGasPrice"": null, ""blobGasUsed"": null, ""blockHash"": ""0x6e10139e47d7cff1a78ab",CALL_EXCEPTION,0x4f740abd9b32bfdbb8df7f01bd50d4af4c795a9a8a27401f956893b490aae9e5
2026-09-05T04:44:23.824Z,ui,376,,0,ERROR,,,,,,,,,,,,,,,,,,,,,,,,,,,,testnet autopilot lyc trade,"ambiguous function description (i.e. matches ""mintWithEth()"", ""mintWithEth(address)"") | ambiguous function description (i.e. matches ""mintWithEth()"", ""mintWithEth(address)"") (argument=""key"", value=""mintWithEth"", code=INVALID_ARGUMENT, version=6.17.0)",INVALID_ARGUMENT,
2026-09-05T04:44:34.832Z,ui,377,,0,ERROR,0x62fEA5d520370853503B80389Effb10A1a70Ee19,,,,,,,,,,,,,,,,,,,,,,,,,,,testnet autopilot curve trade,"transaction execution reverted | transaction execution reverted (action=""sendTransaction"", data=null, reason=null, invocation=null, revert=null, transaction={ ""data"": """", ""from"": ""0xA9fed88F7269b9E428a0062E410dEEd1244B7F5b"", ""to"": ""0x62fEA5d520370853503B80389Effb10A1a70Ee19"" }, receipt={ ""_type"": ""TransactionReceipt"", ""blobGasPrice"": null, ""blobGasUsed"": null, ""blockHash"": ""0xf84546a6216b5eca6fb7f",CALL_EXCEPTION,0x6155545900f0d204d4145e1bcc0d40d4c0ef02d831799a7613ebd5ab7595e60f
2026-09-05T04:44:50.832Z,ui,378,,0,ERROR,0x62fEA5d520370853503B80389Effb10A1a70Ee19,,,,,,,,,,,,,,,,,,,,,,,,,,,testnet autopilot curve trade,"transaction execution reverted | transaction execution reverted (action=""sendTransaction"", data=null, reason=null, invocation=null, revert=null, transaction={ ""data"": """", ""from"": ""0xA9fed88F7269b9E428a0062E410dEEd1244B7F5b"", ""to"": ""0x62fEA5d520370853503B80389Effb10A1a70Ee19"" }, receipt={ ""_type"": ""TransactionReceipt"", ""blobGasPrice"": null, ""blobGasUsed"": null, ""blockHash"": ""0xfda3d604c782ecf4ebb98",CALL_EXCEPTION,0xb1c1d7b90486542bf664575015681d451d8e0e482263f8d052e2009e72a67921
2026-09-05T04:44:52.941Z,ui,379,,0,ERROR,,,,,,,,,,,,,,,,,,,,,,,,,,,,testnet autopilot lyc trade,"ambiguous function description (i.e. matches ""mintWithEth()"", ""mintWithEth(address)"") | ambiguous function description (i.e. matches ""mintWithEth()"", ""mintWithEth(address)"") (argument=""key"", value=""mintWithEth"", code=INVALID_ARGUMENT, version=6.17.0)",INVALID_ARGUMENT,
2026-09-05T04:45:14.820Z,ui,380,,0,ERROR,0x62fEA5d520370853503B80389Effb10A1a70Ee19,,,,,,,,,,,,,,,,,,,,,,,,,,,testnet autopilot curve trade,"transaction execution reverted | transaction execution reverted (action=""sendTransaction"", data=null, reason=null, invocation=null, revert=null, transaction={ ""data"": """", ""from"": ""0xA9fed88F7269b9E428a0062E410dEEd1244B7F5b"", ""to"": ""0x62fEA5d520370853503B80389Effb10A1a70Ee19"" }, receipt={ ""_type"": ""TransactionReceipt"", ""blobGasPrice"": null, ""blobGasUsed"": null, ""blockHash"": ""0x0244f8935c6dd6f7a66c8",CALL_EXCEPTION,0x253e01b525fc9d0d1bc940bdc8c74d2f3948b9fa3d473dce7a6fc9f2a7a33b27
2026-09-05T04:45:27.834Z,ui,381,,0,ERROR,,,,,,,,,,,,,,,,,,,,,,,,,,,,testnet autopilot lyc trade,"ambiguous function description (i.e. matches ""mintWithEth()"", ""mintWithEth(address)"") | ambiguous function description (i.e. matches ""mintWithEth()"", ""mintWithEth(address)"") (argument=""key"", value=""mintWithEth"", code=INVALID_ARGUMENT, version=6.17.0)",INVALID_ARGUMENT,
2026-09-05T04:45:56.817Z,ui,382,,0,ERROR,0x62fEA5d520370853503B80389Effb10A1a70Ee19,,,,,,,,,,,,,,,,,,,,,,,,,,,testnet autopilot curve trade,"transaction execution reverted | transaction execution reverted (action=""sendTransaction"", data=null, reason=null, invocation=null, revert=null, transaction={ ""data"": """", ""from"": ""0xA9fed88F7269b9E428a0062E410dEEd1244B7F5b"", ""to"": ""0x62fEA5d520370853503B80389Effb10A1a70Ee19"" }, receipt={ ""_type"": ""TransactionReceipt"", ""blobGasPrice"": null, ""blobGasUsed"": null, ""blockHash"": ""0x70258cea7c4985c378e49",CALL_EXCEPTION,0xd101cd52d444806b4b151b2c94ac8229f0845c3aa7576631ba72626af00271d8
2026-09-05T04:46:15.818Z,ui,383,,0,ERROR,0x62fEA5d520370853503B80389Effb10A1a70Ee19,,,,,,,,,,,,,,,,,,,,,,,,,,,testnet autopilot curve trade,"transaction execution reverted | transaction execution reverted (action=""sendTransaction"", data=null, reason=null, invocation=null, revert=null, transaction={ ""data"": """", ""from"": ""0xA9fed88F7269b9E428a0062E410dEEd1244B7F5b"", ""to"": ""0x62fEA5d520370853503B80389Effb10A1a70Ee19"" }, receipt={ ""_type"": ""TransactionReceipt"", ""blobGasPrice"": null, ""blobGasUsed"": null, ""blockHash"": ""0x3c8bb8aa634236b578fee",CALL_EXCEPTION,0xc94bb33e01416779e7354903cbaf445123c87ec149c2a6e5916217914e763804
2026-09-05T04:46:17.839Z,ui,384,,0,ERROR,,,,,,,,,,,,,,,,,,,,,,,,,,,,testnet autopilot lyc trade,"ambiguous function description (i.e. matches ""mintWithEth()"", ""mintWithEth(address)"") | ambiguous function description (i.e. matches ""mintWithEth()"", ""mintWithEth(address)"") (argument=""key"", value=""mintWithEth"", code=INVALID_ARGUMENT, version=6.17.0)",INVALID_ARGUMENT,
2026-09-05T04:46:46.822Z,ui,385,,0,ERROR,,,,,,,,,,,,,,,,,,,,,,,,,,,,testnet autopilot lyc trade,"ambiguous function description (i.e. matches ""mintWithEth()"", ""mintWithEth(address)"") | ambiguous function description (i.e. matches ""mintWithEth()"", ""mintWithEth(address)"") (argument=""key"", value=""mintWithEth"", code=INVALID_ARGUMENT, version=6.17.0)",INVALID_ARGUMENT,
2026-09-05T04:47:19.833Z,ui,386,,0,ERROR,0x62fEA5d520370853503B80389Effb10A1a70Ee19,,,,,,,,,,,,,,,,,,,,,,,,,,,testnet autopilot curve trade,"transaction execution reverted | transaction execution reverted (action=""sendTransaction"", data=null, reason=null, invocation=null, revert=null, transaction={ ""data"": """", ""from"": ""0xA9fed88F7269b9E428a0062E410dEEd1244B7F5b"", ""to"": ""0x62fEA5d520370853503B80389Effb10A1a70Ee19"" }, receipt={ ""_type"": ""TransactionReceipt"", ""blobGasPrice"": null, ""blobGasUsed"": null, ""blockHash"": ""0x13b4d8c6c2a3499ea865b",CALL_EXCEPTION,0x2ee8128d7020a8a055f878df6d1cacd658fbc34b45246ab6acdef9e4e137dc5e
2026-09-05T04:47:21.936Z,ui,387,,0,ERROR,,,,,,,,,,,,,,,,,,,,,,,,,,,,testnet autopilot lyc trade,"ambiguous function description (i.e. matches ""mintWithEth()"", ""mintWithEth(address)"") | ambiguous function description (i.e. matches ""mintWithEth()"", ""mintWithEth(address)"") (argument=""key"", value=""mintWithEth"", code=INVALID_ARGUMENT, version=6.17.0)",INVALID_ARGUMENT,
2026-09-05T04:47:34.840Z,ui,388,,0,ERROR,,,,,,,,,,,,,,,,,,,,,,,,,,,,testnet autopilot lyc trade,"ambiguous function description (i.e. matches ""mintWithEth()"", ""mintWithEth(address)"") | ambiguous function description (i.e. matches ""mintWithEth()"", ""mintWithEth(address)"") (argument=""key"", value=""mintWithEth"", code=INVALID_ARGUMENT, version=6.17.0)",INVALID_ARGUMENT,
2026-09-05T04:47:41.835Z,ui,389,,0,ERROR,0x62fEA5d520370853503B80389Effb10A1a70Ee19,,,,,,,,,,,,,,,,,,,,,,,,,,,testnet autopilot curve trade,"transaction execution reverted | transaction execution reverted (action=""sendTransaction"", data=null, reason=null, invocation=null, revert=null, transaction={ ""data"": """", ""from"": ""0xA9fed88F7269b9E428a0062E410dEEd1244B7F5b"", ""to"": ""0x62fEA5d520370853503B80389Effb10A1a70Ee19"" }, receipt={ ""_type"": ""TransactionReceipt"", ""blobGasPrice"": null, ""blobGasUsed"": null, ""blockHash"": ""0xfe3acfedc89a2315fc28e",CALL_EXCEPTION,0xe46e33ed4d43e3faf6780d60550f001056539ecc7d8e8d0457ee6c0cf5dc3eab
2026-09-05T04:48:18.872Z,ui,390,,0,ERROR,,,,,,,,,,,,,,,,,,,,,,,,,,,,testnet autopilot lyc trade,"ambiguous function description (i.e. matches ""mintWithEth()"", ""mintWithEth(address)"") | ambiguous function description (i.e. matches ""mintWithEth()"", ""mintWithEth(address)"") (argument=""key"", value=""mintWithEth"", code=INVALID_ARGUMENT, version=6.17.0)",INVALID_ARGUMENT,
2026-09-05T04:48:19.858Z,ui,391,,0,ERROR,,,,,,,,,,,,,,,,,,,,,,,,,,,,testnet autopilot lyc trade,"ambiguous function description (i.e. matches ""mintWithEth()"", ""mintWithEth(address)"") | ambiguous function description (i.e. matches ""mintWithEth()"", ""mintWithEth(address)"") (argument=""key"", value=""mintWithEth"", code=INVALID_ARGUMENT, version=6.17.0)",INVALID_ARGUMENT,
2026-09-05T04:48:40.898Z,ui,392,,0,ERROR,0x62fEA5d520370853503B80389Effb10A1a70Ee19,,,,,,,,,,,,,,,,,,,,,,,,,,,testnet autopilot curve trade,"transaction execution reverted | transaction execution reverted (action=""sendTransaction"", data=null, reason=null, invocation=null, revert=null, transaction={ ""data"": """", ""from"": ""0xA9fed88F7269b9E428a0062E410dEEd1244B7F5b"", ""to"": ""0x62fEA5d520370853503B80389Effb10A1a70Ee19"" }, receipt={ ""_type"": ""TransactionReceipt"", ""blobGasPrice"": null, ""blobGasUsed"": null, ""blockHash"": ""0x04f5b57ef3a3f1250ea1d",CALL_EXCEPTION,0xfb6111895355ff8e2c574ab233e71852f8ff7a482f0d37338fce9459db066806
2026-09-05T04:48:59.858Z,ui,393,,0,ERROR,0x62fEA5d520370853503B80389Effb10A1a70Ee19,,,,,,,,,,,,,,,,,,,,,,,,,,,testnet autopilot curve trade,"transaction execution reverted | transaction execution reverted (action=""sendTransaction"", data=null, reason=null, invocation=null, revert=null, transaction={ ""data"": """", ""from"": ""0xA9fed88F7269b9E428a0062E410dEEd1244B7F5b"", ""to"": ""0x62fEA5d520370853503B80389Effb10A1a70Ee19"" }, receipt={ ""_type"": ""TransactionReceipt"", ""blobGasPrice"": null, ""blobGasUsed"": null, ""blockHash"": ""0x353602596839ca8f00bad",CALL_EXCEPTION,0x36eaef1c7214242e1602123e03989c785edf53c1db0871db7815c1070cedf47d
2026-09-05T04:49:01.873Z,ui,394,,0,ERROR,,,,,,,,,,,,,,,,,,,,,,,,,,,,testnet autopilot lyc trade,"ambiguous function description (i.e. matches ""mintWithEth()"", ""mintWithEth(address)"") | ambiguous function description (i.e. matches ""mintWithEth()"", ""mintWithEth(address)"") (argument=""key"", value=""mintWithEth"", code=INVALID_ARGUMENT, version=6.17.0)",INVALID_ARGUMENT,
2026-09-05T04:49:34.853Z,ui,395,,0,ERROR,0x62fEA5d520370853503B80389Effb10A1a70Ee19,,,,,,,,,,,,,,,,,,,,,,,,,,,testnet autopilot curve trade,"transaction execution reverted | transaction execution reverted (action=""sendTransaction"", data=null, reason=null, invocation=null, revert=null, transaction={ ""data"": """", ""from"": ""0xA9fed88F7269b9E428a0062E410dEEd1244B7F5b"", ""to"": ""0x62fEA5d520370853503B80389Effb10A1a70Ee19"" }, receipt={ ""_type"": ""TransactionReceipt"", ""blobGasPrice"": null, ""blobGasUsed"": null, ""blockHash"": ""0xb18cc07141d57647ec041",CALL_EXCEPTION,0x46e7a99282e110f575cccc77378a950a86379793cdb9ad363b4475e918cd5b15
2026-09-05T04:49:42.844Z,ui,396,,0,ERROR,0x62fEA5d520370853503B80389Effb10A1a70Ee19,,,,,,,,,,,,,,,,,,,,,,,,,,,testnet autopilot curve trade,"transaction execution reverted | transaction execution reverted (action=""sendTransaction"", data=null, reason=null, invocation=null, revert=null, transaction={ ""data"": """", ""from"": ""0xA9fed88F7269b9E428a0062E410dEEd1244B7F5b"", ""to"": ""0x62fEA5d520370853503B80389Effb10A1a70Ee19"" }, receipt={ ""_type"": ""TransactionReceipt"", ""blobGasPrice"": null, ""blobGasUsed"": null, ""blockHash"": ""0x8083941c421001252b21d",CALL_EXCEPTION,0xe1ecf86505eb1f4ea29806f580eacea0482300a2abda826cdfc86b8a423a1191
2026-09-05T04:49:44.858Z,ui,397,,0,ERROR,,,,,,,,,,,,,,,,,,,,,,,,,,,,testnet autopilot lyc trade,"ambiguous function description (i.e. matches ""mintWithEth()"", ""mintWithEth(address)"") | ambiguous function description (i.e. matches ""mintWithEth()"", ""mintWithEth(address)"") (argument=""key"", value=""mintWithEth"", code=INVALID_ARGUMENT, version=6.17.0)",INVALID_ARGUMENT,
2026-09-05T04:49:52.841Z,ui,398,,0,ERROR,0x62fEA5d520370853503B80389Effb10A1a70Ee19,,,,,,,,,,,,,,,,,,,,,,,,,,,testnet autopilot curve trade,"transaction execution reverted | transaction execution reverted (action=""sendTransaction"", data=null, reason=null, invocation=null, revert=null, transaction={ ""data"": """", ""from"": ""0xA9fed88F7269b9E428a0062E410dEEd1244B7F5b"", ""to"": ""0x62fEA5d520370853503B80389Effb10A1a70Ee19"" }, receipt={ ""_type"": ""TransactionReceipt"", ""blobGasPrice"": null, ""blobGasUsed"": null, ""blockHash"": ""0xd3c2656b36c1931fb2aa3",CALL_EXCEPTION,0xf656111bf95efa38b6e84797b2ad871467d4b682e0425e8e8307cd177f434ad7
2026-09-05T04:50:03.864Z,ui,399,,0,ERROR,0x62fEA5d520370853503B80389Effb10A1a70Ee19,,,,,,,,,,,,,,,,,,,,,,,,,,,testnet autopilot curve trade,"transaction execution reverted | transaction execution reverted (action=""sendTransaction"", data=null, reason=null, invocation=null, revert=null, transaction={ ""data"": """", ""from"": ""0xA9fed88F7269b9E428a0062E410dEEd1244B7F5b"", ""to"": ""0x62fEA5d520370853503B80389Effb10A1a70Ee19"" }, receipt={ ""_type"": ""TransactionReceipt"", ""blobGasPrice"": null, ""blobGasUsed"": null, ""blockHash"": ""0x90e7d3683259facb12f7c",CALL_EXCEPTION,0x10c7d5457b828cc32c3f76ebb1bb5d83f49b8a4b6118a66b0697df6e56bac1c9
2026-09-05T04:50:14.858Z,ui,400,,0,ERROR,0x62fEA5d520370853503B80389Effb10A1a70Ee19,,,,,,,,,,,,,,,,,,,,,,,,,,,testnet autopilot curve trade,"transaction execution reverted | transaction execution reverted (action=""sendTransaction"", data=null, reason=null, invocation=null, revert=null, transaction={ ""data"": """", ""from"": ""0xA9fed88F7269b9E428a0062E410dEEd1244B7F5b"", ""to"": ""0x62fEA5d520370853503B80389Effb10A1a70Ee19"" }, receipt={ ""_type"": ""TransactionReceipt"", ""blobGasPrice"": null, ""blobGasUsed"": null, ""blockHash"": ""0x65c2f92c58edfd434de37",CALL_EXCEPTION,0xa7969efb6b54f8faeeba46bc55829442b1b65afcda40aa9be7f8fcb50c4eb062
2026-09-05T04:50:16.864Z,ui,401,,0,ERROR,,,,,,,,,,,,,,,,,,,,,,,,,,,,testnet autopilot lyc trade,"ambiguous function description (i.e. matches ""mintWithEth()"", ""mintWithEth(address)"") | ambiguous function description (i.e. matches ""mintWithEth()"", ""mintWithEth(address)"") (argument=""key"", value=""mintWithEth"", code=INVALID_ARGUMENT, version=6.17.0)",INVALID_ARGUMENT,
2026-09-05T04:50:19.876Z,ui,402,,0,ERROR,,,,,,,,,,,,,,,,,,,,,,,,,,,,testnet autopilot lyc trade,"ambiguous function description (i.e. matches ""mintWithEth()"", ""mintWithEth(address)"") | ambiguous function description (i.e. matches ""mintWithEth()"", ""mintWithEth(address)"") (argument=""key"", value=""mintWithEth"", code=INVALID_ARGUMENT, version=6.17.0)",INVALID_ARGUMENT,
2026-09-05T04:50:38.851Z,ui,403,,0,ERROR,0x62fEA5d520370853503B80389Effb10A1a70Ee19,,,,,,,,,,,,,,,,,,,,,,,,,,,testnet autopilot curve trade,"transaction execution reverted | transaction execution reverted (action=""sendTransaction"", data=null, reason=null, invocation=null, revert=null, transaction={ ""data"": """", ""from"": ""0xA9fed88F7269b9E428a0062E410dEEd1244B7F5b"", ""to"": ""0x62fEA5d520370853503B80389Effb10A1a70Ee19"" }, receipt={ ""_type"": ""TransactionReceipt"", ""blobGasPrice"": null, ""blobGasUsed"": null, ""blockHash"": ""0x2e0cfab8228c7ee4d72f1",CALL_EXCEPTION,0x854f0f9b00507b7067428b89b6040117b807329e98753dcbd4222864d240847a
2026-09-05T04:50:40.872Z,ui,404,,0,ERROR,,,,,,,,,,,,,,,,,,,,,,,,,,,,testnet autopilot lyc trade,"ambiguous function description (i.e. matches ""mintWithEth()"", ""mintWithEth(address)"") | ambiguous function description (i.e. matches ""mintWithEth()"", ""mintWithEth(address)"") (argument=""key"", value=""mintWithEth"", code=INVALID_ARGUMENT, version=6.17.0)",INVALID_ARGUMENT,
2026-09-05T04:50:42.862Z,ui,405,,0,ERROR,,,,,,,,,,,,,,,,,,,,,,,,,,,,testnet autopilot lyc trade,"ambiguous function description (i.e. matches ""mintWithEth()"", ""mintWithEth(address)"") | ambiguous function description (i.e. matches ""mintWithEth()"", ""mintWithEth(address)"") (argument=""key"", value=""mintWithEth"", code=INVALID_ARGUMENT, version=6.17.0)",INVALID_ARGUMENT,
2026-09-05T04:50:44.854Z,ui,406,,0,ERROR,,,,,,,,,,,,,,,,,,,,,,,,,,,,testnet autopilot lyc trade,"ambiguous function description (i.e. matches ""mintWithEth()"", ""mintWithEth(address)"") | ambiguous function description (i.e. matches ""mintWithEth()"", ""mintWithEth(address)"") (argument=""key"", value=""mintWithEth"", code=INVALID_ARGUMENT, version=6.17.0)",INVALID_ARGUMENT,
2026-09-05T04:50:46.877Z,ui,407,,0,ERROR,,,,,,,,,,,,,,,,,,,,,,,,,,,,testnet autopilot lyc trade,"ambiguous function description (i.e. matches ""mintWithEth()"", ""mintWithEth(address)"") | ambiguous function description (i.e. matches ""mintWithEth()"", ""mintWithEth(address)"") (argument=""key"", value=""mintWithEth"", code=INVALID_ARGUMENT, version=6.17.0)",INVALID_ARGUMENT,
2026-09-05T04:50:48.854Z,ui,408,,0,ERROR,,,,,,,,,,,,,,,,,,,,,,,,,,,,testnet autopilot lyc trade,"ambiguous function description (i.e. matches ""mintWithEth()"", ""mintWithEth(address)"") | ambiguous function description (i.e. matches ""mintWithEth()"", ""mintWithEth(address)"") (argument=""key"", value=""mintWithEth"", code=INVALID_ARGUMENT, version=6.17.0)",INVALID_ARGUMENT,
2026-09-05T04:50:50.866Z,ui,409,,0,ERROR,,,,,,,,,,,,,,,,,,,,,,,,,,,,testnet autopilot lyc trade,"ambiguous function description (i.e. matches ""mintWithEth()"", ""mintWithEth(address)"") | ambiguous function description (i.e. matches ""mintWithEth()"", ""mintWithEth(address)"") (argument=""key"", value=""mintWithEth"", code=INVALID_ARGUMENT, version=6.17.0)",INVALID_ARGUMENT,
2026-09-05T04:50:52.858Z,ui,410,,0,ERROR,,,,,,,,,,,,,,,,,,,,,,,,,,,,testnet autopilot lyc trade,"ambiguous function description (i.e. matches ""mintWithEth()"", ""mintWithEth(address)"") | ambiguous function description (i.e. matches ""mintWithEth()"", ""mintWithEth(address)"") (argument=""key"", value=""mintWithEth"", code=INVALID_ARGUMENT, version=6.17.0)",INVALID_ARGUMENT,
2026-09-05T04:50:54.868Z,ui,411,,0,ERROR,,,,,,,,,,,,,,,,,,,,,,,,,,,,testnet autopilot lyc trade,"ambiguous function description (i.e. matches ""mintWithEth()"", ""mintWithEth(address)"") | ambiguous function description (i.e. matches ""mintWithEth()"", ""mintWithEth(address)"") (argument=""key"", value=""mintWithEth"", code=INVALID_ARGUMENT, version=6.17.0)",INVALID_ARGUMENT,
2026-09-05T04:50:56.856Z,ui,412,,0,ERROR,,,,,,,,,,,,,,,,,,,,,,,,,,,,testnet autopilot lyc trade,"ambiguous function description (i.e. matches ""mintWithEth()"", ""mintWithEth(address)"") | ambiguous function description (i.e. matches ""mintWithEth()"", ""mintWithEth(address)"") (argument=""key"", value=""mintWithEth"", code=INVALID_ARGUMENT, version=6.17.0)",INVALID_ARGUMENT,
2026-09-05T04:50:58.867Z,ui,413,,0,ERROR,,,,,,,,,,,,,,,,,,,,,,,,,,,,testnet autopilot lyc trade,"ambiguous function description (i.e. matches ""mintWithEth()"", ""mintWithEth(address)"") | ambiguous function description (i.e. matches ""mintWithEth()"", ""mintWithEth(address)"") (argument=""key"", value=""mintWithEth"", code=INVALID_ARGUMENT, version=6.17.0)",INVALID_ARGUMENT,
2026-09-05T04:51:01.169Z,ui,414,,0,ERROR,,,,,,,,,,,,,,,,,,,,,,,,,,,,testnet autopilot lyc trade,"ambiguous function description (i.e. matches ""mintWithEth()"", ""mintWithEth(address)"") | ambiguous function description (i.e. matches ""mintWithEth()"", ""mintWithEth(address)"") (argument=""key"", value=""mintWithEth"", code=INVALID_ARGUMENT, version=6.17.0)",INVALID_ARGUMENT,
2026-09-05T04:51:02.857Z,ui,415,,0,ERROR,,,,,,,,,,,,,,,,,,,,,,,,,,,,testnet autopilot lyc trade,"ambiguous function description (i.e. matches ""mintWithEth()"", ""mintWithEth(address)"") | ambiguous function description (i.e. matches ""mintWithEth()"", ""mintWithEth(address)"") (argument=""key"", value=""mintWithEth"", code=INVALID_ARGUMENT, version=6.17.0)",INVALID_ARGUMENT,
2026-09-05T04:51:04.868Z,ui,416,,0,ERROR,,,,,,,,,,,,,,,,,,,,,,,,,,,,testnet autopilot lyc trade,"ambiguous function description (i.e. matches ""mintWithEth()"", ""mintWithEth(address)"") | ambiguous function description (i.e. matches ""mintWithEth()"", ""mintWithEth(address)"") (argument=""key"", value=""mintWithEth"", code=INVALID_ARGUMENT, version=6.17.0)",INVALID_ARGUMENT,
2026-09-05T04:51:06.993Z,ui,417,,0,ERROR,,,,,,,,,,,,,,,,,,,,,,,,,,,,testnet autopilot lyc trade,"ambiguous function description (i.e. matches ""mintWithEth()"", ""mintWithEth(address)"") | ambiguous function description (i.e. matches ""mintWithEth()"", ""mintWithEth(address)"") (argument=""key"", value=""mintWithEth"", code=INVALID_ARGUMENT, version=6.17.0)",INVALID_ARGUMENT,
2026-09-05T04:51:08.867Z,ui,418,,0,ERROR,,,,,,,,,,,,,,,,,,,,,,,,,,,,testnet autopilot lyc trade,"ambiguous function description (i.e. matches ""mintWithEth()"", ""mintWithEth(address)"") | ambiguous function description (i.e. matches ""mintWithEth()"", ""mintWithEth(address)"") (argument=""key"", value=""mintWithEth"", code=INVALID_ARGUMENT, version=6.17.0)",INVALID_ARGUMENT,
2026-09-05T04:51:10.874Z,ui,419,,0,ERROR,,,,,,,,,,,,,,,,,,,,,,,,,,,,testnet autopilot lyc trade,"ambiguous function description (i.e. matches ""mintWithEth()"", ""mintWithEth(address)"") | ambiguous function description (i.e. matches ""mintWithEth()"", ""mintWithEth(address)"") (argument=""key"", value=""mintWithEth"", code=INVALID_ARGUMENT, version=6.17.0)",INVALID_ARGUMENT,
2026-09-05T04:51:12.878Z,ui,420,,0,ERROR,,,,,,,,,,,,,,,,,,,,,,,,,,,,testnet autopilot lyc trade,"ambiguous function description (i.e. matches ""mintWithEth()"", ""mintWithEth(address)"") | ambiguous function description (i.e. matches ""mintWithEth()"", ""mintWithEth(address)"") (argument=""key"", value=""mintWithEth"", code=INVALID_ARGUMENT, version=6.17.0)",INVALID_ARGUMENT,
2026-09-05T04:51:14.867Z,ui,421,,0,ERROR,,,,,,,,,,,,,,,,,,,,,,,,,,,,testnet autopilot lyc trade,"ambiguous function description (i.e. matches ""mintWithEth()"", ""mintWithEth(address)"") | ambiguous function description (i.e. matches ""mintWithEth()"", ""mintWithEth(address)"") (argument=""key"", value=""mintWithEth"", code=INVALID_ARGUMENT, version=6.17.0)",INVALID_ARGUMENT,
2026-09-05T04:51:16.853Z,ui,422,,0,ERROR,,,,,,,,,,,,,,,,,,,,,,,,,,,,testnet autopilot lyc trade,"ambiguous function description (i.e. matches ""mintWithEth()"", ""mintWithEth(address)"") | ambiguous function description (i.e. matches ""mintWithEth()"", ""mintWithEth(address)"") (argument=""key"", value=""mintWithEth"", code=INVALID_ARGUMENT, version=6.17.0)",INVALID_ARGUMENT,
2026-09-05T04:51:18.872Z,ui,423,,0,ERROR,,,,,,,,,,,,,,,,,,,,,,,,,,,,testnet autopilot lyc trade,"ambiguous function description (i.e. matches ""mintWithEth()"", ""mintWithEth(address)"") | ambiguous function description (i.e. matches ""mintWithEth()"", ""mintWithEth(address)"") (argument=""key"", value=""mintWithEth"", code=INVALID_ARGUMENT, version=6.17.0)",INVALID_ARGUMENT,
2026-09-05T04:51:20.854Z,ui,424,,0,ERROR,,,,,,,,,,,,,,,,,,,,,,,,,,,,testnet autopilot lyc trade,"ambiguous function description (i.e. matches ""mintWithEth()"", ""mintWithEth(address)"") | ambiguous function description (i.e. matches ""mintWithEth()"", ""mintWithEth(address)"") (argument=""key"", value=""mintWithEth"", code=INVALID_ARGUMENT, version=6.17.0)",INVALID_ARGUMENT,
2026-09-05T04:51:22.860Z,ui,425,,0,ERROR,,,,,,,,,,,,,,,,,,,,,,,,,,,,testnet autopilot lyc trade,"ambiguous function description (i.e. matches ""mintWithEth()"", ""mintWithEth(address)"") | ambiguous function description (i.e. matches ""mintWithEth()"", ""mintWithEth(address)"") (argument=""key"", value=""mintWithEth"", code=INVALID_ARGUMENT, version=6.17.0)",INVALID_ARGUMENT,
2026-09-05T04:51:24.851Z,ui,426,,0,ERROR,,,,,,,,,,,,,,,,,,,,,,,,,,,,testnet autopilot lyc trade,"ambiguous function description (i.e. matches ""mintWithEth()"", ""mintWithEth(address)"") | ambiguous function description (i.e. matches ""mintWithEth()"", ""mintWithEth(address)"") (argument=""key"", value=""mintWithEth"", code=INVALID_ARGUMENT, version=6.17.0)",INVALID_ARGUMENT,
2026-09-05T04:51:26.865Z,ui,427,,0,ERROR,,,,,,,,,,,,,,,,,,,,,,,,,,,,testnet autopilot lyc trade,"ambiguous function description (i.e. matches ""mintWithEth()"", ""mintWithEth(address)"") | ambiguous function description (i.e. matches ""mintWithEth()"", ""mintWithEth(address)"") (argument=""key"", value=""mintWithEth"", code=INVALID_ARGUMENT, version=6.17.0)",INVALID_ARGUMENT,
2026-09-05T04:51:28.849Z,ui,428,,0,ERROR,,,,,,,,,,,,,,,,,,,,,,,,,,,,testnet autopilot lyc trade,"ambiguous function description (i.e. matches ""mintWithEth()"", ""mintWithEth(address)"") | ambiguous function description (i.e. matches ""mintWithEth()"", ""mintWithEth(address)"") (argument=""key"", value=""mintWithEth"", code=INVALID_ARGUMENT, version=6.17.0)",INVALID_ARGUMENT,
2026-09-05T04:51:30.849Z,ui,429,,0,ERROR,,,,,,,,,,,,,,,,,,,,,,,,,,,,testnet autopilot lyc trade,"ambiguous function description (i.e. matches ""mintWithEth()"", ""mintWithEth(address)"") | ambiguous function description (i.e. matches ""mintWithEth()"", ""mintWithEth(address)"") (argument=""key"", value=""mintWithEth"", code=INVALID_ARGUMENT, version=6.17.0)",INVALID_ARGUMENT,
2026-09-05T04:51:32.851Z,ui,430,,0,ERROR,,,,,,,,,,,,,,,,,,,,,,,,,,,,testnet autopilot lyc trade,"ambiguous function description (i.e. matches ""mintWithEth()"", ""mintWithEth(address)"") | ambiguous function description (i.e. matches ""mintWithEth()"", ""mintWithEth(address)"") (argument=""key"", value=""mintWithEth"", code=INVALID_ARGUMENT, version=6.17.0)",INVALID_ARGUMENT,
2026-09-05T04:51:53.873Z,ui,431,,0,ERROR,,,,,,,,,,,,,,,,,,,,,,,,,,,,testnet autopilot lyc trade,"ambiguous function description (i.e. matches ""mintWithEth()"", ""mintWithEth(address)"") | ambiguous function description (i.e. matches ""mintWithEth()"", ""mintWithEth(address)"") (argument=""key"", value=""mintWithEth"", code=INVALID_ARGUMENT, version=6.17.0)",INVALID_ARGUMENT,
2026-09-05T04:51:53.874Z,ui,432,,0,ERROR,,,,,,,,,,,,,,,,,,,,,,,,,,,,testnet autopilot lyc trade,"ambiguous function description (i.e. matches ""mintWithEth()"", ""mintWithEth(address)"") | ambiguous function description (i.e. matches ""mintWithEth()"", ""mintWithEth(address)"") (argument=""key"", value=""mintWithEth"", code=INVALID_ARGUMENT, version=6.17.0)",INVALID_ARGUMENT,
2026-09-05T04:52:07.869Z,ui,433,,0,ERROR,,,,,,,,,,,,,,,,,,,,,,,,,,,,testnet autopilot lyc trade,"ambiguous function description (i.e. matches ""mintWithEth()"", ""mintWithEth(address)"") | ambiguous function description (i.e. matches ""mintWithEth()"", ""mintWithEth(address)"") (argument=""key"", value=""mintWithEth"", code=INVALID_ARGUMENT, version=6.17.0)",INVALID_ARGUMENT,
2026-09-05T04:52:07.869Z,ui,434,,0,ERROR,,,,,,,,,,,,,,,,,,,,,,,,,,,,testnet autopilot lyc trade,"ambiguous function description (i.e. matches ""mintWithEth()"", ""mintWithEth(address)"") | ambiguous function description (i.e. matches ""mintWithEth()"", ""mintWithEth(address)"") (argument=""key"", value=""mintWithEth"", code=INVALID_ARGUMENT, version=6.17.0)",INVALID_ARGUMENT,
2026-09-05T04:54:19.853Z,ui,436,,0,ERROR,,,,,,,,,,,,,,,,,,,,,,,,,,,,testnet autopilot lyc trade,"ambiguous function description (i.e. matches ""mintWithEth()"", ""mintWithEth(address)"") | ambiguous function description (i.e. matches ""mintWithEth()"", ""mintWithEth(address)"") (argument=""key"", value=""mintWithEth"", code=INVALID_ARGUMENT, version=6.17.0)",INVALID_ARGUMENT,
2026-09-05T04:54:19.853Z,ui,435,,0,ERROR,,,,,,,,,,,,,,,,,,,,,,,,,,,,testnet autopilot lyc trade,"ambiguous function description (i.e. matches ""mintWithEth()"", ""mintWithEth(address)"") | ambiguous function description (i.e. matches ""mintWithEth()"", ""mintWithEth(address)"") (argument=""key"", value=""mintWithEth"", code=INVALID_ARGUMENT, version=6.17.0)",INVALID_ARGUMENT,
2026-09-05T04:55:37.867Z,ui,437,,0,ERROR,,,,,,,,,,,,,,,,,,,,,,,,,,,,testnet autopilot lyc trade,"ambiguous function description (i.e. matches ""mintWithEth()"", ""mintWithEth(address)"") | ambiguous function description (i.e. matches ""mintWithEth()"", ""mintWithEth(address)"") (argument=""key"", value=""mintWithEth"", code=INVALID_ARGUMENT, version=6.17.0)",INVALID_ARGUMENT,
2026-09-05T04:55:37.867Z,ui,438,,0,ERROR,,,,,,,,,,,,,,,,,,,,,,,,,,,,testnet autopilot lyc trade,"ambiguous function description (i.e. matches ""mintWithEth()"", ""mintWithEth(address)"") | ambiguous function description (i.e. matches ""mintWithEth()"", ""mintWithEth(address)"") (argument=""key"", value=""mintWithEth"", code=INVALID_ARGUMENT, version=6.17.0)",INVALID_ARGUMENT,
2026-09-05T04:55:49.872Z,ui,439,,0,ERROR,,,,,,,,,,,,,,,,,,,,,,,,,,,,testnet autopilot lyc trade,"ambiguous function description (i.e. matches ""mintWithEth()"", ""mintWithEth(address)"") | ambiguous function description (i.e. matches ""mintWithEth()"", ""mintWithEth(address)"") (argument=""key"", value=""mintWithEth"", code=INVALID_ARGUMENT, version=6.17.0)",INVALID_ARGUMENT,
2026-09-05T04:55:49.873Z,ui,440,,0,ERROR,,,,,,,,,,,,,,,,,,,,,,,,,,,,testnet autopilot lyc trade,"ambiguous function description (i.e. matches ""mintWithEth()"", ""mintWithEth(address)"") | ambiguous function description (i.e. matches ""mintWithEth()"", ""mintWithEth(address)"") (argument=""key"", value=""mintWithEth"", code=INVALID_ARGUMENT, version=6.17.0)",INVALID_ARGUMENT,
2026-09-05T04:57:19.888Z,ui,441,,0,ERROR,,,,,,,,,,,,,,,,,,,,,,,,,,,,testnet autopilot lyc trade,"ambiguous function description (i.e. matches ""mintWithEth()"", ""mintWithEth(address)"") | ambiguous function description (i.e. matches ""mintWithEth()"", ""mintWithEth(address)"") (argument=""key"", value=""mintWithEth"", code=INVALID_ARGUMENT, version=6.17.0)",INVALID_ARGUMENT,
2026-09-05T04:57:19.888Z,ui,442,,0,ERROR,,,,,,,,,,,,,,,,,,,,,,,,,,,,testnet autopilot lyc trade,"ambiguous function description (i.e. matches ""mintWithEth()"", ""mintWithEth(address)"") | ambiguous function description (i.e. matches ""mintWithEth()"", ""mintWithEth(address)"") (argument=""key"", value=""mintWithEth"", code=INVALID_ARGUMENT, version=6.17.0)",INVALID_ARGUMENT,
2026-09-05T04:59:21.882Z,ui,443,,0,ERROR,,,,,,,,,,,,,,,,,,,,,,,,,,,,testnet autopilot lyc trade,"ambiguous function description (i.e. matches ""mintWithEth()"", ""mintWithEth(address)"") | ambiguous function description (i.e. matches ""mintWithEth()"", ""mintWithEth(address)"") (argument=""key"", value=""mintWithEth"", code=INVALID_ARGUMENT, version=6.17.0)",INVALID_ARGUMENT,
2026-09-05T04:59:21.882Z,ui,444,,0,ERROR,,,,,,,,,,,,,,,,,,,,,,,,,,,,testnet autopilot lyc trade,"ambiguous function description (i.e. matches ""mintWithEth()"", ""mintWithEth(address)"") | ambiguous function description (i.e. matches ""mintWithEth()"", ""mintWithEth(address)"") (argument=""key"", value=""mintWithEth"", code=INVALID_ARGUMENT, version=6.17.0)",INVALID_ARGUMENT,
2026-09-05T04:59:34.870Z,ui,446,,0,ERROR,,,,,,,,,,,,,,,,,,,,,,,,,,,,testnet autopilot lyc trade,"ambiguous function description (i.e. matches ""mintWithEth()"", ""mintWithEth(address)"") | ambiguous function description (i.e. matches ""mintWithEth()"", ""mintWithEth(address)"") (argument=""key"", value=""mintWithEth"", code=INVALID_ARGUMENT, version=6.17.0)",INVALID_ARGUMENT,
2026-09-05T04:59:34.870Z,ui,445,,0,ERROR,,,,,,,,,,,,,,,,,,,,,,,,,,,,testnet autopilot lyc trade,"ambiguous function description (i.e. matches ""mintWithEth()"", ""mintWithEth(address)"") | ambiguous function description (i.e. matches ""mintWithEth()"", ""mintWithEth(address)"") (argument=""key"", value=""mintWithEth"", code=INVALID_ARGUMENT, version=6.17.0)",INVALID_ARGUMENT,
2026-09-05T05:00:19.880Z,ui,447,,0,ERROR,,,,,,,,,,,,,,,,,,,,,,,,,,,,testnet autopilot lyc trade,"ambiguous function description (i.e. matches ""mintWithEth()"", ""mintWithEth(address)"") | ambiguous function description (i.e. matches ""mintWithEth()"", ""mintWithEth(address)"") (argument=""key"", value=""mintWithEth"", code=INVALID_ARGUMENT, version=6.17.0)",INVALID_ARGUMENT,
2026-09-05T05:00:19.880Z,ui,448,,0,ERROR,,,,,,,,,,,,,,,,,,,,,,,,,,,,testnet autopilot lyc trade,"ambiguous function description (i.e. matches ""mintWithEth()"", ""mintWithEth(address)"") | ambiguous function description (i.e. matches ""mintWithEth()"", ""mintWithEth(address)"") (argument=""key"", value=""mintWithEth"", code=INVALID_ARGUMENT, version=6.17.0)",INVALID_ARGUMENT,
2026-09-05T05:03:19.882Z,ui,449,,0,ERROR,,,,,,,,,,,,,,,,,,,,,,,,,,,,testnet autopilot lyc trade,"ambiguous function description (i.e. matches ""mintWithEth()"", ""mintWithEth(address)"") | ambiguous function description (i.e. matches ""mintWithEth()"", ""mintWithEth(address)"") (argument=""key"", value=""mintWithEth"", code=INVALID_ARGUMENT, version=6.17.0)",INVALID_ARGUMENT,
2026-09-05T05:03:19.882Z,ui,450,,0,ERROR,,,,,,,,,,,,,,,,,,,,,,,,,,,,testnet autopilot lyc trade,"ambiguous function description (i.e. matches ""mintWithEth()"", ""mintWithEth(address)"") | ambiguous function description (i.e. matches ""mintWithEth()"", ""mintWithEth(address)"") (argument=""key"", value=""mintWithEth"", code=INVALID_ARGUMENT, version=6.17.0)",INVALID_ARGUMENT,
2026-09-05T05:03:28.931Z,ui,451,,0,ERROR,,,,,,,,,,,,,,,,,,,,,,,,,,,,testnet autopilot lyc trade,"ambiguous function description (i.e. matches ""mintWithEth()"", ""mintWithEth(address)"") | ambiguous function description (i.e. matches ""mintWithEth()"", ""mintWithEth(address)"") (argument=""key"", value=""mintWithEth"", code=INVALID_ARGUMENT, version=6.17.0)",INVALID_ARGUMENT,
2026-09-05T05:03:28.931Z,ui,452,,0,ERROR,,,,,,,,,,,,,,,,,,,,,,,,,,,,testnet autopilot lyc trade,"ambiguous function description (i.e. matches ""mintWithEth()"", ""mintWithEth(address)"") | ambiguous function description (i.e. matches ""mintWithEth()"", ""mintWithEth(address)"") (argument=""key"", value=""mintWithEth"", code=INVALID_ARGUMENT, version=6.17.0)",INVALID_ARGUMENT,
2026-09-05T05:03:41.113Z,ui,454,,0,ERROR,,,,,,,,,,,,,,,,,,,,,,,,,,,,testnet autopilot lyc trade,"ambiguous function description (i.e. matches ""mintWithEth()"", ""mintWithEth(address)"") | ambiguous function description (i.e. matches ""mintWithEth()"", ""mintWithEth(address)"") (argument=""key"", value=""mintWithEth"", code=INVALID_ARGUMENT, version=6.17.0)",INVALID_ARGUMENT,
2026-09-05T05:03:41.109Z,ui,453,,0,ERROR,,,,,,,,,,,,,,,,,,,,,,,,,,,,testnet autopilot lyc trade,"ambiguous function description (i.e. matches ""mintWithEth()"", ""mintWithEth(address)"") | ambiguous function description (i.e. matches ""mintWithEth()"", ""mintWithEth(address)"") (argument=""key"", value=""mintWithEth"", code=INVALID_ARGUMENT, version=6.17.0)",INVALID_ARGUMENT,
2026-09-05T05:06:20.049Z,ui,455,,0,ERROR,,,,,,,,,,,,,,,,,,,,,,,,,,,,testnet autopilot lyc trade,"ambiguous function description (i.e. matches ""mintWithEth()"", ""mintWithEth(address)"") | ambiguous function description (i.e. matches ""mintWithEth()"", ""mintWithEth(address)"") (argument=""key"", value=""mintWithEth"", code=INVALID_ARGUMENT, version=6.17.0)",INVALID_ARGUMENT,
2026-09-05T05:06:20.049Z,ui,456,,0,ERROR,,,,,,,,,,,,,,,,,,,,,,,,,,,,testnet autopilot lyc trade,"ambiguous function description (i.e. matches ""mintWithEth()"", ""mintWithEth(address)"") | ambiguous function description (i.e. matches ""mintWithEth()"", ""mintWithEth(address)"") (argument=""key"", value=""mintWithEth"", code=INVALID_ARGUMENT, version=6.17.0)",INVALID_ARGUMENT,
2026-09-05T05:07:27.992Z,ui,457,,0,ERROR,,,,,,,,,,,,,,,,,,,,,,,,,,,,testnet autopilot lyc trade,"ambiguous function description (i.e. matches ""mintWithEth()"", ""mintWithEth(address)"") | ambiguous function description (i.e. matches ""mintWithEth()"", ""mintWithEth(address)"") (argument=""key"", value=""mintWithEth"", code=INVALID_ARGUMENT, version=6.17.0)",INVALID_ARGUMENT,
2026-09-05T05:07:27.992Z,ui,458,,0,ERROR,,,,,,,,,,,,,,,,,,,,,,,,,,,,testnet autopilot lyc trade,"ambiguous function description (i.e. matches ""mintWithEth()"", ""mintWithEth(address)"") | ambiguous function description (i.e. matches ""mintWithEth()"", ""mintWithEth(address)"") (argument=""key"", value=""mintWithEth"", code=INVALID_ARGUMENT, version=6.17.0)",INVALID_ARGUMENT,
2026-09-05T05:07:40.981Z,ui,459,,0,ERROR,,,,,,,,,,,,,,,,,,,,,,,,,,,,testnet autopilot lyc trade,"ambiguous function description (i.e. matches ""mintWithEth()"", ""mintWithEth(address)"") | ambiguous function description (i.e. matches ""mintWithEth()"", ""mintWithEth(address)"") (argument=""key"", value=""mintWithEth"", code=INVALID_ARGUMENT, version=6.17.0)",INVALID_ARGUMENT,
2026-09-05T05:07:40.981Z,ui,460,,0,ERROR,,,,,,,,,,,,,,,,,,,,,,,,,,,,testnet autopilot lyc trade,"ambiguous function description (i.e. matches ""mintWithEth()"", ""mintWithEth(address)"") | ambiguous function description (i.e. matches ""mintWithEth()"", ""mintWithEth(address)"") (argument=""key"", value=""mintWithEth"", code=INVALID_ARGUMENT, version=6.17.0)",INVALID_ARGUMENT,
2026-09-05T05:08:40.679Z,ui,462,,0,ERROR,,,,,,,,,,,,,,,,,,,,,,,,,,,,testnet autopilot lyc trade,"ambiguous function description (i.e. matches ""mintWithEth()"", ""mintWithEth(address)"") | ambiguous function description (i.e. matches ""mintWithEth()"", ""mintWithEth(address)"") (argument=""key"", value=""mintWithEth"", code=INVALID_ARGUMENT, version=6.17.0)",INVALID_ARGUMENT,
2026-09-05T05:08:40.678Z,ui,461,,0,ERROR,,,,,,,,,,,,,,,,,,,,,,,,,,,,testnet autopilot lyc trade,"ambiguous function description (i.e. matches ""mintWithEth()"", ""mintWithEth(address)"") | ambiguous function description (i.e. matches ""mintWithEth()"", ""mintWithEth(address)"") (argument=""key"", value=""mintWithEth"", code=INVALID_ARGUMENT, version=6.17.0)",INVALID_ARGUMENT,
2026-09-05T05:08:48.528Z,ui,463,,0,ERROR,,,,,,,,,,,,,,,,,,,,,,,,,,,,testnet autopilot lyc trade,"ambiguous function description (i.e. matches ""mintWithEth()"", ""mintWithEth(address)"") | ambiguous function description (i.e. matches ""mintWithEth()"", ""mintWithEth(address)"") (argument=""key"", value=""mintWithEth"", code=INVALID_ARGUMENT, version=6.17.0)",INVALID_ARGUMENT,
2026-09-05T05:08:48.528Z,ui,464,,0,ERROR,,,,,,,,,,,,,,,,,,,,,,,,,,,,testnet autopilot lyc trade,"ambiguous function description (i.e. matches ""mintWithEth()"", ""mintWithEth(address)"") | ambiguous function description (i.e. matches ""mintWithEth()"", ""mintWithEth(address)"") (argument=""key"", value=""mintWithEth"", code=INVALID_ARGUMENT, version=6.17.0)",INVALID_ARGUMENT,
